entity_id,state,last_changed
sensor.11_varmepumpe32a_active_power,2833.4981576288887,2024-12-31T23:00:00.000Z
sensor.11_varmepumpe32a_active_power,3002.0274847966666,2025-01-01T00:00:00.000Z
sensor.11_varmepumpe32a_active_power,2930.7349388952775,2025-01-01T01:00:00.000Z
sensor.11_varmepumpe32a_active_power,2864.4380272680555,2025-01-01T02:00:00.000Z
sensor.11_varmepumpe32a_active_power,4564.030181708055,2025-01-01T03:00:00.000Z
sensor.11_varmepumpe32a_active_power,2866.666318004167,2025-01-01T04:00:00.000Z
sensor.11_varmepumpe32a_active_power,3102.9031276219443,2025-01-01T05:00:00.000Z
sensor.11_varmepumpe32a_active_power,3142.8463823224997,2025-01-01T06:00:00.000Z
sensor.11_varmepumpe32a_active_power,3275.567062541389,2025-01-01T07:00:00.000Z
sensor.11_varmepumpe32a_active_power,3129.7839344944446,2025-01-01T08:00:00.000Z
sensor.11_varmepumpe32a_active_power,25.639583545555556,2025-01-01T09:00:00.000Z
sensor.11_varmepumpe32a_active_power,3566.163003853611,2025-01-01T10:00:00.000Z
sensor.11_varmepumpe32a_active_power,3187.826488174445,2025-01-01T11:00:00.000Z
sensor.11_varmepumpe32a_active_power,1504.610521580278,2025-01-01T12:00:00.000Z
sensor.11_varmepumpe32a_active_power,3263.3838560797226,2025-01-01T13:00:00.000Z
sensor.11_varmepumpe32a_active_power,2927.403527308889,2025-01-01T14:00:00.000Z
sensor.11_varmepumpe32a_active_power,260.24080750722226,2025-01-01T15:00:00.000Z
sensor.11_varmepumpe32a_active_power,3912.173233217222,2025-01-01T16:00:00.000Z
sensor.11_varmepumpe32a_active_power,3279.6121461794446,2025-01-01T17:00:00.000Z
sensor.11_varmepumpe32a_active_power,3053.3959185725,2025-01-01T18:00:00.000Z
sensor.11_varmepumpe32a_active_power,2863.0747564744447,2025-01-01T19:00:00.000Z
sensor.11_varmepumpe32a_active_power,2631.7770132919445,2025-01-01T20:00:00.000Z
sensor.11_varmepumpe32a_active_power,2496.2717530119444,2025-01-01T21:00:00.000Z
sensor.11_varmepumpe32a_active_power,2818.142662659722,2025-01-01T22:00:00.000Z
sensor.11_varmepumpe32a_active_power,3774.1133437297226,2025-01-01T23:00:00.000Z
sensor.11_varmepumpe32a_active_power,3015.6312732522224,2025-01-02T00:00:00.000Z
sensor.11_varmepumpe32a_active_power,4267.105851853334,2025-01-02T01:00:00.000Z
sensor.11_varmepumpe32a_active_power,3867.717542178889,2025-01-02T02:00:00.000Z
sensor.11_varmepumpe32a_active_power,3393.9421049169446,2025-01-02T03:00:00.000Z
sensor.11_varmepumpe32a_active_power,3565.1516077966667,2025-01-02T04:00:00.000Z
sensor.11_varmepumpe32a_active_power,4843.274059924445,2025-01-02T05:00:00.000Z
sensor.11_varmepumpe32a_active_power,4968.594385549722,2025-01-02T06:00:00.000Z
sensor.11_varmepumpe32a_active_power,4917.742200539999,2025-01-02T07:00:00.000Z
sensor.11_varmepumpe32a_active_power,4932.355337728056,2025-01-02T08:00:00.000Z
sensor.11_varmepumpe32a_active_power,42.182082826666665,2025-01-02T09:00:00.000Z
sensor.11_varmepumpe32a_active_power,33.00363806027777,2025-01-02T10:00:00.000Z
sensor.11_varmepumpe32a_active_power,3368.776384936667,2025-01-02T11:00:00.000Z
sensor.11_varmepumpe32a_active_power,2989.507801053889,2025-01-02T12:00:00.000Z
sensor.11_varmepumpe32a_active_power,4305.324268857222,2025-01-02T13:00:00.000Z
sensor.11_varmepumpe32a_active_power,4111.626389425278,2025-01-02T14:00:00.000Z
sensor.11_varmepumpe32a_active_power,4180.840989864167,2025-01-02T15:00:00.000Z
sensor.11_varmepumpe32a_active_power,1166.849920578611,2025-01-02T16:00:00.000Z
sensor.11_varmepumpe32a_active_power,42.14969004472222,2025-01-02T17:00:00.000Z
sensor.11_varmepumpe32a_active_power,92.69346713305555,2025-01-02T18:00:00.000Z
sensor.11_varmepumpe32a_active_power,2569.102178941111,2025-01-02T19:00:00.000Z
sensor.11_varmepumpe32a_active_power,4391.075426468611,2025-01-02T20:00:00.000Z
sensor.11_varmepumpe32a_active_power,4434.586148098056,2025-01-02T21:00:00.000Z
sensor.11_varmepumpe32a_active_power,4877.9052211944445,2025-01-02T22:00:00.000Z
sensor.11_varmepumpe32a_active_power,4582.920189903333,2025-01-02T23:00:00.000Z
sensor.11_varmepumpe32a_active_power,4431.780740087777,2025-01-03T00:00:00.000Z
sensor.11_varmepumpe32a_active_power,3779.6263635322225,2025-01-03T01:00:00.000Z
sensor.11_varmepumpe32a_active_power,3348.4401112969445,2025-01-03T02:00:00.000Z
sensor.11_varmepumpe32a_active_power,2630.2514796705555,2025-01-03T03:00:00.000Z
sensor.11_varmepumpe32a_active_power,3161.935436272222,2025-01-03T04:00:00.000Z
sensor.11_varmepumpe32a_active_power,4086.604421156111,2025-01-03T05:00:00.000Z
sensor.11_varmepumpe32a_active_power,4126.814198436667,2025-01-03T06:00:00.000Z
sensor.11_varmepumpe32a_active_power,3135.2379577425004,2025-01-03T07:00:00.000Z
sensor.11_varmepumpe32a_active_power,3119.7463096780557,2025-01-03T08:00:00.000Z
sensor.11_varmepumpe32a_active_power,36.70616138305556,2025-01-03T09:00:00.000Z
sensor.11_varmepumpe32a_active_power,9.958382060277778,2025-01-03T10:00:00.000Z
sensor.11_varmepumpe32a_active_power,3407.601666578333,2025-01-03T11:00:00.000Z
sensor.11_varmepumpe32a_active_power,1291.6865164055555,2025-01-03T12:00:00.000Z
sensor.11_varmepumpe32a_active_power,3461.6374014619446,2025-01-03T13:00:00.000Z
sensor.11_varmepumpe32a_active_power,2743.382234564167,2025-01-03T14:00:00.000Z
sensor.11_varmepumpe32a_active_power,2724.2420868505556,2025-01-03T15:00:00.000Z
sensor.11_varmepumpe32a_active_power,3080.241026596667,2025-01-03T16:00:00.000Z
sensor.11_varmepumpe32a_active_power,28.332964351666664,2025-01-03T17:00:00.000Z
sensor.11_varmepumpe32a_active_power,36.36240087777778,2025-01-03T18:00:00.000Z
sensor.11_varmepumpe32a_active_power,4065.2215553075002,2025-01-03T19:00:00.000Z
sensor.11_varmepumpe32a_active_power,3532.1238553030557,2025-01-03T20:00:00.000Z
sensor.11_varmepumpe32a_active_power,4158.452462895833,2025-01-03T21:00:00.000Z
sensor.11_varmepumpe32a_active_power,4711.473011160278,2025-01-03T22:00:00.000Z
sensor.11_varmepumpe32a_active_power,3719.7003266366664,2025-01-03T23:00:00.000Z
sensor.11_varmepumpe32a_active_power,4396.717677656944,2025-01-04T00:00:00.000Z
sensor.11_varmepumpe32a_active_power,3880.0033514075,2025-01-04T01:00:00.000Z
sensor.11_varmepumpe32a_active_power,3902.3337276719444,2025-01-04T02:00:00.000Z
sensor.11_varmepumpe32a_active_power,3550.9124555397225,2025-01-04T03:00:00.000Z
sensor.11_varmepumpe32a_active_power,4328.002699893334,2025-01-04T04:00:00.000Z
sensor.11_varmepumpe32a_active_power,3729.7080261933334,2025-01-04T05:00:00.000Z
sensor.11_varmepumpe32a_active_power,3628.9551216902782,2025-01-04T06:00:00.000Z
sensor.11_varmepumpe32a_active_power,4055.5381483441665,2025-01-04T07:00:00.000Z
sensor.11_varmepumpe32a_active_power,4980.420407948333,2025-01-04T08:00:00.000Z
sensor.11_varmepumpe32a_active_power,3762.7903462233335,2025-01-04T09:00:00.000Z
sensor.11_varmepumpe32a_active_power,5184.8695263237005,2025-01-04T10:00:00.000Z
sensor.11_varmepumpe32a_active_power,4891.211346251389,2025-01-04T11:00:00.000Z
sensor.11_varmepumpe32a_active_power,4858.195981627222,2025-01-04T12:00:00.000Z
sensor.11_varmepumpe32a_active_power,2896.037819784722,2025-01-04T13:00:00.000Z
sensor.11_varmepumpe32a_active_power,799.959214435,2025-01-04T14:00:00.000Z
sensor.11_varmepumpe32a_active_power,615.2119676083333,2025-01-04T15:00:00.000Z
sensor.11_varmepumpe32a_active_power,89.38838469375769,2025-01-04T16:00:00.000Z
sensor.11_varmepumpe32a_active_power,61.933280355833325,2025-01-04T17:00:00.000Z
sensor.11_varmepumpe32a_active_power,1577.7594647463886,2025-01-04T18:00:00.000Z
sensor.11_varmepumpe32a_active_power,5137.854541829723,2025-01-04T19:00:00.000Z
sensor.11_varmepumpe32a_active_power,3804.4010182533334,2025-01-04T20:00:00.000Z
sensor.11_varmepumpe32a_active_power,4459.4982695369445,2025-01-04T21:00:00.000Z
sensor.11_varmepumpe32a_active_power,4430.215323423333,2025-01-04T22:00:00.000Z
sensor.11_varmepumpe32a_active_power,5486.1195935666665,2025-01-04T23:00:00.000Z
sensor.11_varmepumpe32a_active_power,4985.278772943889,2025-01-05T00:00:00.000Z
sensor.11_varmepumpe32a_active_power,4711.008746555278,2025-01-05T01:00:00.000Z
sensor.11_varmepumpe32a_active_power,4845.149869334722,2025-01-05T02:00:00.000Z
sensor.11_varmepumpe32a_active_power,3663.6476983525004,2025-01-05T03:00:00.000Z
sensor.11_varmepumpe32a_active_power,2866.4508016233335,2025-01-05T04:00:00.000Z
sensor.11_varmepumpe32a_active_power,5085.097804455833,2025-01-05T05:00:00.000Z
sensor.11_varmepumpe32a_active_power,5089.784831518055,2025-01-05T06:00:00.000Z
sensor.11_varmepumpe32a_active_power,4039.1838110077783,2025-01-05T07:00:00.000Z
sensor.11_varmepumpe32a_active_power,40.93905075916666,2025-01-05T08:00:00.000Z
sensor.11_varmepumpe32a_active_power,28.537605066666668,2025-01-05T09:00:00.000Z
sensor.11_varmepumpe32a_active_power,4543.681769540278,2025-01-05T10:00:00.000Z
sensor.11_varmepumpe32a_active_power,4442.646916247222,2025-01-05T11:00:00.000Z
sensor.11_varmepumpe32a_active_power,4619.407715168333,2025-01-05T12:00:00.000Z
sensor.11_varmepumpe32a_active_power,5467.684196258611,2025-01-05T13:00:00.000Z
sensor.11_varmepumpe32a_active_power,4777.938032214445,2025-01-05T14:00:00.000Z
sensor.11_varmepumpe32a_active_power,2707.8111739133333,2025-01-05T15:00:00.000Z
sensor.11_varmepumpe32a_active_power,2875.783789915,2025-01-05T16:00:00.000Z
sensor.11_varmepumpe32a_active_power,17.76007029611111,2025-01-05T17:00:00.000Z
sensor.11_varmepumpe32a_active_power,30.51927520916667,2025-01-05T18:00:00.000Z
sensor.11_varmepumpe32a_active_power,3440.979839583333,2025-01-05T19:00:00.000Z
sensor.11_varmepumpe32a_active_power,4305.047579129722,2025-01-05T20:00:00.000Z
sensor.11_varmepumpe32a_active_power,3956.1031282466665,2025-01-05T21:00:00.000Z
sensor.11_varmepumpe32a_active_power,4445.932491989722,2025-01-05T22:00:00.000Z
sensor.11_varmepumpe32a_active_power,3686.9046504777702,2025-01-05T23:00:00.000Z
sensor.11_varmepumpe32a_active_power,3554.527873918056,2025-01-06T00:00:00.000Z
sensor.11_varmepumpe32a_active_power,3737.5003432736116,2025-01-06T01:00:00.000Z
sensor.11_varmepumpe32a_active_power,3832.6711723597223,2025-01-06T02:00:00.000Z
sensor.11_varmepumpe32a_active_power,3789.4203672419444,2025-01-06T03:00:00.000Z
sensor.11_varmepumpe32a_active_power,3706.860608682222,2025-01-06T04:00:00.000Z
sensor.11_varmepumpe32a_active_power,3346.1315357474996,2025-01-06T05:00:00.000Z
sensor.11_varmepumpe32a_active_power,4132.289705636945,2025-01-06T06:00:00.000Z
sensor.11_varmepumpe32a_active_power,3365.5532301122225,2025-01-06T07:00:00.000Z
sensor.11_varmepumpe32a_active_power,47.84445388500001,2025-01-06T08:00:00.000Z
sensor.11_varmepumpe32a_active_power,43.00601879194445,2025-01-06T09:00:00.000Z
sensor.11_varmepumpe32a_active_power,3399.465271555,2025-01-06T10:00:00.000Z
sensor.11_varmepumpe32a_active_power,4526.611655429722,2025-01-06T11:00:00.000Z
sensor.11_varmepumpe32a_active_power,3678.6521655516667,2025-01-06T12:00:00.000Z
sensor.11_varmepumpe32a_active_power,3523.8350586975,2025-01-06T13:00:00.000Z
sensor.11_varmepumpe32a_active_power,3269.0140606641667,2025-01-06T14:00:00.000Z
sensor.11_varmepumpe32a_active_power,1736.2118208591664,2025-01-06T15:00:00.000Z
sensor.11_varmepumpe32a_active_power,3439.754699358611,2025-01-06T16:00:00.000Z
sensor.11_varmepumpe32a_active_power,2157.732026003889,2025-01-06T17:00:00.000Z
sensor.11_varmepumpe32a_active_power,2008.609302663889,2025-01-06T18:00:00.000Z
sensor.11_varmepumpe32a_active_power,2373.8024118425,2025-01-06T19:00:00.000Z
sensor.11_varmepumpe32a_active_power,2245.8583323852777,2025-01-06T20:00:00.000Z
sensor.11_varmepumpe32a_active_power,2857.294124667778,2025-01-06T21:00:00.000Z
sensor.11_varmepumpe32a_active_power,3468.792029646667,2025-01-06T22:00:00.000Z
sensor.11_varmepumpe32a_active_power,3465.7068637575,2025-01-06T23:00:00.000Z
sensor.11_varmepumpe32a_active_power,2373.1279706522223,2025-01-07T00:00:00.000Z
sensor.11_varmepumpe32a_active_power,2493.7018403605557,2025-01-07T01:00:00.000Z
sensor.11_varmepumpe32a_active_power,1976.6027417716666,2025-01-07T02:00:00.000Z
sensor.11_varmepumpe32a_active_power,1769.4832385194443,2025-01-07T03:00:00.000Z
sensor.11_varmepumpe32a_active_power,1728.9492856972222,2025-01-07T04:00:00.000Z
sensor.11_varmepumpe32a_active_power,1806.8787265961112,2025-01-07T05:00:00.000Z
sensor.11_varmepumpe32a_active_power,1540.5931498069447,2025-01-07T06:00:00.000Z
sensor.11_varmepumpe32a_active_power,1835.8991005197222,2025-01-07T07:00:00.000Z
sensor.11_varmepumpe32a_active_power,599.7445557297223,2025-01-07T08:00:00.000Z
sensor.11_varmepumpe32a_active_power,2973.8259165208333,2025-01-07T09:00:00.000Z
sensor.11_varmepumpe32a_active_power,2314.034138366111,2025-01-07T10:00:00.000Z
sensor.11_varmepumpe32a_active_power,1970.5907247019443,2025-01-07T11:00:00.000Z
sensor.11_varmepumpe32a_active_power,2219.278310445,2025-01-07T12:00:00.000Z
sensor.11_varmepumpe32a_active_power,1427.4498928577777,2025-01-07T13:00:00.000Z
sensor.11_varmepumpe32a_active_power,1817.0027910855554,2025-01-07T14:00:00.000Z
sensor.11_varmepumpe32a_active_power,1552.7609403766667,2025-01-07T15:00:00.000Z
sensor.11_varmepumpe32a_active_power,1854.7958113430557,2025-01-07T16:00:00.000Z
sensor.11_varmepumpe32a_active_power,1675.7253599447222,2025-01-07T17:00:00.000Z
sensor.11_varmepumpe32a_active_power,1447.9199953519444,2025-01-07T18:00:00.000Z
sensor.11_varmepumpe32a_active_power,1837.1980428722225,2025-01-07T19:00:00.000Z
sensor.11_varmepumpe32a_active_power,3364.923157678611,2025-01-07T20:00:00.000Z
sensor.11_varmepumpe32a_active_power,2139.8988644802776,2025-01-07T21:00:00.000Z
sensor.11_varmepumpe32a_active_power,1799.0889710058334,2025-01-07T22:00:00.000Z
sensor.11_varmepumpe32a_active_power,1478.3638055580557,2025-01-07T23:00:00.000Z
sensor.11_varmepumpe32a_active_power,1590.7056385588892,2025-01-08T00:00:00.000Z
sensor.11_varmepumpe32a_active_power,2140.5689329794445,2025-01-08T01:00:00.000Z
sensor.11_varmepumpe32a_active_power,1625.6187720269445,2025-01-08T02:00:00.000Z
sensor.11_varmepumpe32a_active_power,2608.3358647688888,2025-01-08T03:00:00.000Z
sensor.11_varmepumpe32a_active_power,3025.687297581389,2025-01-08T04:00:00.000Z
sensor.11_varmepumpe32a_active_power,2503.24889734,2025-01-08T05:00:00.000Z
sensor.11_varmepumpe32a_active_power,3408.5134654563885,2025-01-08T06:00:00.000Z
sensor.11_varmepumpe32a_active_power,2378.8167165083332,2025-01-08T07:00:00.000Z
sensor.11_varmepumpe32a_active_power,22.50558088138889,2025-01-08T08:00:00.000Z
sensor.11_varmepumpe32a_active_power,2668.5094825088886,2025-01-08T09:00:00.000Z
sensor.11_varmepumpe32a_active_power,2330.4235818869442,2025-01-08T10:00:00.000Z
sensor.11_varmepumpe32a_active_power,2840.297828546944,2025-01-08T11:00:00.000Z
sensor.11_varmepumpe32a_active_power,2850.34999595,2025-01-08T12:00:00.000Z
sensor.11_varmepumpe32a_active_power,2574.499148329722,2025-01-08T13:00:00.000Z
sensor.11_varmepumpe32a_active_power,2345.96803453,2025-01-08T14:00:00.000Z
sensor.11_varmepumpe32a_active_power,2121.1637879522223,2025-01-08T15:00:00.000Z
sensor.11_varmepumpe32a_active_power,2053.4402823875002,2025-01-08T16:00:00.000Z
sensor.11_varmepumpe32a_active_power,14.846008206111113,2025-01-08T17:00:00.000Z
sensor.11_varmepumpe32a_active_power,234.35276364222224,2025-01-08T18:00:00.000Z
sensor.11_varmepumpe32a_active_power,3409.5017569397223,2025-01-08T19:00:00.000Z
sensor.11_varmepumpe32a_active_power,2483.020673865,2025-01-08T20:00:00.000Z
sensor.11_varmepumpe32a_active_power,2441.7680283397226,2025-01-08T21:00:00.000Z
sensor.11_varmepumpe32a_active_power,2494.842770903889,2025-01-08T22:00:00.000Z
sensor.11_varmepumpe32a_active_power,357.6173228258333,2025-01-08T23:00:00.000Z
sensor.11_varmepumpe32a_active_power,3044.041056295278,2025-01-09T00:00:00.000Z
sensor.11_varmepumpe32a_active_power,1938.194253552222,2025-01-09T01:00:00.000Z
sensor.11_varmepumpe32a_active_power,2593.5306924330557,2025-01-09T02:00:00.000Z
sensor.11_varmepumpe32a_active_power,2630.9545942730556,2025-01-09T03:00:00.000Z
sensor.11_varmepumpe32a_active_power,2465.8370901972226,2025-01-09T04:00:00.000Z
sensor.11_varmepumpe32a_active_power,2723.5854576216666,2025-01-09T05:00:00.000Z
sensor.11_varmepumpe32a_active_power,3497.1370839038887,2025-01-09T06:00:00.000Z
sensor.11_varmepumpe32a_active_power,2709.369663621111,2025-01-09T07:00:00.000Z
sensor.11_varmepumpe32a_active_power,62.08259868722223,2025-01-09T08:00:00.000Z
sensor.11_varmepumpe32a_active_power,12.743513069722221,2025-01-09T09:00:00.000Z
sensor.11_varmepumpe32a_active_power,3187.480208084167,2025-01-09T10:00:00.000Z
sensor.11_varmepumpe32a_active_power,2518.739935971389,2025-01-09T11:00:00.000Z
sensor.11_varmepumpe32a_active_power,3515.385895599444,2025-01-09T12:00:00.000Z
sensor.11_varmepumpe32a_active_power,2637.15362554,2025-01-09T13:00:00.000Z
sensor.11_varmepumpe32a_active_power,2777.3726867861114,2025-01-09T14:00:00.000Z
sensor.11_varmepumpe32a_active_power,2491.4853936794443,2025-01-09T15:00:00.000Z
sensor.11_varmepumpe32a_active_power,2318.454422356389,2025-01-09T16:00:00.000Z
sensor.11_varmepumpe32a_active_power,25.940326986388886,2025-01-09T17:00:00.000Z
sensor.11_varmepumpe32a_active_power,37.76517073333333,2025-01-09T18:00:00.000Z
sensor.11_varmepumpe32a_active_power,1907.5883529372222,2025-01-09T19:00:00.000Z
sensor.11_varmepumpe32a_active_power,2638.623299325833,2025-01-09T20:00:00.000Z
sensor.11_varmepumpe32a_active_power,2454.3072542075,2025-01-09T21:00:00.000Z
sensor.11_varmepumpe32a_active_power,2763.9746890372226,2025-01-09T22:00:00.000Z
sensor.11_varmepumpe32a_active_power,3325.082348684722,2025-01-09T23:00:00.000Z
sensor.11_varmepumpe32a_active_power,2597.6332923922223,2025-01-10T00:00:00.000Z
sensor.11_varmepumpe32a_active_power,2458.532831383334,2025-01-10T01:00:00.000Z
sensor.11_varmepumpe32a_active_power,2817.643091504974,2025-01-10T07:00:00.000Z
sensor.11_varmepumpe32a_active_power,19.890618159722226,2025-01-10T08:00:00.000Z
sensor.11_varmepumpe32a_active_power,39.32223957833333,2025-01-10T09:00:00.000Z
sensor.11_varmepumpe32a_active_power,3401.7612591402776,2025-01-10T10:00:00.000Z
sensor.11_varmepumpe32a_active_power,2921.6387563802778,2025-01-10T11:00:00.000Z
sensor.11_varmepumpe32a_active_power,2362.6673960677776,2025-01-10T12:00:00.000Z
sensor.11_varmepumpe32a_active_power,18.80037221916667,2025-01-10T13:00:00.000Z
sensor.11_varmepumpe32a_active_power,423.012234685,2025-01-10T14:00:00.000Z
sensor.11_varmepumpe32a_active_power,1913.554203709722,2025-01-10T15:00:00.000Z
sensor.11_varmepumpe32a_active_power,2668.7214448874997,2025-01-10T16:00:00.000Z
sensor.11_varmepumpe32a_active_power,41.26581712833334,2025-01-10T17:00:00.000Z
sensor.11_varmepumpe32a_active_power,61.865298061666664,2025-01-10T18:00:00.000Z
sensor.11_varmepumpe32a_active_power,2391.292746776389,2025-01-10T19:00:00.000Z
sensor.11_varmepumpe32a_active_power,3052.441329747778,2025-01-10T20:00:00.000Z
sensor.11_varmepumpe32a_active_power,3487.428769750278,2025-01-10T21:00:00.000Z
sensor.11_varmepumpe32a_active_power,3252.1399497469447,2025-01-10T22:00:00.000Z
sensor.11_varmepumpe32a_active_power,3671.824919294444,2025-01-10T23:00:00.000Z
sensor.11_varmepumpe32a_active_power,3418.1033182711108,2025-01-11T00:00:00.000Z
sensor.11_varmepumpe32a_active_power,3782.2567628055554,2025-01-11T01:00:00.000Z
sensor.11_varmepumpe32a_active_power,4222.419971363611,2025-01-11T02:00:00.000Z
sensor.11_varmepumpe32a_active_power,3951.849890672778,2025-01-11T03:00:00.000Z
sensor.11_varmepumpe32a_active_power,3446.725935973333,2025-01-11T04:00:00.000Z
sensor.11_varmepumpe32a_active_power,4126.886267358056,2025-01-11T05:00:00.000Z
sensor.11_varmepumpe32a_active_power,5007,2025-01-11T06:00:00.000Z
sensor.11_varmepumpe32a_active_power,5007,2025-01-11T07:00:00.000Z
sensor.11_varmepumpe32a_active_power,4512.2839181183335,2025-01-11T10:00:00.000Z
sensor.11_varmepumpe32a_active_power,1987.6965991708332,2025-01-11T11:00:00.000Z
sensor.11_varmepumpe32a_active_power,1820.2174604669444,2025-01-11T12:00:00.000Z
sensor.11_varmepumpe32a_active_power,1700.0808271858332,2025-01-11T13:00:00.000Z
sensor.11_varmepumpe32a_active_power,1976.3169406091665,2025-01-11T14:00:00.000Z
sensor.11_varmepumpe32a_active_power,1809.3266191441664,2025-01-11T15:00:00.000Z
sensor.11_varmepumpe32a_active_power,2442.658113541667,2025-01-11T16:00:00.000Z
sensor.11_varmepumpe32a_active_power,3208.6975872780554,2025-01-11T17:00:00.000Z
sensor.11_varmepumpe32a_active_power,2697.2076439711113,2025-01-11T18:00:00.000Z
sensor.11_varmepumpe32a_active_power,2385.016760408889,2025-01-11T19:00:00.000Z
sensor.11_varmepumpe32a_active_power,2934.330948346667,2025-01-11T20:00:00.000Z
sensor.11_varmepumpe32a_active_power,2877.470100499444,2025-01-11T21:00:00.000Z
sensor.11_varmepumpe32a_active_power,3077.021809490556,2025-01-11T22:00:00.000Z
sensor.11_varmepumpe32a_active_power,3278.108784520833,2025-01-11T23:00:00.000Z
sensor.11_varmepumpe32a_active_power,3746.9875878572225,2025-01-12T00:00:00.000Z
sensor.11_varmepumpe32a_active_power,3610.325528553056,2025-01-12T01:00:00.000Z
sensor.11_varmepumpe32a_active_power,2957.890562406945,2025-01-12T02:00:00.000Z
sensor.11_varmepumpe32a_active_power,3547.6986298358333,2025-01-12T03:00:00.000Z
sensor.11_varmepumpe32a_active_power,3784.666301194722,2025-01-12T04:00:00.000Z
sensor.11_varmepumpe32a_active_power,3684.663745092222,2025-01-12T05:00:00.000Z
sensor.11_varmepumpe32a_active_power,2977.3922336630553,2025-01-12T06:00:00.000Z
sensor.11_varmepumpe32a_active_power,4318.609217835,2025-01-12T07:00:00.000Z
sensor.11_varmepumpe32a_active_power,3262.8955496436115,2025-01-12T08:00:00.000Z
sensor.11_varmepumpe32a_active_power,2671.9862783761114,2025-01-12T09:00:00.000Z
sensor.11_varmepumpe32a_active_power,9.991689362777779,2025-01-12T10:00:00.000Z
sensor.11_varmepumpe32a_active_power,47.23328966583333,2025-01-12T11:00:00.000Z
sensor.11_varmepumpe32a_active_power,3129.4846141186113,2025-01-12T12:00:00.000Z
sensor.11_varmepumpe32a_active_power,3062.492434570833,2025-01-12T13:00:00.000Z
sensor.11_varmepumpe32a_active_power,3920.8327199972223,2025-01-12T14:00:00.000Z
sensor.11_varmepumpe32a_active_power,3054.6906428258335,2025-01-12T15:00:00.000Z
sensor.11_varmepumpe32a_active_power,2087.320958193333,2025-01-12T16:00:00.000Z
sensor.11_varmepumpe32a_active_power,2210.989573031542,2025-01-12T17:00:00.000Z
sensor.11_varmepumpe32a_active_power,3411.738270056667,2025-01-12T18:00:00.000Z
sensor.11_varmepumpe32a_active_power,2457.957459992778,2025-01-12T19:00:00.000Z
sensor.11_varmepumpe32a_active_power,3033.8478891925,2025-01-12T20:00:00.000Z
sensor.11_varmepumpe32a_active_power,3018.817298671389,2025-01-12T21:00:00.000Z
sensor.11_varmepumpe32a_active_power,3000.3767261597222,2025-01-12T22:00:00.000Z
sensor.11_varmepumpe32a_active_power,3046.974974165834,2025-01-12T23:00:00.000Z
sensor.11_varmepumpe32a_active_power,3003.4459263419444,2025-01-13T00:00:00.000Z
sensor.11_varmepumpe32a_active_power,2654.6453635102775,2025-01-13T01:00:00.000Z
sensor.11_varmepumpe32a_active_power,2615.8840257038887,2025-01-13T02:00:00.000Z
sensor.11_varmepumpe32a_active_power,2656.893505071944,2025-01-13T03:00:00.000Z
sensor.11_varmepumpe32a_active_power,3593.5891069894446,2025-01-13T04:00:00.000Z
sensor.11_varmepumpe32a_active_power,2879.1573171297223,2025-01-13T05:00:00.000Z
sensor.11_varmepumpe32a_active_power,2681.395921535833,2025-01-13T06:00:00.000Z
sensor.11_varmepumpe32a_active_power,4394.5164118288885,2025-01-13T07:00:00.000Z
sensor.11_varmepumpe32a_active_power,3609.2555359119447,2025-01-13T08:00:00.000Z
sensor.11_varmepumpe32a_active_power,4013.3774999616667,2025-01-13T09:00:00.000Z
sensor.11_varmepumpe32a_active_power,3643.492743440278,2025-01-13T10:00:00.000Z
sensor.11_varmepumpe32a_active_power,3260.301317241389,2025-01-13T11:00:00.000Z
sensor.11_varmepumpe32a_active_power,2576.5029000025,2025-01-13T12:00:00.000Z
sensor.11_varmepumpe32a_active_power,2034.1279749413889,2025-01-13T13:00:00.000Z
sensor.11_varmepumpe32a_active_power,2779.0978259663884,2025-01-13T14:00:00.000Z
sensor.11_varmepumpe32a_active_power,2267.362006796389,2025-01-13T15:00:00.000Z
sensor.11_varmepumpe32a_active_power,2304.873127781389,2025-01-13T16:00:00.000Z
sensor.11_varmepumpe32a_active_power,2154.4773834847224,2025-01-13T17:00:00.000Z
sensor.11_varmepumpe32a_active_power,1928.9635497302777,2025-01-13T18:00:00.000Z
sensor.11_varmepumpe32a_active_power,2864.4600549563893,2025-01-13T19:00:00.000Z
sensor.11_varmepumpe32a_active_power,2846.7387827880557,2025-01-13T20:00:00.000Z
sensor.11_varmepumpe32a_active_power,2797.1532072574996,2025-01-13T21:00:00.000Z
sensor.11_varmepumpe32a_active_power,2022.812478721389,2025-01-13T22:00:00.000Z
sensor.11_varmepumpe32a_active_power,2172.179405871389,2025-01-13T23:00:00.000Z
sensor.11_varmepumpe32a_active_power,1336.1325785725,2025-01-14T00:00:00.000Z
sensor.11_varmepumpe32a_active_power,1385.983855961111,2025-01-14T01:00:00.000Z
sensor.11_varmepumpe32a_active_power,1445.8986740013888,2025-01-14T02:00:00.000Z
sensor.11_varmepumpe32a_active_power,1741.1397518141666,2025-01-14T03:00:00.000Z
sensor.11_varmepumpe32a_active_power,1598.0260296755557,2025-01-14T04:00:00.000Z
sensor.11_varmepumpe32a_active_power,2906.0183328591665,2025-01-14T05:00:00.000Z
sensor.11_varmepumpe32a_active_power,2277.0483945066667,2025-01-14T06:00:00.000Z
sensor.11_varmepumpe32a_active_power,2207.1601847566667,2025-01-14T07:00:00.000Z
sensor.11_varmepumpe32a_active_power,41.18535856361111,2025-01-14T08:00:00.000Z
sensor.11_varmepumpe32a_active_power,62.29949235888889,2025-01-14T09:00:00.000Z
sensor.11_varmepumpe32a_active_power,1117.5736747897224,2025-01-14T10:00:00.000Z
sensor.11_varmepumpe32a_active_power,1928.7985555658333,2025-01-14T11:00:00.000Z
sensor.11_varmepumpe32a_active_power,372.75537094,2025-01-14T12:00:00.000Z
sensor.11_varmepumpe32a_active_power,362.94694632555553,2025-01-14T13:00:00.000Z
sensor.11_varmepumpe32a_active_power,1258.1869085424999,2025-01-14T14:00:00.000Z
sensor.11_varmepumpe32a_active_power,2284.031719314167,2025-01-14T15:00:00.000Z
sensor.11_varmepumpe32a_active_power,2383.4469570013885,2025-01-14T16:00:00.000Z
sensor.11_varmepumpe32a_active_power,1956.6826934883331,2025-01-14T17:00:00.000Z
sensor.11_varmepumpe32a_active_power,217.65600597055558,2025-01-14T18:00:00.000Z
sensor.11_varmepumpe32a_active_power,2487.240781478611,2025-01-14T19:00:00.000Z
sensor.11_varmepumpe32a_active_power,2636.2512622680556,2025-01-14T20:00:00.000Z
sensor.11_varmepumpe32a_active_power,3031.366323397222,2025-01-14T21:00:00.000Z
sensor.11_varmepumpe32a_active_power,2489.558847411389,2025-01-14T22:00:00.000Z
sensor.11_varmepumpe32a_active_power,2390.9476511380553,2025-01-14T23:00:00.000Z
sensor.11_varmepumpe32a_active_power,2090.1439807116667,2025-01-15T00:00:00.000Z
sensor.11_varmepumpe32a_active_power,2171.139799041389,2025-01-15T01:00:00.000Z
sensor.11_varmepumpe32a_active_power,2590.2955020330555,2025-01-15T02:00:00.000Z
sensor.11_varmepumpe32a_active_power,2735.2966710463893,2025-01-15T03:00:00.000Z
sensor.11_varmepumpe32a_active_power,3018.3224217616666,2025-01-15T04:00:00.000Z
sensor.11_varmepumpe32a_active_power,3489.7943902483335,2025-01-15T05:00:00.000Z
sensor.11_varmepumpe32a_active_power,2958.8219474305556,2025-01-15T06:00:00.000Z
sensor.11_varmepumpe32a_active_power,2617.6803973794445,2025-01-15T07:00:00.000Z
sensor.11_varmepumpe32a_active_power,38.450688605347615,2025-01-15T08:00:00.000Z
sensor.11_varmepumpe32a_active_power,62.66036980416666,2025-01-15T09:00:00.000Z
sensor.11_varmepumpe32a_active_power,2750.095641365833,2025-01-15T10:00:00.000Z
sensor.11_varmepumpe32a_active_power,2196.591753195758,2025-01-15T11:00:00.000Z
sensor.11_varmepumpe32a_active_power,2435.0547407872223,2025-01-15T12:00:00.000Z
sensor.11_varmepumpe32a_active_power,1486.5851141663888,2025-01-15T13:00:00.000Z
sensor.11_varmepumpe32a_active_power,2489.8569927647222,2025-01-15T14:00:00.000Z
sensor.11_varmepumpe32a_active_power,2089.511154266111,2025-01-15T15:00:00.000Z
sensor.11_varmepumpe32a_active_power,1940.9564558105556,2025-01-15T16:00:00.000Z
sensor.11_varmepumpe32a_active_power,1901.3890842755557,2025-01-15T17:00:00.000Z
sensor.11_varmepumpe32a_active_power,39.06811194111111,2025-01-15T18:00:00.000Z
sensor.11_varmepumpe32a_active_power,1980.3752640880557,2025-01-15T19:00:00.000Z
sensor.11_varmepumpe32a_active_power,1291.4501939478962,2025-01-15T20:00:00.000Z
sensor.11_varmepumpe32a_active_power,980.0567222272222,2025-01-15T21:00:00.000Z
sensor.11_varmepumpe32a_active_power,1058.1963769402778,2025-01-15T22:00:00.000Z
sensor.11_varmepumpe32a_active_power,1790.5603256694446,2025-01-15T23:00:00.000Z
sensor.11_varmepumpe32a_active_power,1273.4498256122222,2025-01-16T00:00:00.000Z
sensor.11_varmepumpe32a_active_power,1603.7479616880555,2025-01-16T01:00:00.000Z
sensor.11_varmepumpe32a_active_power,1308.447412478889,2025-01-16T02:00:00.000Z
sensor.11_varmepumpe32a_active_power,2435.6984755638887,2025-01-16T03:00:00.000Z
sensor.11_varmepumpe32a_active_power,1917.643092268611,2025-01-16T04:00:00.000Z
sensor.11_varmepumpe32a_active_power,2241.4675382202777,2025-01-16T05:00:00.000Z
sensor.11_varmepumpe32a_active_power,1974.2495287186111,2025-01-16T06:00:00.000Z
sensor.11_varmepumpe32a_active_power,1847.8663485208333,2025-01-16T07:00:00.000Z
sensor.11_varmepumpe32a_active_power,41.23803745527777,2025-01-16T08:00:00.000Z
sensor.11_varmepumpe32a_active_power,63.16564091972222,2025-01-16T09:00:00.000Z
sensor.11_varmepumpe32a_active_power,2293.107014466111,2025-01-16T10:00:00.000Z
sensor.11_varmepumpe32a_active_power,1457.2655427183333,2025-01-16T11:00:00.000Z
sensor.11_varmepumpe32a_active_power,3111.879779221111,2025-01-16T12:00:00.000Z
sensor.11_varmepumpe32a_active_power,2318.3995673225,2025-01-16T13:00:00.000Z
sensor.11_varmepumpe32a_active_power,1917.1900907172221,2025-01-16T14:00:00.000Z
sensor.11_varmepumpe32a_active_power,1656.0862021430555,2025-01-16T15:00:00.000Z
sensor.11_varmepumpe32a_active_power,1298.5120272030556,2025-01-16T16:00:00.000Z
sensor.11_varmepumpe32a_active_power,77.69645742611111,2025-01-16T17:00:00.000Z
sensor.11_varmepumpe32a_active_power,2330.021095178056,2025-01-16T18:00:00.000Z
sensor.11_varmepumpe32a_active_power,388.1133225133333,2025-01-16T19:00:00.000Z
sensor.11_varmepumpe32a_active_power,542.3865861330556,2025-01-16T20:00:00.000Z
sensor.11_varmepumpe32a_active_power,2238.760499461111,2025-01-16T21:00:00.000Z
sensor.11_varmepumpe32a_active_power,2110.009710839167,2025-01-16T22:00:00.000Z
sensor.11_varmepumpe32a_active_power,2243.632426454444,2025-01-16T23:00:00.000Z
sensor.11_varmepumpe32a_active_power,1459.637083379722,2025-01-17T00:00:00.000Z
sensor.11_varmepumpe32a_active_power,1821.9963187944443,2025-01-17T01:00:00.000Z
sensor.11_varmepumpe32a_active_power,1083.982673693611,2025-01-17T02:00:00.000Z
sensor.11_varmepumpe32a_active_power,2567.483545733611,2025-01-17T03:00:00.000Z
sensor.11_varmepumpe32a_active_power,2321.3875042744444,2025-01-17T04:00:00.000Z
sensor.11_varmepumpe32a_active_power,2493.839729320278,2025-01-17T05:00:00.000Z
sensor.11_varmepumpe32a_active_power,1898.529250467778,2025-01-17T06:00:00.000Z
sensor.11_varmepumpe32a_active_power,1718.355039581111,2025-01-17T07:00:00.000Z
sensor.11_varmepumpe32a_active_power,52.440136172222225,2025-01-17T08:00:00.000Z
sensor.11_varmepumpe32a_active_power,62.80583252611111,2025-01-17T09:00:00.000Z
sensor.11_varmepumpe32a_active_power,141.27952548333334,2025-01-17T10:00:00.000Z
sensor.11_varmepumpe32a_active_power,62.95883534777778,2025-01-17T11:00:00.000Z
sensor.11_varmepumpe32a_active_power,63.54146781583333,2025-01-17T12:00:00.000Z
sensor.11_varmepumpe32a_active_power,63.48281296305556,2025-01-17T13:00:00.000Z
sensor.11_varmepumpe32a_active_power,63.84928052805555,2025-01-17T14:00:00.000Z
sensor.11_varmepumpe32a_active_power,63.09448114722222,2025-01-17T15:00:00.000Z
sensor.11_varmepumpe32a_active_power,62.840272721944444,2025-01-17T16:00:00.000Z
sensor.11_varmepumpe32a_active_power,62.62244788499999,2025-01-17T17:00:00.000Z
sensor.11_varmepumpe32a_active_power,63.2069144375,2025-01-17T18:00:00.000Z
sensor.11_varmepumpe32a_active_power,62.68451576944445,2025-01-17T19:00:00.000Z
sensor.11_varmepumpe32a_active_power,62.44050705527778,2025-01-17T20:00:00.000Z
sensor.11_varmepumpe32a_active_power,62.70153681666667,2025-01-17T21:00:00.000Z
sensor.11_varmepumpe32a_active_power,62,2025-01-17T22:00:00.000Z
sensor.11_varmepumpe32a_active_power,62.63256217666666,2025-01-17T23:00:00.000Z
sensor.11_varmepumpe32a_active_power,62.46711844694445,2025-01-18T00:00:00.000Z
sensor.11_varmepumpe32a_active_power,63.58663458361111,2025-01-18T01:00:00.000Z
sensor.11_varmepumpe32a_active_power,63.64191821861112,2025-01-18T02:00:00.000Z
sensor.11_varmepumpe32a_active_power,63.27660075111111,2025-01-18T03:00:00.000Z
sensor.11_varmepumpe32a_active_power,63.202880605555556,2025-01-18T04:00:00.000Z
sensor.11_varmepumpe32a_active_power,63.293045184444445,2025-01-18T05:00:00.000Z
sensor.11_varmepumpe32a_active_power,62.87212586333334,2025-01-18T06:00:00.000Z
sensor.11_varmepumpe32a_active_power,63.3224702025,2025-01-18T07:00:00.000Z
sensor.11_varmepumpe32a_active_power,62.43325442555555,2025-01-18T08:00:00.000Z
sensor.11_varmepumpe32a_active_power,62.30307982111111,2025-01-18T09:00:00.000Z
sensor.11_varmepumpe32a_active_power,62.49171301388889,2025-01-18T10:00:00.000Z
sensor.11_varmepumpe32a_active_power,62.75141508861111,2025-01-18T11:00:00.000Z
sensor.11_varmepumpe32a_active_power,63.246299379444444,2025-01-18T12:00:00.000Z
sensor.11_varmepumpe32a_active_power,63.68527463416667,2025-01-18T13:00:00.000Z
sensor.11_varmepumpe32a_active_power,63.31534994444444,2025-01-18T14:00:00.000Z
sensor.11_varmepumpe32a_active_power,62.64687668472222,2025-01-18T15:00:00.000Z
sensor.11_varmepumpe32a_active_power,62.07695664138888,2025-01-18T16:00:00.000Z
sensor.11_varmepumpe32a_active_power,62.60239132638889,2025-01-18T17:00:00.000Z
sensor.11_varmepumpe32a_active_power,63.03297004472222,2025-01-18T18:00:00.000Z
sensor.11_varmepumpe32a_active_power,108.38319424027777,2025-01-18T19:00:00.000Z
sensor.11_varmepumpe32a_active_power,2583.0311077513884,2025-01-18T20:00:00.000Z
sensor.11_varmepumpe32a_active_power,4415.389343865278,2025-01-18T21:00:00.000Z
sensor.11_varmepumpe32a_active_power,2977.4142909416664,2025-01-18T22:00:00.000Z
sensor.11_varmepumpe32a_active_power,1618.9511441166667,2025-01-18T23:00:00.000Z
sensor.11_varmepumpe32a_active_power,56.50117590583333,2025-01-19T00:00:00.000Z
sensor.11_varmepumpe32a_active_power,63.59908107527778,2025-01-19T01:00:00.000Z
sensor.11_varmepumpe32a_active_power,2055.3894549258334,2025-01-19T02:00:00.000Z
sensor.11_varmepumpe32a_active_power,2981.5695477000004,2025-01-19T03:00:00.000Z
sensor.11_varmepumpe32a_active_power,1172.61362208,2025-01-19T04:00:00.000Z
sensor.11_varmepumpe32a_active_power,2596.2208023480557,2025-01-19T05:00:00.000Z
sensor.11_varmepumpe32a_active_power,2347.4546509044444,2025-01-19T06:00:00.000Z
sensor.11_varmepumpe32a_active_power,2408.9346829994442,2025-01-19T07:00:00.000Z
sensor.11_varmepumpe32a_active_power,1865.1866247611113,2025-01-19T08:00:00.000Z
sensor.11_varmepumpe32a_active_power,2156.1521936077775,2025-01-19T09:00:00.000Z
sensor.11_varmepumpe32a_active_power,2228.5679609794443,2025-01-19T10:00:00.000Z
sensor.11_varmepumpe32a_active_power,1939.2557946972222,2025-01-19T11:00:00.000Z
sensor.11_varmepumpe32a_active_power,2710.1214932825,2025-01-19T12:00:00.000Z
sensor.11_varmepumpe32a_active_power,1414.1405584169443,2025-01-19T13:00:00.000Z
sensor.11_varmepumpe32a_active_power,2047.8005396844446,2025-01-19T14:00:00.000Z
sensor.11_varmepumpe32a_active_power,1639.0361605744445,2025-01-19T15:00:00.000Z
sensor.11_varmepumpe32a_active_power,2039.755280613889,2025-01-19T16:00:00.000Z
sensor.11_varmepumpe32a_active_power,1760.3115610844445,2025-01-19T17:00:00.000Z
sensor.11_varmepumpe32a_active_power,35.83051362666667,2025-01-19T18:00:00.000Z
sensor.11_varmepumpe32a_active_power,51.262405872500004,2025-01-19T19:00:00.000Z
sensor.11_varmepumpe32a_active_power,2334.014359311111,2025-01-19T20:00:00.000Z
sensor.11_varmepumpe32a_active_power,1530.8908247055558,2025-01-19T21:00:00.000Z
sensor.11_varmepumpe32a_active_power,2095.3458226922226,2025-01-19T22:00:00.000Z
sensor.11_varmepumpe32a_active_power,1735.8698497769444,2025-01-19T23:00:00.000Z
sensor.11_varmepumpe32a_active_power,1906.0964352141666,2025-01-20T00:00:00.000Z
sensor.11_varmepumpe32a_active_power,1464.6885586183334,2025-01-20T01:00:00.000Z
sensor.11_varmepumpe32a_active_power,1677.7842843208334,2025-01-20T02:00:00.000Z
sensor.11_varmepumpe32a_active_power,3027.8484712883333,2025-01-20T03:00:00.000Z
sensor.11_varmepumpe32a_active_power,1960.2650091597222,2025-01-20T04:00:00.000Z
sensor.11_varmepumpe32a_active_power,2762.896732870833,2025-01-20T05:00:00.000Z
sensor.11_varmepumpe32a_active_power,2254.3718505897223,2025-01-20T06:00:00.000Z
sensor.11_varmepumpe32a_active_power,2155.4006316080554,2025-01-20T07:00:00.000Z
sensor.11_varmepumpe32a_active_power,26.935249523055557,2025-01-20T08:00:00.000Z
sensor.11_varmepumpe32a_active_power,9.838050138888889,2025-01-20T09:00:00.000Z
sensor.11_varmepumpe32a_active_power,2535.7617162302777,2025-01-20T10:00:00.000Z
sensor.11_varmepumpe32a_active_power,2073.5566167008333,2025-01-20T11:00:00.000Z
sensor.11_varmepumpe32a_active_power,2099.137431615,2025-01-20T12:00:00.000Z
sensor.11_varmepumpe32a_active_power,2805.160499511667,2025-01-20T13:00:00.000Z
sensor.11_varmepumpe32a_active_power,2426.0802053433335,2025-01-20T14:00:00.000Z
sensor.11_varmepumpe32a_active_power,2540.1417986125,2025-01-20T15:00:00.000Z
sensor.11_varmepumpe32a_active_power,32.7914944375,2025-01-20T16:00:00.000Z
sensor.11_varmepumpe32a_active_power,39.513353702500005,2025-01-20T17:00:00.000Z
sensor.11_varmepumpe32a_active_power,2940.2086270675004,2025-01-20T18:00:00.000Z
sensor.11_varmepumpe32a_active_power,2502.131950448333,2025-01-20T19:00:00.000Z
sensor.11_varmepumpe32a_active_power,2568.9970516625,2025-01-20T20:00:00.000Z
sensor.11_varmepumpe32a_active_power,2485.316677598333,2025-01-20T21:00:00.000Z
sensor.11_varmepumpe32a_active_power,1940.4443704883333,2025-01-20T22:00:00.000Z
sensor.11_varmepumpe32a_active_power,2012.2080825350001,2025-01-20T23:00:00.000Z
sensor.11_varmepumpe32a_active_power,2057.299401664722,2025-01-21T00:00:00.000Z
sensor.11_varmepumpe32a_active_power,2270.8196162680556,2025-01-21T01:00:00.000Z
sensor.11_varmepumpe32a_active_power,1945.4175247716666,2025-01-21T02:00:00.000Z
sensor.11_varmepumpe32a_active_power,2984.3378252819443,2025-01-21T03:00:00.000Z
sensor.11_varmepumpe32a_active_power,1692.6647146466667,2025-01-21T04:00:00.000Z
sensor.11_varmepumpe32a_active_power,3481.4240624266663,2025-01-21T05:00:00.000Z
sensor.11_varmepumpe32a_active_power,2897.055883566111,2025-01-21T06:00:00.000Z
sensor.11_varmepumpe32a_active_power,2165.611231356111,2025-01-21T07:00:00.000Z
sensor.11_varmepumpe32a_active_power,2601.3195434525,2025-01-21T08:00:00.000Z
sensor.11_varmepumpe32a_active_power,32.65030018555556,2025-01-21T09:00:00.000Z
sensor.11_varmepumpe32a_active_power,59.949435483611104,2025-01-21T10:00:00.000Z
sensor.11_varmepumpe32a_active_power,2627.2136329044447,2025-01-21T11:00:00.000Z
sensor.11_varmepumpe32a_active_power,1903.2352603658335,2025-01-21T12:00:00.000Z
sensor.11_varmepumpe32a_active_power,3122.2643871461114,2025-01-21T13:00:00.000Z
sensor.11_varmepumpe32a_active_power,2551.63589698,2025-01-21T14:00:00.000Z
sensor.11_varmepumpe32a_active_power,2870.452179765833,2025-01-21T15:00:00.000Z
sensor.11_varmepumpe32a_active_power,2221.2896615280556,2025-01-21T16:00:00.000Z
sensor.11_varmepumpe32a_active_power,50.698934090555554,2025-01-21T17:00:00.000Z
sensor.11_varmepumpe32a_active_power,53.004263595277784,2025-01-21T18:00:00.000Z
sensor.11_varmepumpe32a_active_power,2765.8070085136114,2025-01-21T19:00:00.000Z
sensor.11_varmepumpe32a_active_power,2394.4065262675,2025-01-21T20:00:00.000Z
sensor.11_varmepumpe32a_active_power,2358.407597204722,2025-01-21T21:00:00.000Z
sensor.11_varmepumpe32a_active_power,2418.694636364722,2025-01-21T22:00:00.000Z
sensor.11_varmepumpe32a_active_power,2432.446472341111,2025-01-21T23:00:00.000Z
sensor.11_varmepumpe32a_active_power,1895.9681317266666,2025-01-22T00:00:00.000Z
sensor.11_varmepumpe32a_active_power,1737.5480138416667,2025-01-22T01:00:00.000Z
sensor.11_varmepumpe32a_active_power,2182.203901956667,2025-01-22T02:00:00.000Z
sensor.11_varmepumpe32a_active_power,2304.3458912669444,2025-01-22T03:00:00.000Z
sensor.11_varmepumpe32a_active_power,1526.9511283575,2025-01-22T04:00:00.000Z
sensor.11_varmepumpe32a_active_power,3073.0147228838887,2025-01-22T05:00:00.000Z
sensor.11_varmepumpe32a_active_power,2622.3162127780556,2025-01-22T06:00:00.000Z
sensor.11_varmepumpe32a_active_power,1895.5952384697223,2025-01-22T07:00:00.000Z
sensor.11_varmepumpe32a_active_power,13.616710972222222,2025-01-22T08:00:00.000Z
sensor.11_varmepumpe32a_active_power,51.72025572305555,2025-01-22T09:00:00.000Z
sensor.11_varmepumpe32a_active_power,2821.362881018333,2025-01-22T10:00:00.000Z
sensor.11_varmepumpe32a_active_power,3016.1604304372227,2025-01-22T11:00:00.000Z
sensor.11_varmepumpe32a_active_power,997.5754365186111,2025-01-22T12:00:00.000Z
sensor.11_varmepumpe32a_active_power,3268.2769479561107,2025-01-22T13:00:00.000Z
sensor.11_varmepumpe32a_active_power,2112.1409024522222,2025-01-22T14:00:00.000Z
sensor.11_varmepumpe32a_active_power,2362.6933145772223,2025-01-22T15:00:00.000Z
sensor.11_varmepumpe32a_active_power,26.888647471666662,2025-01-22T16:00:00.000Z
sensor.11_varmepumpe32a_active_power,42.17401823833333,2025-01-22T17:00:00.000Z
sensor.11_varmepumpe32a_active_power,3324.552104741111,2025-01-22T18:00:00.000Z
sensor.11_varmepumpe32a_active_power,3052.9926594338885,2025-01-22T19:00:00.000Z
sensor.11_varmepumpe32a_active_power,2957.435013756944,2025-01-22T20:00:00.000Z
sensor.11_varmepumpe32a_active_power,2507.4656277175,2025-01-22T21:00:00.000Z
sensor.11_varmepumpe32a_active_power,1487.3420488280556,2025-01-22T22:00:00.000Z
sensor.11_varmepumpe32a_active_power,2319.036941064722,2025-01-22T23:00:00.000Z
sensor.11_varmepumpe32a_active_power,2185.656947860278,2025-01-23T00:00:00.000Z
sensor.11_varmepumpe32a_active_power,1965.7819319491666,2025-01-23T01:00:00.000Z
sensor.11_varmepumpe32a_active_power,2086.5696215577777,2025-01-23T02:00:00.000Z
sensor.11_varmepumpe32a_active_power,2884.501487383611,2025-01-23T03:00:00.000Z
sensor.11_varmepumpe32a_active_power,2741.3024189125003,2025-01-23T04:00:00.000Z
sensor.11_varmepumpe32a_active_power,3512.3694791147227,2025-01-23T05:00:00.000Z
sensor.11_varmepumpe32a_active_power,3119.209944323056,2025-01-23T06:00:00.000Z
sensor.11_varmepumpe32a_active_power,2417.8051266405555,2025-01-23T07:00:00.000Z
sensor.11_varmepumpe32a_active_power,70.1257437863889,2025-01-23T08:00:00.000Z
sensor.11_varmepumpe32a_active_power,57.40793889277777,2025-01-23T09:00:00.000Z
sensor.11_varmepumpe32a_active_power,3378.040245895278,2025-01-23T10:00:00.000Z
sensor.11_varmepumpe32a_active_power,3354.442680327222,2025-01-23T11:00:00.000Z
sensor.11_varmepumpe32a_active_power,1014.771041235278,2025-01-23T12:00:00.000Z
sensor.11_varmepumpe32a_active_power,3265.0561825255554,2025-01-23T13:00:00.000Z
sensor.11_varmepumpe32a_active_power,2666.5785222716663,2025-01-23T14:00:00.000Z
sensor.11_varmepumpe32a_active_power,2904.747731379722,2025-01-23T15:00:00.000Z
sensor.11_varmepumpe32a_active_power,49.64064538527777,2025-01-23T16:00:00.000Z
sensor.11_varmepumpe32a_active_power,9.964592581111111,2025-01-23T17:00:00.000Z
sensor.11_varmepumpe32a_active_power,2884.243526650662,2025-01-23T18:00:00.000Z
sensor.11_varmepumpe32a_active_power,2211.2820936094445,2025-01-23T19:00:00.000Z
sensor.11_varmepumpe32a_active_power,2245.2938329597223,2025-01-23T20:00:00.000Z
sensor.11_varmepumpe32a_active_power,2391.3668107733333,2025-01-23T21:00:00.000Z
sensor.11_varmepumpe32a_active_power,2289.0770587166667,2025-01-23T22:00:00.000Z
sensor.11_varmepumpe32a_active_power,2046.8403626805557,2025-01-23T23:00:00.000Z
sensor.11_varmepumpe32a_active_power,2107.068774742778,2025-01-24T00:00:00.000Z
sensor.11_varmepumpe32a_active_power,2361.251663938611,2025-01-24T01:00:00.000Z
sensor.11_varmepumpe32a_active_power,2715.086615043889,2025-01-24T02:00:00.000Z
sensor.11_varmepumpe32a_active_power,3216.060368065278,2025-01-24T03:00:00.000Z
sensor.11_varmepumpe32a_active_power,1877.9042634544446,2025-01-24T04:00:00.000Z
sensor.11_varmepumpe32a_active_power,4116.769695891111,2025-01-24T05:00:00.000Z
sensor.11_varmepumpe32a_active_power,3573.255519159722,2025-01-24T06:00:00.000Z
sensor.11_varmepumpe32a_active_power,3284.1975109769446,2025-01-24T07:00:00.000Z
sensor.11_varmepumpe32a_active_power,41.84987772944445,2025-01-24T08:00:00.000Z
sensor.11_varmepumpe32a_active_power,38.992552259166665,2025-01-24T09:00:00.000Z
sensor.11_varmepumpe32a_active_power,3725.1933650216665,2025-01-24T10:00:00.000Z
sensor.11_varmepumpe32a_active_power,3105.037231232222,2025-01-24T11:00:00.000Z
sensor.11_varmepumpe32a_active_power,1171.1143061780556,2025-01-24T12:00:00.000Z
sensor.11_varmepumpe32a_active_power,3615.5339754861106,2025-01-24T13:00:00.000Z
sensor.11_varmepumpe32a_active_power,2746.7694334783337,2025-01-24T14:00:00.000Z
sensor.11_varmepumpe32a_active_power,2490.2521946675,2025-01-24T15:00:00.000Z
sensor.11_varmepumpe32a_active_power,50.06046596027779,2025-01-24T16:00:00.000Z
sensor.11_varmepumpe32a_active_power,10,2025-01-24T17:00:00.000Z
sensor.11_varmepumpe32a_active_power,2465.5528040975,2025-01-24T18:00:00.000Z
sensor.11_varmepumpe32a_active_power,1863.792781460833,2025-01-24T19:00:00.000Z
sensor.11_varmepumpe32a_active_power,2172.929717358333,2025-01-24T20:00:00.000Z
sensor.11_varmepumpe32a_active_power,819.5150290261112,2025-01-24T21:00:00.000Z
sensor.11_varmepumpe32a_active_power,2092.944939193611,2025-01-24T22:00:00.000Z
sensor.11_varmepumpe32a_active_power,1412.5265833838887,2025-01-24T23:00:00.000Z
sensor.11_varmepumpe32a_active_power,1736.9890091519446,2025-01-25T00:00:00.000Z
sensor.11_varmepumpe32a_active_power,1569.7474897063887,2025-01-25T01:00:00.000Z
sensor.11_varmepumpe32a_active_power,1510.9336458691669,2025-01-25T02:00:00.000Z
sensor.11_varmepumpe32a_active_power,1802.5185558147223,2025-01-25T03:00:00.000Z
sensor.11_varmepumpe32a_active_power,2770.0056283025,2025-01-25T04:00:00.000Z
sensor.11_varmepumpe32a_active_power,2408.615969788889,2025-01-25T05:00:00.000Z
sensor.11_varmepumpe32a_active_power,1878.9591128547224,2025-01-25T06:00:00.000Z
sensor.11_varmepumpe32a_active_power,1300.713586162222,2025-01-25T07:00:00.000Z
sensor.11_varmepumpe32a_active_power,40.676199751388886,2025-01-25T08:00:00.000Z
sensor.11_varmepumpe32a_active_power,63.21577229,2025-01-25T09:00:00.000Z
sensor.11_varmepumpe32a_active_power,2373.521983377778,2025-01-25T10:00:00.000Z
sensor.11_varmepumpe32a_active_power,2190.337427115,2025-01-25T11:00:00.000Z
sensor.11_varmepumpe32a_active_power,459.22098667055553,2025-01-25T12:00:00.000Z
sensor.11_varmepumpe32a_active_power,2181.7722595366668,2025-01-25T13:00:00.000Z
sensor.11_varmepumpe32a_active_power,1881.1825352627777,2025-01-25T14:00:00.000Z
sensor.11_varmepumpe32a_active_power,1359.471128283889,2025-01-25T15:00:00.000Z
sensor.11_varmepumpe32a_active_power,54.06350680638889,2025-01-25T16:00:00.000Z
sensor.11_varmepumpe32a_active_power,63.64747340527777,2025-01-25T17:00:00.000Z
sensor.11_varmepumpe32a_active_power,2308.3086965449997,2025-01-25T18:00:00.000Z
sensor.11_varmepumpe32a_active_power,1996.0941567458333,2025-01-25T19:00:00.000Z
sensor.11_varmepumpe32a_active_power,1440.0081790924999,2025-01-25T20:00:00.000Z
sensor.11_varmepumpe32a_active_power,1503.0095965458333,2025-01-25T21:00:00.000Z
sensor.11_varmepumpe32a_active_power,1298.3504244916664,2025-01-25T22:00:00.000Z
sensor.11_varmepumpe32a_active_power,1089.4258052944444,2025-01-25T23:00:00.000Z
sensor.11_varmepumpe32a_active_power,1041.2278889622223,2025-01-26T00:00:00.000Z
sensor.11_varmepumpe32a_active_power,1872.309577473333,2025-01-26T01:00:00.000Z
sensor.11_varmepumpe32a_active_power,1498.455847575,2025-01-26T02:00:00.000Z
sensor.11_varmepumpe32a_active_power,2373.026536902778,2025-01-26T03:00:00.000Z
sensor.11_varmepumpe32a_active_power,1474.0229399216669,2025-01-26T04:00:00.000Z
sensor.11_varmepumpe32a_active_power,2768.500715903333,2025-01-26T05:00:00.000Z
sensor.11_varmepumpe32a_active_power,1554.9405039356177,2025-01-26T21:00:00.000Z
sensor.11_varmepumpe32a_active_power,1877.8895056122221,2025-01-26T22:00:00.000Z
sensor.11_varmepumpe32a_active_power,1877.132890246111,2025-01-26T23:00:00.000Z
sensor.11_varmepumpe32a_active_power,511.1305667405556,2025-01-27T00:00:00.000Z
sensor.11_varmepumpe32a_active_power,2415.3536503605555,2025-01-27T01:00:00.000Z
sensor.11_varmepumpe32a_active_power,984.1230442474999,2025-01-27T02:00:00.000Z
sensor.11_varmepumpe32a_active_power,2212.7771118927776,2025-01-27T03:00:00.000Z
sensor.11_varmepumpe32a_active_power,1570.8335671275,2025-01-27T04:00:00.000Z
sensor.11_varmepumpe32a_active_power,2227.2737421713887,2025-01-27T05:00:00.000Z
sensor.11_varmepumpe32a_active_power,2193.609159508333,2025-01-27T06:00:00.000Z
sensor.11_varmepumpe32a_active_power,1846.8984024252777,2025-01-27T07:00:00.000Z
sensor.11_varmepumpe32a_active_power,10.756510793888888,2025-01-27T08:00:00.000Z
sensor.11_varmepumpe32a_active_power,53.45116202166667,2025-01-27T09:00:00.000Z
sensor.11_varmepumpe32a_active_power,2554.805946576667,2025-01-27T10:00:00.000Z
sensor.11_varmepumpe32a_active_power,2247.6272829769446,2025-01-27T11:00:00.000Z
sensor.11_varmepumpe32a_active_power,847.0979686180557,2025-01-27T12:00:00.000Z
sensor.11_varmepumpe32a_active_power,2475.195739147222,2025-01-27T13:00:00.000Z
sensor.11_varmepumpe32a_active_power,2103.931804057222,2025-01-27T14:00:00.000Z
sensor.11_varmepumpe32a_active_power,1928.3060250622223,2025-01-27T15:00:00.000Z
sensor.11_varmepumpe32a_active_power,35.10953365555555,2025-01-27T16:00:00.000Z
sensor.11_varmepumpe32a_active_power,42.458592455,2025-01-27T17:00:00.000Z
sensor.11_varmepumpe32a_active_power,2329.1039360405557,2025-01-27T18:00:00.000Z
sensor.11_varmepumpe32a_active_power,1908.2272927688846,2025-01-27T19:00:00.000Z
sensor.11_varmepumpe32a_active_power,2096.107411081389,2025-01-27T20:00:00.000Z
sensor.11_varmepumpe32a_active_power,3502.1592183777775,2025-01-27T21:00:00.000Z
sensor.11_varmepumpe32a_active_power,2123.574399257421,2025-01-27T22:00:00.000Z
sensor.11_varmepumpe32a_active_power,1815.8918348441714,2025-01-27T23:00:00.000Z
sensor.11_varmepumpe32a_active_power,1696.823168129865,2025-01-28T00:00:00.000Z
sensor.11_varmepumpe32a_active_power,1767.9385012841667,2025-01-28T01:00:00.000Z
sensor.11_varmepumpe32a_active_power,1543.0192632083333,2025-01-28T02:00:00.000Z
sensor.11_varmepumpe32a_active_power,2565.6619916558334,2025-01-28T03:00:00.000Z
sensor.11_varmepumpe32a_active_power,1896.7570114855555,2025-01-28T04:00:00.000Z
sensor.11_varmepumpe32a_active_power,2806.7159325369444,2025-01-28T05:00:00.000Z
sensor.11_varmepumpe32a_active_power,2176.528202762222,2025-01-28T06:00:00.000Z
sensor.11_varmepumpe32a_active_power,1867.3962264391666,2025-01-28T07:00:00.000Z
sensor.11_varmepumpe32a_active_power,37.30658081072905,2025-01-28T08:00:00.000Z
sensor.11_varmepumpe32a_active_power,34.394567555555554,2025-01-28T09:00:00.000Z
sensor.11_varmepumpe32a_active_power,2433.238527422222,2025-01-28T10:00:00.000Z
sensor.11_varmepumpe32a_active_power,2271.762146866389,2025-01-28T11:00:00.000Z
sensor.11_varmepumpe32a_active_power,1020.9507207847222,2025-01-28T12:00:00.000Z
sensor.11_varmepumpe32a_active_power,2094.7080044525,2025-01-28T13:00:00.000Z
sensor.11_varmepumpe32a_active_power,1909.8556782070527,2025-01-28T14:00:00.000Z
sensor.11_varmepumpe32a_active_power,1570.7999682283335,2025-01-28T15:00:00.000Z
sensor.11_varmepumpe32a_active_power,139.5399108036111,2025-01-28T16:00:00.000Z
sensor.11_varmepumpe32a_active_power,61.62504650666667,2025-01-28T17:00:00.000Z
sensor.11_varmepumpe32a_active_power,2388.8274046216666,2025-01-28T18:00:00.000Z
sensor.11_varmepumpe32a_active_power,1781.5014798861782,2025-01-28T19:00:00.000Z
sensor.11_varmepumpe32a_active_power,1530.676297356389,2025-01-28T20:00:00.000Z
sensor.11_varmepumpe32a_active_power,1580.6407733026444,2025-01-28T21:00:00.000Z
sensor.11_varmepumpe32a_active_power,1781,2025-01-28T22:00:00.000Z
sensor.11_varmepumpe32a_active_power,1305.8137070247221,2025-01-28T23:00:00.000Z
sensor.11_varmepumpe32a_active_power,2292.0530322019445,2025-01-29T00:00:00.000Z
sensor.11_varmepumpe32a_active_power,1122.7985637302972,2025-01-29T01:00:00.000Z
sensor.11_varmepumpe32a_active_power,1056.3470871330999,2025-01-29T02:00:00.000Z
sensor.11_varmepumpe32a_active_power,1401.4839231944168,2025-01-29T03:00:00.000Z
sensor.11_varmepumpe32a_active_power,789.5126942308278,2025-01-29T04:00:00.000Z
sensor.11_varmepumpe32a_active_power,1616.9552857225278,2025-01-29T05:00:00.000Z
sensor.11_varmepumpe32a_active_power,1477.372590909347,2025-01-29T06:00:00.000Z
sensor.11_varmepumpe32a_active_power,1153.4882597966446,2025-01-29T07:00:00.000Z
sensor.11_varmepumpe32a_active_power,44.67872079396667,2025-01-29T08:00:00.000Z
sensor.11_varmepumpe32a_active_power,45.39390566403333,2025-01-29T09:00:00.000Z
sensor.11_varmepumpe32a_active_power,1361.0192653451943,2025-01-29T10:00:00.000Z
sensor.11_varmepumpe32a_active_power,1346.5544501536945,2025-01-29T11:00:00.000Z
sensor.11_varmepumpe32a_active_power,593.4493545793472,2025-01-29T12:00:00.000Z
sensor.11_varmepumpe32a_active_power,983.5580282420333,2025-01-29T13:00:00.000Z
sensor.11_varmepumpe32a_active_power,894.2665369440779,2025-01-29T14:00:00.000Z
sensor.11_varmepumpe32a_active_power,396.99026834428054,2025-01-29T15:00:00.000Z
sensor.11_varmepumpe32a_active_power,32.40734893508889,2025-01-29T16:00:00.000Z
sensor.11_varmepumpe32a_active_power,52.18386038517778,2025-01-29T17:00:00.000Z
sensor.11_varmepumpe32a_active_power,1093.3754073804193,2025-01-29T18:00:00.000Z
sensor.11_varmepumpe32a_active_power,636.1778814846583,2025-01-29T19:00:00.000Z
sensor.11_varmepumpe32a_active_power,545.3080838826362,2025-01-29T20:00:00.000Z
sensor.11_varmepumpe32a_active_power,1065.9171578343223,2025-01-29T21:00:00.000Z
sensor.11_varmepumpe32a_active_power,276.6342165219722,2025-01-29T22:00:00.000Z
sensor.11_varmepumpe32a_active_power,830.370680571289,2025-01-29T23:00:00.000Z
sensor.11_varmepumpe32a_active_power,687.720068410075,2025-01-30T00:00:00.000Z
sensor.11_varmepumpe32a_active_power,836.5271325000361,2025-01-30T01:00:00.000Z
sensor.11_varmepumpe32a_active_power,1302.7582621607778,2025-01-30T02:00:00.000Z
sensor.11_varmepumpe32a_active_power,1708.4251585169723,2025-01-30T03:00:00.000Z
sensor.11_varmepumpe32a_active_power,1954.7518504727057,2025-01-30T04:00:00.000Z
sensor.11_varmepumpe32a_active_power,1333.0801827846167,2025-01-30T05:00:00.000Z
sensor.11_varmepumpe32a_active_power,1136.8879041557054,2025-01-30T06:00:00.000Z
sensor.11_varmepumpe32a_active_power,875.4182204373611,2025-01-30T07:00:00.000Z
sensor.11_varmepumpe32a_active_power,48.759626442125004,2025-01-30T08:00:00.000Z
sensor.11_varmepumpe32a_active_power,41.002361701961114,2025-01-30T09:00:00.000Z
sensor.11_varmepumpe32a_active_power,1210.2877324167555,2025-01-30T10:00:00.000Z
sensor.11_varmepumpe32a_active_power,1696.3860309304446,2025-01-30T11:00:00.000Z
sensor.11_varmepumpe32a_active_power,1476.7837004717028,2025-01-30T12:00:00.000Z
sensor.11_varmepumpe32a_active_power,1271.2927282298333,2025-01-30T13:00:00.000Z
sensor.11_varmepumpe32a_active_power,1085.3067975718889,2025-01-30T14:00:00.000Z
sensor.11_varmepumpe32a_active_power,1041.8189039762779,2025-01-30T15:00:00.000Z
sensor.11_varmepumpe32a_active_power,41.5808252725,2025-01-30T16:00:00.000Z
sensor.11_varmepumpe32a_active_power,48.05360226945555,2025-01-30T17:00:00.000Z
sensor.11_varmepumpe32a_active_power,1536.9594190984724,2025-01-30T18:00:00.000Z
sensor.11_varmepumpe32a_active_power,1363.6713268636695,2025-01-30T19:00:00.000Z
sensor.11_varmepumpe32a_active_power,1451.6502747516113,2025-01-30T20:00:00.000Z
sensor.11_varmepumpe32a_active_power,645.7980301730834,2025-01-30T21:00:00.000Z
sensor.11_varmepumpe32a_active_power,89.4021816985611,2025-01-30T22:00:00.000Z
sensor.11_varmepumpe32a_active_power,623.2945181887834,2025-01-30T23:00:00.000Z
sensor.11_varmepumpe32a_active_power,575.8022200273194,2025-01-31T00:00:00.000Z
sensor.11_varmepumpe32a_active_power,2659.742327338328,2025-01-31T01:00:00.000Z
sensor.11_varmepumpe32a_active_power,1635.0991641462585,2025-01-31T02:00:00.000Z
sensor.11_varmepumpe32a_active_power,1210.5352566250501,2025-01-31T03:00:00.000Z
sensor.11_varmepumpe32a_active_power,495.28780463392224,2025-01-31T04:00:00.000Z
sensor.11_varmepumpe32a_active_power,1703.4075365474027,2025-01-31T05:00:00.000Z
sensor.11_varmepumpe32a_active_power,1340.1049769667557,2025-01-31T06:00:00.000Z
sensor.11_varmepumpe32a_active_power,923.4599239778057,2025-01-31T07:00:00.000Z
sensor.11_varmepumpe32a_active_power,26.305660681375002,2025-01-31T08:00:00.000Z
sensor.11_varmepumpe32a_active_power,41.21374264947222,2025-01-31T09:00:00.000Z
sensor.11_varmepumpe32a_active_power,2849.272034820278,2025-01-31T10:00:00.000Z
sensor.11_varmepumpe32a_active_power,1987.5285735638918,2025-01-31T11:00:00.000Z
sensor.11_varmepumpe32a_active_power,920.1562514398888,2025-01-31T12:00:00.000Z
sensor.11_varmepumpe32a_active_power,2650.8805924487224,2025-01-31T13:00:00.000Z
sensor.11_varmepumpe32a_active_power,1343.9650741076973,2025-01-31T14:00:00.000Z
sensor.11_varmepumpe32a_active_power,1851.3348060785831,2025-01-31T15:00:00.000Z
sensor.11_varmepumpe32a_active_power,21.494877200666664,2025-01-31T16:00:00.000Z
sensor.11_varmepumpe32a_active_power,37.77441596018611,2025-01-31T17:00:00.000Z
sensor.11_varmepumpe32a_active_power,145.7496209467611,2025-01-31T18:00:00.000Z
sensor.11_varmepumpe32a_active_power,49.84671080860278,2025-01-31T19:00:00.000Z
sensor.11_varmepumpe32a_active_power,56.26849056897222,2025-01-31T20:00:00.000Z
sensor.11_varmepumpe32a_active_power,118.16262064810279,2025-01-31T21:00:00.000Z
sensor.11_varmepumpe32a_active_power,757.5615913820556,2025-01-31T22:00:00.000Z
sensor.11_varmepumpe32a_active_power,1680.8756537447944,2025-01-31T23:00:00.000Z
sensor.11_varmepumpe32a_active_power,1022.1934164605277,2025-02-01T00:00:00.000Z
sensor.11_varmepumpe32a_active_power,1554.6523962410836,2025-02-01T01:00:00.000Z
sensor.11_varmepumpe32a_active_power,2244.649621340764,2025-02-01T02:00:00.000Z
sensor.11_varmepumpe32a_active_power,1109.498676183611,2025-02-01T03:00:00.000Z
sensor.11_varmepumpe32a_active_power,3195.2514317726113,2025-02-01T04:00:00.000Z
sensor.11_varmepumpe32a_active_power,3321.9633403275,2025-02-01T05:00:00.000Z
sensor.11_varmepumpe32a_active_power,3260.1532502671507,2025-02-01T10:00:00.000Z
sensor.11_varmepumpe32a_active_power,2862.134053783167,2025-02-01T11:00:00.000Z
sensor.11_varmepumpe32a_active_power,304.1701000703722,2025-02-01T12:00:00.000Z
sensor.11_varmepumpe32a_active_power,2440.034009779317,2025-02-01T13:00:00.000Z
sensor.11_varmepumpe32a_active_power,1870.9124081070834,2025-02-01T14:00:00.000Z
sensor.11_varmepumpe32a_active_power,979.2888366633333,2025-02-01T15:00:00.000Z
sensor.11_varmepumpe32a_active_power,17.17525148216667,2025-02-01T16:00:00.000Z
sensor.11_varmepumpe32a_active_power,44.04503743132778,2025-02-01T17:00:00.000Z
sensor.11_varmepumpe32a_active_power,1440.0464007025,2025-02-01T18:00:00.000Z
sensor.11_varmepumpe32a_active_power,2298.4061969257223,2025-02-01T19:00:00.000Z
sensor.11_varmepumpe32a_active_power,1951.0895984440833,2025-02-01T20:00:00.000Z
sensor.11_varmepumpe32a_active_power,2121.0190305450838,2025-02-01T21:00:00.000Z
sensor.11_varmepumpe32a_active_power,650.9218786209944,2025-02-01T22:00:00.000Z
sensor.11_varmepumpe32a_active_power,607.4515811290639,2025-02-01T23:00:00.000Z
sensor.11_varmepumpe32a_active_power,2199.8946933300836,2025-02-02T00:00:00.000Z
sensor.11_varmepumpe32a_active_power,950.3025064628778,2025-02-02T01:00:00.000Z
sensor.11_varmepumpe32a_active_power,1883.9454004248416,2025-02-02T02:00:00.000Z
sensor.11_varmepumpe32a_active_power,2215.6314176650612,2025-02-02T03:00:00.000Z
sensor.11_varmepumpe32a_active_power,759.8146156723027,2025-02-02T04:00:00.000Z
sensor.11_varmepumpe32a_active_power,2727.575289570111,2025-02-02T05:00:00.000Z
sensor.11_varmepumpe32a_active_power,33.261539036583336,2025-02-02T06:00:00.000Z
sensor.11_varmepumpe32a_active_power,2140.9353609,2025-02-02T07:00:00.000Z
sensor.11_varmepumpe32a_active_power,50.00718691235833,2025-02-02T08:00:00.000Z
sensor.11_varmepumpe32a_active_power,45.897879270711115,2025-02-02T09:00:00.000Z
sensor.11_varmepumpe32a_active_power,1890.9309181252777,2025-02-02T10:00:00.000Z
sensor.11_varmepumpe32a_active_power,2236.3738339566944,2025-02-02T11:00:00.000Z
sensor.11_varmepumpe32a_active_power,509.0046636797222,2025-02-02T12:00:00.000Z
sensor.11_varmepumpe32a_active_power,2405.2060370104195,2025-02-02T13:00:00.000Z
sensor.11_varmepumpe32a_active_power,500.7002568525556,2025-02-02T14:00:00.000Z
sensor.11_varmepumpe32a_active_power,2377.858192298272,2025-02-02T15:00:00.000Z
sensor.11_varmepumpe32a_active_power,26.67209259675,2025-02-02T16:00:00.000Z
sensor.11_varmepumpe32a_active_power,43.54581135744445,2025-02-02T17:00:00.000Z
sensor.11_varmepumpe32a_active_power,2177.0678291239724,2025-02-02T18:00:00.000Z
sensor.11_varmepumpe32a_active_power,955.6807633214139,2025-02-02T19:00:00.000Z
sensor.11_varmepumpe32a_active_power,2140.9796407941417,2025-02-02T20:00:00.000Z
sensor.11_varmepumpe32a_active_power,401.38564550872223,2025-02-02T21:00:00.000Z
sensor.11_varmepumpe32a_active_power,245.0436766353889,2025-02-02T22:00:00.000Z
sensor.11_varmepumpe32a_active_power,2601.5196042530556,2025-02-02T23:00:00.000Z
sensor.11_varmepumpe32a_active_power,2464.4005095438943,2025-02-03T00:00:00.000Z
sensor.11_varmepumpe32a_active_power,636.0867951141944,2025-02-03T01:00:00.000Z
sensor.11_varmepumpe32a_active_power,2629.070160875525,2025-02-03T02:00:00.000Z
sensor.11_varmepumpe32a_active_power,1595.1769795621556,2025-02-03T03:00:00.000Z
sensor.11_varmepumpe32a_active_power,1810.340710623,2025-02-03T04:00:00.000Z
sensor.11_varmepumpe32a_active_power,2213.304912558792,2025-02-03T05:00:00.000Z
sensor.11_varmepumpe32a_active_power,1621.176648820625,2025-02-03T06:00:00.000Z
sensor.11_varmepumpe32a_active_power,73.98982183494444,2025-02-03T07:00:00.000Z
sensor.11_varmepumpe32a_active_power,40.363390621305555,2025-02-03T08:00:00.000Z
sensor.11_varmepumpe32a_active_power,1684.9741810115859,2025-02-03T09:00:00.000Z
sensor.11_varmepumpe32a_active_power,2053.636148342978,2025-02-03T10:00:00.000Z
sensor.11_varmepumpe32a_active_power,1778.2270897866863,2025-02-03T11:00:00.000Z
sensor.11_varmepumpe32a_active_power,1590.600006563389,2025-02-03T12:00:00.000Z
sensor.11_varmepumpe32a_active_power,779.3411318455555,2025-02-03T13:00:00.000Z
sensor.11_varmepumpe32a_active_power,1776.452886095011,2025-02-03T14:00:00.000Z
sensor.11_varmepumpe32a_active_power,1680.5154713963611,2025-02-03T15:00:00.000Z
sensor.11_varmepumpe32a_active_power,1166.8761162611222,2025-02-03T16:00:00.000Z
sensor.11_varmepumpe32a_active_power,32.665595601305554,2025-02-03T17:00:00.000Z
sensor.11_varmepumpe32a_active_power,41.69758627852222,2025-02-03T18:00:00.000Z
sensor.11_varmepumpe32a_active_power,1897.0984911485386,2025-02-03T19:00:00.000Z
sensor.11_varmepumpe32a_active_power,1276.9787439375,2025-02-03T20:00:00.000Z
sensor.11_varmepumpe32a_active_power,1240.1446165393888,2025-02-03T21:00:00.000Z
sensor.11_varmepumpe32a_active_power,1291.4614131556057,2025-02-03T22:00:00.000Z
sensor.11_varmepumpe32a_active_power,1161.2736842976556,2025-02-03T23:00:00.000Z
sensor.11_varmepumpe32a_active_power,2442.8549633488387,2025-02-04T00:00:00.000Z
sensor.11_varmepumpe32a_active_power,942.7983858642806,2025-02-04T01:00:00.000Z
sensor.11_varmepumpe32a_active_power,632.6041490695,2025-02-04T02:00:00.000Z
sensor.11_varmepumpe32a_active_power,1226.1255136807029,2025-02-04T03:00:00.000Z
sensor.11_varmepumpe32a_active_power,139.26747281854168,2025-02-04T04:00:00.000Z
sensor.11_varmepumpe32a_active_power,1037.1967223391946,2025-02-04T05:00:00.000Z
sensor.11_varmepumpe32a_active_power,1042.2056286396555,2025-02-04T06:00:00.000Z
sensor.11_varmepumpe32a_active_power,25.048495018597222,2025-02-04T07:00:00.000Z
sensor.11_varmepumpe32a_active_power,36.29417659166945,2025-02-04T08:00:00.000Z
sensor.11_varmepumpe32a_active_power,989.2557713816888,2025-02-04T09:00:00.000Z
sensor.11_varmepumpe32a_active_power,608.16050239835,2025-02-04T10:00:00.000Z
sensor.11_varmepumpe32a_active_power,698.1365091171666,2025-02-04T11:00:00.000Z
sensor.11_varmepumpe32a_active_power,646.684509095925,2025-02-04T12:00:00.000Z
sensor.11_varmepumpe32a_active_power,844.8530314574778,2025-02-04T13:00:00.000Z
sensor.11_varmepumpe32a_active_power,896.5136674754111,2025-02-04T14:00:00.000Z
sensor.11_varmepumpe32a_active_power,511.5270835117778,2025-02-04T15:00:00.000Z
sensor.11_varmepumpe32a_active_power,561.2120672082777,2025-02-04T16:00:00.000Z
sensor.11_varmepumpe32a_active_power,38.263117470805554,2025-02-04T17:00:00.000Z
sensor.11_varmepumpe32a_active_power,56.196837295600005,2025-02-04T18:00:00.000Z
sensor.11_varmepumpe32a_active_power,205.759139411475,2025-02-04T19:00:00.000Z
sensor.11_varmepumpe32a_active_power,1262.3537284413667,2025-02-04T20:00:00.000Z
sensor.11_varmepumpe32a_active_power,965.1060589273056,2025-02-04T21:00:00.000Z
sensor.11_varmepumpe32a_active_power,657.5978778266666,2025-02-04T22:00:00.000Z
sensor.11_varmepumpe32a_active_power,2129.0390856569197,2025-02-04T23:00:00.000Z
sensor.11_varmepumpe32a_active_power,1703.8379542045277,2025-02-05T00:00:00.000Z
sensor.11_varmepumpe32a_active_power,403.88783809313895,2025-02-05T01:00:00.000Z
sensor.11_varmepumpe32a_active_power,545.8697876364223,2025-02-05T02:00:00.000Z
sensor.11_varmepumpe32a_active_power,687.3402306335333,2025-02-05T03:00:00.000Z
sensor.11_varmepumpe32a_active_power,159.48585008231666,2025-02-05T04:00:00.000Z
sensor.11_varmepumpe32a_active_power,1453.8732282318667,2025-02-05T05:00:00.000Z
sensor.11_varmepumpe32a_active_power,1080.4635725939445,2025-02-05T06:00:00.000Z
sensor.11_varmepumpe32a_active_power,41.1222487175,2025-02-05T07:00:00.000Z
sensor.11_varmepumpe32a_active_power,45.735934648716665,2025-02-05T08:00:00.000Z
sensor.11_varmepumpe32a_active_power,1206.050067388125,2025-02-05T09:00:00.000Z
sensor.11_varmepumpe32a_active_power,614.0485035395556,2025-02-05T10:00:00.000Z
sensor.11_varmepumpe32a_active_power,923.0310449042305,2025-02-05T11:00:00.000Z
sensor.11_varmepumpe32a_active_power,605.4707538272111,2025-02-05T12:00:00.000Z
sensor.11_varmepumpe32a_active_power,407.21733734314444,2025-02-05T13:00:00.000Z
sensor.11_varmepumpe32a_active_power,415.14675181511114,2025-02-05T14:00:00.000Z
sensor.11_varmepumpe32a_active_power,443.8689192225277,2025-02-05T15:00:00.000Z
sensor.11_varmepumpe32a_active_power,333.7339475703805,2025-02-05T16:00:00.000Z
sensor.11_varmepumpe32a_active_power,39.314537455027775,2025-02-05T17:00:00.000Z
sensor.11_varmepumpe32a_active_power,47.350095984,2025-02-05T18:00:00.000Z
sensor.11_varmepumpe32a_active_power,1193.7860152761805,2025-02-05T19:00:00.000Z
sensor.11_varmepumpe32a_active_power,997.7463113843611,2025-02-05T20:00:00.000Z
sensor.11_varmepumpe32a_active_power,1387.5909195421946,2025-02-05T21:00:00.000Z
sensor.11_varmepumpe32a_active_power,1532.9646222462222,2025-02-05T22:00:00.000Z
sensor.11_varmepumpe32a_active_power,1228.6006731562777,2025-02-05T23:00:00.000Z
sensor.11_varmepumpe32a_active_power,1258.3287403503057,2025-02-06T00:00:00.000Z
sensor.11_varmepumpe32a_active_power,535.1908542840555,2025-02-06T01:00:00.000Z
sensor.11_varmepumpe32a_active_power,549.74366905725,2025-02-06T02:00:00.000Z
sensor.11_varmepumpe32a_active_power,1047.2153731629944,2025-02-06T03:00:00.000Z
sensor.11_varmepumpe32a_active_power,1173.8535794673583,2025-02-06T04:00:00.000Z
sensor.11_varmepumpe32a_active_power,1451.417284836917,2025-02-06T05:00:00.000Z
sensor.11_varmepumpe32a_active_power,1551.4843751268165,2025-02-06T06:00:00.000Z
sensor.11_varmepumpe32a_active_power,27.07573777338889,2025-02-06T07:00:00.000Z
sensor.11_varmepumpe32a_active_power,31.914349917655553,2025-02-06T08:00:00.000Z
sensor.11_varmepumpe32a_active_power,1227.391997137089,2025-02-06T09:00:00.000Z
sensor.11_varmepumpe32a_active_power,750.3056915052779,2025-02-06T10:00:00.000Z
sensor.11_varmepumpe32a_active_power,829.5387838243832,2025-02-06T11:00:00.000Z
sensor.11_varmepumpe32a_active_power,753.6109642601888,2025-02-06T12:00:00.000Z
sensor.11_varmepumpe32a_active_power,712.8557446991111,2025-02-06T13:00:00.000Z
sensor.11_varmepumpe32a_active_power,837.6825305031583,2025-02-06T14:00:00.000Z
sensor.11_varmepumpe32a_active_power,133.76975096402222,2025-02-06T15:00:00.000Z
sensor.11_varmepumpe32a_active_power,642.6532800381694,2025-02-06T16:00:00.000Z
sensor.11_varmepumpe32a_active_power,56.53590373384444,2025-02-06T17:00:00.000Z
sensor.11_varmepumpe32a_active_power,46.604554449333335,2025-02-06T18:00:00.000Z
sensor.11_varmepumpe32a_active_power,2280.914636619028,2025-02-06T19:00:00.000Z
sensor.11_varmepumpe32a_active_power,694.7111560794583,2025-02-06T20:00:00.000Z
sensor.11_varmepumpe32a_active_power,998.2856014070804,2025-02-06T21:00:00.000Z
sensor.11_varmepumpe32a_active_power,29.546598388194443,2025-02-06T22:00:00.000Z
sensor.11_varmepumpe32a_active_power,163.86807160749999,2025-02-06T23:00:00.000Z
sensor.11_varmepumpe32a_active_power,990.2038722571223,2025-02-07T00:00:00.000Z
sensor.11_varmepumpe32a_active_power,2474.138647440706,2025-02-07T01:00:00.000Z
sensor.11_varmepumpe32a_active_power,666.2885045247443,2025-02-07T02:00:00.000Z
sensor.11_varmepumpe32a_active_power,1380.9556134144889,2025-02-07T03:00:00.000Z
sensor.11_varmepumpe32a_active_power,919.3469264489028,2025-02-07T04:00:00.000Z
sensor.11_varmepumpe32a_active_power,3053.180872416055,2025-02-07T05:00:00.000Z
sensor.11_varmepumpe32a_active_power,1874.4521848542224,2025-02-07T06:00:00.000Z
sensor.11_varmepumpe32a_active_power,73.12551844508612,2025-02-07T07:00:00.000Z
sensor.11_varmepumpe32a_active_power,50.496884095522226,2025-02-07T08:00:00.000Z
sensor.11_varmepumpe32a_active_power,1108.2677359523443,2025-02-07T09:00:00.000Z
sensor.11_varmepumpe32a_active_power,1628.8164207819166,2025-02-07T10:00:00.000Z
sensor.11_varmepumpe32a_active_power,938.3139285880721,2025-02-07T11:00:00.000Z
sensor.11_varmepumpe32a_active_power,279.8164256982639,2025-02-07T12:00:00.000Z
sensor.11_varmepumpe32a_active_power,1261.7181564675946,2025-02-07T13:00:00.000Z
sensor.11_varmepumpe32a_active_power,1083.8920080489388,2025-02-07T14:00:00.000Z
sensor.11_varmepumpe32a_active_power,767.5922901685944,2025-02-07T15:00:00.000Z
sensor.11_varmepumpe32a_active_power,489.8478784773917,2025-02-07T16:00:00.000Z
sensor.11_varmepumpe32a_active_power,45.44754507223889,2025-02-07T17:00:00.000Z
sensor.11_varmepumpe32a_active_power,44.62576739901667,2025-02-07T18:00:00.000Z
sensor.11_varmepumpe32a_active_power,1566.456062983472,2025-02-07T19:00:00.000Z
sensor.11_varmepumpe32a_active_power,960.8780536258,2025-02-07T20:00:00.000Z
sensor.11_varmepumpe32a_active_power,992.6687542207668,2025-02-07T21:00:00.000Z
sensor.11_varmepumpe32a_active_power,582.5573070160111,2025-02-07T22:00:00.000Z
sensor.11_varmepumpe32a_active_power,842.8142917725389,2025-02-07T23:00:00.000Z
sensor.11_varmepumpe32a_active_power,425.54723530378334,2025-02-08T00:00:00.000Z
sensor.11_varmepumpe32a_active_power,761.0862174651944,2025-02-08T01:00:00.000Z
sensor.11_varmepumpe32a_active_power,703.2245268175111,2025-02-08T02:00:00.000Z
sensor.11_varmepumpe32a_active_power,1056.3333934517361,2025-02-08T03:00:00.000Z
sensor.11_varmepumpe32a_active_power,1749.2885418837557,2025-02-08T04:00:00.000Z
sensor.11_varmepumpe32a_active_power,1238.419437677336,2025-02-08T05:00:00.000Z
sensor.11_varmepumpe32a_active_power,1334.6302764100749,2025-02-08T06:00:00.000Z
sensor.11_varmepumpe32a_active_power,25.122401242719445,2025-02-08T07:00:00.000Z
sensor.11_varmepumpe32a_active_power,34.45431603247223,2025-02-08T08:00:00.000Z
sensor.11_varmepumpe32a_active_power,1192.6321164997223,2025-02-08T09:00:00.000Z
sensor.11_varmepumpe32a_active_power,1233.3833975726195,2025-02-08T10:00:00.000Z
sensor.11_varmepumpe32a_active_power,1339.4636057284972,2025-02-08T11:00:00.000Z
sensor.11_varmepumpe32a_active_power,1110.7680034373584,2025-02-08T12:00:00.000Z
sensor.11_varmepumpe32a_active_power,2017.1935513608278,2025-02-08T13:00:00.000Z
sensor.11_varmepumpe32a_active_power,930.838596622389,2025-02-08T14:00:00.000Z
sensor.11_varmepumpe32a_active_power,538.803207434975,2025-02-08T15:00:00.000Z
sensor.11_varmepumpe32a_active_power,794.4127936629611,2025-02-08T16:00:00.000Z
sensor.11_varmepumpe32a_active_power,31.442709463974996,2025-02-08T17:00:00.000Z
sensor.11_varmepumpe32a_active_power,35.019998189319445,2025-02-08T18:00:00.000Z
sensor.11_varmepumpe32a_active_power,2145.0327899406584,2025-02-08T19:00:00.000Z
sensor.11_varmepumpe32a_active_power,823.1449484285222,2025-02-08T20:00:00.000Z
sensor.11_varmepumpe32a_active_power,777.6065523875612,2025-02-08T21:00:00.000Z
sensor.11_varmepumpe32a_active_power,678.4229105010082,2025-02-08T22:00:00.000Z
sensor.11_varmepumpe32a_active_power,940.1578541553639,2025-02-08T23:00:00.000Z
sensor.11_varmepumpe32a_active_power,257.3753370163111,2025-02-09T00:00:00.000Z
sensor.11_varmepumpe32a_active_power,1241.4915421331832,2025-02-09T01:00:00.000Z
sensor.11_varmepumpe32a_active_power,1873.029727403986,2025-02-09T02:00:00.000Z
sensor.11_varmepumpe32a_active_power,1265.1207213528028,2025-02-09T03:00:00.000Z
sensor.11_varmepumpe32a_active_power,2519.6835779153334,2025-02-09T04:00:00.000Z
sensor.11_varmepumpe32a_active_power,904.5319632606166,2025-02-09T05:00:00.000Z
sensor.11_varmepumpe32a_active_power,3093.397883249778,2025-02-09T06:00:00.000Z
sensor.11_varmepumpe32a_active_power,26.077216970061112,2025-02-09T07:00:00.000Z
sensor.11_varmepumpe32a_active_power,43.96080002616667,2025-02-09T08:00:00.000Z
sensor.11_varmepumpe32a_active_power,1664.5258942944947,2025-02-09T09:00:00.000Z
sensor.11_varmepumpe32a_active_power,1703.6928753370084,2025-02-09T10:00:00.000Z
sensor.11_varmepumpe32a_active_power,1157.3588311700971,2025-02-09T11:00:00.000Z
sensor.11_varmepumpe32a_active_power,796.5758874935473,2025-02-09T12:00:00.000Z
sensor.11_varmepumpe32a_active_power,2594.133301490025,2025-02-09T13:00:00.000Z
sensor.11_varmepumpe32a_active_power,707.1045608673638,2025-02-09T14:00:00.000Z
sensor.11_varmepumpe32a_active_power,455.2501534541889,2025-02-09T15:00:00.000Z
sensor.11_varmepumpe32a_active_power,986.6402531367222,2025-02-09T16:00:00.000Z
sensor.11_varmepumpe32a_active_power,11.526190329833334,2025-02-09T17:00:00.000Z
sensor.11_varmepumpe32a_active_power,30.0566265217,2025-02-09T18:00:00.000Z
sensor.11_varmepumpe32a_active_power,510.6401913763084,2025-02-09T19:00:00.000Z
sensor.11_varmepumpe32a_active_power,2141.9805429427583,2025-02-09T20:00:00.000Z
sensor.11_varmepumpe32a_active_power,1808.797145697175,2025-02-09T21:00:00.000Z
sensor.11_varmepumpe32a_active_power,2078.8930934233076,2025-02-09T22:00:00.000Z
sensor.11_varmepumpe32a_active_power,892.9250374813138,2025-02-09T23:00:00.000Z
sensor.11_varmepumpe32a_active_power,1368.2154281297944,2025-02-10T00:00:00.000Z
sensor.11_varmepumpe32a_active_power,1967.936963999361,2025-02-10T01:00:00.000Z
sensor.11_varmepumpe32a_active_power,1724.1682466985167,2025-02-10T02:00:00.000Z
sensor.11_varmepumpe32a_active_power,95.36094497559166,2025-02-10T03:00:00.000Z
sensor.11_varmepumpe32a_active_power,1268.9688588293054,2025-02-10T04:00:00.000Z
sensor.11_varmepumpe32a_active_power,3309.8850926235446,2025-02-10T05:00:00.000Z
sensor.11_varmepumpe32a_active_power,1117.8503379199583,2025-02-10T06:00:00.000Z
sensor.11_varmepumpe32a_active_power,62.873544853216664,2025-02-10T07:00:00.000Z
sensor.11_varmepumpe32a_active_power,36.043943070611114,2025-02-10T08:00:00.000Z
sensor.11_varmepumpe32a_active_power,2753.7004723409555,2025-02-10T09:00:00.000Z
sensor.11_varmepumpe32a_active_power,2435.826178750861,2025-02-10T10:00:00.000Z
sensor.11_varmepumpe32a_active_power,675.7756347134722,2025-02-10T11:00:00.000Z
sensor.11_varmepumpe32a_active_power,441.00548615897225,2025-02-10T12:00:00.000Z
sensor.11_varmepumpe32a_active_power,636.4481342820889,2025-02-10T13:00:00.000Z
sensor.11_varmepumpe32a_active_power,1351.5584453142221,2025-02-10T14:00:00.000Z
sensor.11_varmepumpe32a_active_power,1654.1458957080777,2025-02-10T15:00:00.000Z
sensor.11_varmepumpe32a_active_power,1175.8017751969667,2025-02-10T16:00:00.000Z
sensor.11_varmepumpe32a_active_power,36.79482437113889,2025-02-10T17:00:00.000Z
sensor.11_varmepumpe32a_active_power,33.97541010622222,2025-02-10T18:00:00.000Z
sensor.11_varmepumpe32a_active_power,2462.2751236322224,2025-02-10T19:00:00.000Z
sensor.11_varmepumpe32a_active_power,1484.0276703727334,2025-02-10T20:00:00.000Z
sensor.11_varmepumpe32a_active_power,1375.6405846006276,2025-02-10T21:00:00.000Z
sensor.11_varmepumpe32a_active_power,1871.2817276615888,2025-02-10T22:00:00.000Z
sensor.11_varmepumpe32a_active_power,1764.9295785268278,2025-02-10T23:00:00.000Z
sensor.11_varmepumpe32a_active_power,1950.0606189158862,2025-02-11T00:00:00.000Z
sensor.11_varmepumpe32a_active_power,1969.525816134972,2025-02-11T01:00:00.000Z
sensor.11_varmepumpe32a_active_power,1312.1563710701917,2025-02-11T02:00:00.000Z
sensor.11_varmepumpe32a_active_power,1853.0437574390692,2025-02-11T03:00:00.000Z
sensor.11_varmepumpe32a_active_power,722.4131896003722,2025-02-11T04:00:00.000Z
sensor.11_varmepumpe32a_active_power,2794.2572711452776,2025-02-11T05:00:00.000Z
sensor.11_varmepumpe32a_active_power,2929.484502585989,2025-02-11T06:00:00.000Z
sensor.11_varmepumpe32a_active_power,105.87440269231388,2025-02-11T07:00:00.000Z
sensor.11_varmepumpe32a_active_power,26.254128268405555,2025-02-11T08:00:00.000Z
sensor.11_varmepumpe32a_active_power,1744.2609111607778,2025-02-11T09:00:00.000Z
sensor.11_varmepumpe32a_active_power,2352.708236029389,2025-02-11T10:00:00.000Z
sensor.11_varmepumpe32a_active_power,1564.2356966116333,2025-02-11T11:00:00.000Z
sensor.11_varmepumpe32a_active_power,1209.5809708345223,2025-02-11T12:00:00.000Z
sensor.11_varmepumpe32a_active_power,2166.474872251333,2025-02-11T13:00:00.000Z
sensor.11_varmepumpe32a_active_power,1611.0999258319555,2025-02-11T14:00:00.000Z
sensor.11_varmepumpe32a_active_power,1327.4733271786665,2025-02-11T15:00:00.000Z
sensor.11_varmepumpe32a_active_power,1427.5147714698971,2025-02-11T16:00:00.000Z
sensor.11_varmepumpe32a_active_power,42.60694427257222,2025-02-11T17:00:00.000Z
sensor.11_varmepumpe32a_active_power,36.38209382318333,2025-02-11T18:00:00.000Z
sensor.11_varmepumpe32a_active_power,2099.588425700578,2025-02-11T19:00:00.000Z
sensor.11_varmepumpe32a_active_power,2094.848950373989,2025-02-11T20:00:00.000Z
sensor.11_varmepumpe32a_active_power,1762.323817852567,2025-02-11T21:00:00.000Z
sensor.11_varmepumpe32a_active_power,3129.8932300899446,2025-02-11T22:00:00.000Z
sensor.11_varmepumpe32a_active_power,2328.9286052419775,2025-02-11T23:00:00.000Z
sensor.11_varmepumpe32a_active_power,1771.7568653135002,2025-02-12T00:00:00.000Z
sensor.11_varmepumpe32a_active_power,865.6541647298444,2025-02-12T01:00:00.000Z
sensor.11_varmepumpe32a_active_power,2530.6320964133333,2025-02-12T02:00:00.000Z
sensor.11_varmepumpe32a_active_power,2654.8766892238723,2025-02-12T03:00:00.000Z
sensor.11_varmepumpe32a_active_power,1181.784853855361,2025-02-12T04:00:00.000Z
sensor.11_varmepumpe32a_active_power,2823.2462189122502,2025-02-12T05:00:00.000Z
sensor.11_varmepumpe32a_active_power,3101.392858445361,2025-02-12T06:00:00.000Z
sensor.11_varmepumpe32a_active_power,931.4728510420279,2025-02-12T07:00:00.000Z
sensor.11_varmepumpe32a_active_power,94.3842856313611,2025-02-12T08:00:00.000Z
sensor.11_varmepumpe32a_active_power,2738.144420292445,2025-02-12T09:00:00.000Z
sensor.11_varmepumpe32a_active_power,344.3555383378028,2025-02-12T10:00:00.000Z
sensor.11_varmepumpe32a_active_power,3101.3251418636114,2025-02-12T11:00:00.000Z
sensor.11_varmepumpe32a_active_power,1096.6318705325555,2025-02-12T12:00:00.000Z
sensor.11_varmepumpe32a_active_power,3743.5442226305554,2025-02-12T13:00:00.000Z
sensor.11_varmepumpe32a_active_power,1278.0752491966666,2025-02-12T14:00:00.000Z
sensor.11_varmepumpe32a_active_power,1450.316593993889,2025-02-12T15:00:00.000Z
sensor.11_varmepumpe32a_active_power,1124.488554940511,2025-02-12T16:00:00.000Z
sensor.11_varmepumpe32a_active_power,555.2732544533055,2025-02-12T17:00:00.000Z
sensor.11_varmepumpe32a_active_power,416.3112333614695,2025-02-12T18:00:00.000Z
sensor.11_varmepumpe32a_active_power,2214.8411381880555,2025-02-12T19:00:00.000Z
sensor.11_varmepumpe32a_active_power,963.7888096990167,2025-02-12T20:00:00.000Z
sensor.11_varmepumpe32a_active_power,835.1134813376639,2025-02-12T21:00:00.000Z
sensor.11_varmepumpe32a_active_power,1388.9727639614027,2025-02-12T22:00:00.000Z
sensor.11_varmepumpe32a_active_power,2396.7624766307113,2025-02-12T23:00:00.000Z
sensor.11_varmepumpe32a_active_power,1700.0154017493887,2025-02-13T00:00:00.000Z
sensor.11_varmepumpe32a_active_power,1020.8720983781944,2025-02-13T01:00:00.000Z
sensor.11_varmepumpe32a_active_power,2249.619161311872,2025-02-13T02:00:00.000Z
sensor.11_varmepumpe32a_active_power,1356.6908816514444,2025-02-13T03:00:00.000Z
sensor.11_varmepumpe32a_active_power,674.9996103650277,2025-02-13T04:00:00.000Z
sensor.11_varmepumpe32a_active_power,2046.8988762899169,2025-02-13T05:00:00.000Z
sensor.11_varmepumpe32a_active_power,1677.3790415176945,2025-02-13T06:00:00.000Z
sensor.11_varmepumpe32a_active_power,56.60987571441666,2025-02-13T07:00:00.000Z
sensor.11_varmepumpe32a_active_power,37.13678222530555,2025-02-13T08:00:00.000Z
sensor.11_varmepumpe32a_active_power,1151.3507141624443,2025-02-13T09:00:00.000Z
sensor.11_varmepumpe32a_active_power,1184.5505928979694,2025-02-13T10:00:00.000Z
sensor.11_varmepumpe32a_active_power,881.2326920681944,2025-02-13T11:00:00.000Z
sensor.11_varmepumpe32a_active_power,1866.60964599615,2025-02-13T12:00:00.000Z
sensor.11_varmepumpe32a_active_power,2432.3910533737503,2025-02-13T13:00:00.000Z
sensor.11_varmepumpe32a_active_power,1839.6276480525,2025-02-13T14:00:00.000Z
sensor.11_varmepumpe32a_active_power,963.219070682639,2025-02-13T15:00:00.000Z
sensor.11_varmepumpe32a_active_power,1612.597754121611,2025-02-13T16:00:00.000Z
sensor.11_varmepumpe32a_active_power,26.61779982572222,2025-02-13T17:00:00.000Z
sensor.11_varmepumpe32a_active_power,40.20546620172778,2025-02-13T18:00:00.000Z
sensor.11_varmepumpe32a_active_power,1187.3896338663833,2025-02-13T19:00:00.000Z
sensor.11_varmepumpe32a_active_power,1110.595406889778,2025-02-13T20:00:00.000Z
sensor.11_varmepumpe32a_active_power,1198.3378980304335,2025-02-13T21:00:00.000Z
sensor.11_varmepumpe32a_active_power,1838.8123657844196,2025-02-13T22:00:00.000Z
sensor.11_varmepumpe32a_active_power,2439.249072623839,2025-02-13T23:00:00.000Z
sensor.11_varmepumpe32a_active_power,2859.518872395814,2025-02-14T00:00:00.000Z
sensor.11_varmepumpe32a_active_power,500.9926526215556,2025-02-14T01:00:00.000Z
sensor.11_varmepumpe32a_active_power,330.07319126790827,2025-02-14T02:00:00.000Z
sensor.11_varmepumpe32a_active_power,2219.391488868147,2025-02-14T03:00:00.000Z
sensor.11_varmepumpe32a_active_power,1589.5133450039166,2025-02-14T04:00:00.000Z
sensor.11_varmepumpe32a_active_power,3104.3659872308335,2025-02-14T05:00:00.000Z
sensor.11_varmepumpe32a_active_power,2053.3447268155733,2025-02-15T01:00:00.000Z
sensor.11_varmepumpe32a_active_power,1788.0302394587113,2025-02-15T02:00:00.000Z
sensor.11_varmepumpe32a_active_power,2850.3876113020556,2025-02-15T03:00:00.000Z
sensor.11_varmepumpe32a_active_power,2051.120447165639,2025-02-15T04:00:00.000Z
sensor.11_varmepumpe32a_active_power,1108.0968299944946,2025-02-15T05:00:00.000Z
sensor.11_varmepumpe32a_active_power,3422.9571870119166,2025-02-15T06:00:00.000Z
sensor.11_varmepumpe32a_active_power,37.478036072222224,2025-02-15T07:00:00.000Z
sensor.11_varmepumpe32a_active_power,48.933661743902775,2025-02-15T08:00:00.000Z
sensor.11_varmepumpe32a_active_power,307.12455686283334,2025-02-15T09:00:00.000Z
sensor.11_varmepumpe32a_active_power,2486.9648674504747,2025-02-15T10:00:00.000Z
sensor.11_varmepumpe32a_active_power,1319.5103796499723,2025-02-15T11:00:00.000Z
sensor.11_varmepumpe32a_active_power,991.4573593183333,2025-02-15T12:00:00.000Z
sensor.11_varmepumpe32a_active_power,3233.1933567589535,2025-02-18T07:00:00.000Z
sensor.11_varmepumpe32a_active_power,17.25681555027778,2025-02-18T08:00:00.000Z
sensor.11_varmepumpe32a_active_power,3776.3841498386114,2025-02-18T09:00:00.000Z
sensor.11_varmepumpe32a_active_power,4012.1188338572224,2025-02-18T10:00:00.000Z
sensor.11_varmepumpe32a_active_power,2729.9999894355556,2025-02-18T11:00:00.000Z
sensor.11_varmepumpe32a_active_power,2183.3832919943334,2025-02-18T12:00:00.000Z
sensor.11_varmepumpe32a_active_power,1405.3537996334999,2025-02-18T13:00:00.000Z
sensor.11_varmepumpe32a_active_power,1435.3922374977776,2025-02-18T14:00:00.000Z
sensor.11_varmepumpe32a_active_power,1451.3874518931668,2025-02-18T15:00:00.000Z
sensor.11_varmepumpe32a_active_power,1506.3314694463888,2025-02-18T16:00:00.000Z
sensor.11_varmepumpe32a_active_power,32.88884783722222,2025-02-18T17:00:00.000Z
sensor.11_varmepumpe32a_active_power,62.47505526138889,2025-02-18T18:00:00.000Z
sensor.11_varmepumpe32a_active_power,3032.5638954887777,2025-02-18T19:00:00.000Z
sensor.11_varmepumpe32a_active_power,796.6667149348333,2025-02-18T20:00:00.000Z
sensor.11_varmepumpe32a_active_power,3199.324759191389,2025-02-18T21:00:00.000Z
sensor.11_varmepumpe32a_active_power,2607.1415911738886,2025-02-18T22:00:00.000Z
sensor.11_varmepumpe32a_active_power,3312.904918303889,2025-02-18T23:00:00.000Z
sensor.11_varmepumpe32a_active_power,3199.976609825972,2025-02-19T00:00:00.000Z
sensor.11_varmepumpe32a_active_power,2794.1995922497226,2025-02-19T01:00:00.000Z
sensor.11_varmepumpe32a_active_power,3044.6855042988886,2025-02-19T02:00:00.000Z
sensor.11_varmepumpe32a_active_power,4066.395830213889,2025-02-19T03:00:00.000Z
sensor.11_varmepumpe32a_active_power,2897.5004601005553,2025-02-19T04:00:00.000Z
sensor.11_varmepumpe32a_active_power,2715.5589876544445,2025-02-19T05:00:00.000Z
sensor.11_varmepumpe32a_active_power,3806.666628558611,2025-02-19T06:00:00.000Z
sensor.11_varmepumpe32a_active_power,50.880990725611106,2025-02-19T07:00:00.000Z
sensor.11_varmepumpe32a_active_power,44.47352465183334,2025-02-19T08:00:00.000Z
sensor.11_varmepumpe32a_active_power,3286.8221725205553,2025-02-19T09:00:00.000Z
sensor.11_varmepumpe32a_active_power,4303.415390568333,2025-02-19T10:00:00.000Z
sensor.11_varmepumpe32a_active_power,3104.612233725,2025-02-19T11:00:00.000Z
sensor.11_varmepumpe32a_active_power,1276.8876583097224,2025-02-19T12:00:00.000Z
sensor.11_varmepumpe32a_active_power,2661.0676233649997,2025-02-19T13:00:00.000Z
sensor.11_varmepumpe32a_active_power,1782.0906873941667,2025-02-19T14:00:00.000Z
sensor.11_varmepumpe32a_active_power,1438.4172391444445,2025-02-19T15:00:00.000Z
sensor.11_varmepumpe32a_active_power,1931.9665851991667,2025-02-19T16:00:00.000Z
sensor.11_varmepumpe32a_active_power,46.21445457527778,2025-02-19T17:00:00.000Z
sensor.11_varmepumpe32a_active_power,60.11421186444445,2025-02-19T18:00:00.000Z
sensor.11_varmepumpe32a_active_power,1992.7352500069164,2025-02-19T19:00:00.000Z
sensor.11_varmepumpe32a_active_power,2955.686565344111,2025-02-19T20:00:00.000Z
sensor.11_varmepumpe32a_active_power,2419.8743843885836,2025-02-19T21:00:00.000Z
sensor.11_varmepumpe32a_active_power,2414.265415801639,2025-02-19T22:00:00.000Z
sensor.11_varmepumpe32a_active_power,741.8978896347777,2025-02-19T23:00:00.000Z
sensor.11_varmepumpe32a_active_power,843.6055431465334,2025-02-20T00:00:00.000Z
sensor.11_varmepumpe32a_active_power,604.11497490625,2025-02-20T01:00:00.000Z
sensor.11_varmepumpe32a_active_power,2086.5897501654445,2025-02-20T02:00:00.000Z
sensor.11_varmepumpe32a_active_power,1523.4289659281667,2025-02-20T03:00:00.000Z
sensor.11_varmepumpe32a_active_power,3097.292721702861,2025-02-20T04:00:00.000Z
sensor.11_varmepumpe32a_active_power,2262.4154684639448,2025-02-20T05:00:00.000Z
sensor.11_varmepumpe32a_active_power,1394.498921733389,2025-02-20T06:00:00.000Z
sensor.11_varmepumpe32a_active_power,22.05116774625,2025-02-20T07:00:00.000Z
sensor.11_varmepumpe32a_active_power,62.069908233888896,2025-02-20T08:00:00.000Z
sensor.11_varmepumpe32a_active_power,1977.2632729040554,2025-02-20T09:00:00.000Z
sensor.11_varmepumpe32a_active_power,1919.2916352506807,2025-02-20T10:00:00.000Z
sensor.11_varmepumpe32a_active_power,1803.4139205802778,2025-02-20T11:00:00.000Z
sensor.11_varmepumpe32a_active_power,789.3305513238889,2025-02-20T12:00:00.000Z
sensor.11_varmepumpe32a_active_power,3325.6947629452775,2025-02-20T13:00:00.000Z
sensor.11_varmepumpe32a_active_power,2219.8362873616666,2025-02-20T14:00:00.000Z
sensor.11_varmepumpe32a_active_power,2271.6684767939446,2025-02-20T15:00:00.000Z
sensor.11_varmepumpe32a_active_power,1791.3570504442778,2025-02-20T16:00:00.000Z
sensor.11_varmepumpe32a_active_power,25.651323752222222,2025-02-20T17:00:00.000Z
sensor.11_varmepumpe32a_active_power,39.60809164827778,2025-02-20T18:00:00.000Z
sensor.11_varmepumpe32a_active_power,2977.912664771111,2025-02-20T19:00:00.000Z
sensor.11_varmepumpe32a_active_power,2080.9252875622224,2025-02-20T20:00:00.000Z
sensor.11_varmepumpe32a_active_power,1951.9586016,2025-02-20T21:00:00.000Z
sensor.11_varmepumpe32a_active_power,2090.0203765633332,2025-02-20T22:00:00.000Z
sensor.11_varmepumpe32a_active_power,2297.041126045833,2025-02-20T23:00:00.000Z
sensor.11_varmepumpe32a_active_power,1888.486285394778,2025-02-21T00:00:00.000Z
sensor.11_varmepumpe32a_active_power,1431.6276500460278,2025-02-21T01:00:00.000Z
sensor.11_varmepumpe32a_active_power,1758.4005245481112,2025-02-21T02:00:00.000Z
sensor.11_varmepumpe32a_active_power,2757.2105081689447,2025-02-21T03:00:00.000Z
sensor.11_varmepumpe32a_active_power,1918.1394230604167,2025-02-21T04:00:00.000Z
sensor.11_varmepumpe32a_active_power,1758.3201075122222,2025-02-21T05:00:00.000Z
sensor.11_varmepumpe32a_active_power,755.4183509549722,2025-02-21T06:00:00.000Z
sensor.11_varmepumpe32a_active_power,22.546484819,2025-02-21T07:00:00.000Z
sensor.11_varmepumpe32a_active_power,55.67823052538889,2025-02-21T08:00:00.000Z
sensor.11_varmepumpe32a_active_power,1711.7155010465833,2025-02-21T09:00:00.000Z
sensor.11_varmepumpe32a_active_power,1412.9125364883557,2025-02-21T10:00:00.000Z
sensor.11_varmepumpe32a_active_power,1164.3429593854169,2025-02-21T11:00:00.000Z
sensor.11_varmepumpe32a_active_power,440.7238726887139,2025-02-21T12:00:00.000Z
sensor.11_varmepumpe32a_active_power,1534.3892048825555,2025-02-21T13:00:00.000Z
sensor.11_varmepumpe32a_active_power,720.5600492221055,2025-02-21T14:00:00.000Z
sensor.11_varmepumpe32a_active_power,1185.3004862401278,2025-02-21T15:00:00.000Z
sensor.11_varmepumpe32a_active_power,772.6668445313888,2025-02-21T16:00:00.000Z
sensor.11_varmepumpe32a_active_power,22.23961086093611,2025-02-21T17:00:00.000Z
sensor.11_varmepumpe32a_active_power,44.133922212305556,2025-02-21T18:00:00.000Z
sensor.11_varmepumpe32a_active_power,463.7481047091972,2025-02-21T19:00:00.000Z
sensor.11_varmepumpe32a_active_power,836.6798937171388,2025-02-21T20:00:00.000Z
sensor.11_varmepumpe32a_active_power,712.0968686945276,2025-02-21T21:00:00.000Z
sensor.11_varmepumpe32a_active_power,707.2965637865055,2025-02-21T22:00:00.000Z
sensor.11_varmepumpe32a_active_power,632.7976741381277,2025-02-21T23:00:00.000Z
sensor.11_varmepumpe32a_active_power,413.4311982082222,2025-02-22T00:00:00.000Z
sensor.11_varmepumpe32a_active_power,662.2324542863416,2025-02-22T01:00:00.000Z
sensor.11_varmepumpe32a_active_power,915.8457117187222,2025-02-22T02:00:00.000Z
sensor.11_varmepumpe32a_active_power,374.5904901524778,2025-02-22T03:00:00.000Z
sensor.11_varmepumpe32a_active_power,973.2724775509723,2025-02-22T04:00:00.000Z
sensor.11_varmepumpe32a_active_power,1154.4522349490176,2025-02-22T05:00:00.000Z
sensor.11_varmepumpe32a_active_power,452.42769987141673,2025-02-22T06:00:00.000Z
sensor.11_varmepumpe32a_active_power,43.082452126252775,2025-02-22T07:00:00.000Z
sensor.11_varmepumpe32a_active_power,47.55338738453333,2025-02-22T08:00:00.000Z
sensor.11_varmepumpe32a_active_power,1007.16610644845,2025-02-22T09:00:00.000Z
sensor.11_varmepumpe32a_active_power,1119.4002163465418,2025-02-22T10:00:00.000Z
sensor.11_varmepumpe32a_active_power,834.2613846068612,2025-02-22T11:00:00.000Z
sensor.11_varmepumpe32a_active_power,636.0941990376667,2025-02-22T12:00:00.000Z
sensor.11_varmepumpe32a_active_power,793.9802776992778,2025-02-22T13:00:00.000Z
sensor.11_varmepumpe32a_active_power,741.8630386682444,2025-02-22T14:00:00.000Z
sensor.11_varmepumpe32a_active_power,772.988556259536,2025-02-22T15:00:00.000Z
sensor.11_varmepumpe32a_active_power,904.8509241433417,2025-02-22T16:00:00.000Z
sensor.11_varmepumpe32a_active_power,26.42248738243333,2025-02-22T17:00:00.000Z
sensor.11_varmepumpe32a_active_power,40.24891751878056,2025-02-22T18:00:00.000Z
sensor.11_varmepumpe32a_active_power,1649.3740148266108,2025-02-22T19:00:00.000Z
sensor.11_varmepumpe32a_active_power,157.2650959723889,2025-02-22T20:00:00.000Z
sensor.11_varmepumpe32a_active_power,970.5812289723611,2025-02-22T21:00:00.000Z
sensor.11_varmepumpe32a_active_power,1209.6446589358334,2025-02-22T22:00:00.000Z
sensor.11_varmepumpe32a_active_power,444.29985384315,2025-02-22T23:00:00.000Z
sensor.11_varmepumpe32a_active_power,596.2110205320556,2025-02-23T00:00:00.000Z
sensor.11_varmepumpe32a_active_power,702.7046809778611,2025-02-23T01:00:00.000Z
sensor.11_varmepumpe32a_active_power,371.73855639769164,2025-02-23T02:00:00.000Z
sensor.11_varmepumpe32a_active_power,1032.2290760510527,2025-02-23T03:00:00.000Z
sensor.11_varmepumpe32a_active_power,725.8913166031389,2025-02-23T04:00:00.000Z
sensor.11_varmepumpe32a_active_power,894.73824676525,2025-02-23T05:00:00.000Z
sensor.11_varmepumpe32a_active_power,1146.4420800411556,2025-02-23T06:00:00.000Z
sensor.11_varmepumpe32a_active_power,21.114803847347222,2025-02-23T07:00:00.000Z
sensor.11_varmepumpe32a_active_power,44.45092131758333,2025-02-23T08:00:00.000Z
sensor.11_varmepumpe32a_active_power,1697.3714625357527,2025-02-23T09:00:00.000Z
sensor.11_varmepumpe32a_active_power,847.5234322713305,2025-02-23T10:00:00.000Z
sensor.11_varmepumpe32a_active_power,1033.9827229267944,2025-02-23T11:00:00.000Z
sensor.11_varmepumpe32a_active_power,387.333850020761,2025-02-23T12:00:00.000Z
sensor.11_varmepumpe32a_active_power,720.6822800757777,2025-02-23T13:00:00.000Z
sensor.11_varmepumpe32a_active_power,864.6499698289527,2025-02-23T14:00:00.000Z
sensor.11_varmepumpe32a_active_power,1200.3997048124722,2025-02-23T15:00:00.000Z
sensor.11_varmepumpe32a_active_power,724.4828677198251,2025-02-23T16:00:00.000Z
sensor.11_varmepumpe32a_active_power,48.00184919944444,2025-02-23T17:00:00.000Z
sensor.11_varmepumpe32a_active_power,37.802443590066666,2025-02-23T18:00:00.000Z
sensor.11_varmepumpe32a_active_power,848.5724128406945,2025-02-23T19:00:00.000Z
sensor.11_varmepumpe32a_active_power,937.5403264212167,2025-02-23T20:00:00.000Z
sensor.11_varmepumpe32a_active_power,1573.4387621779722,2025-02-23T21:00:00.000Z
sensor.11_varmepumpe32a_active_power,951.2906346639028,2025-02-23T22:00:00.000Z
sensor.11_varmepumpe32a_active_power,1296.1982258067499,2025-02-23T23:00:00.000Z
sensor.11_varmepumpe32a_active_power,530.9606029789584,2025-02-24T00:00:00.000Z
sensor.11_varmepumpe32a_active_power,1040.8270860359194,2025-02-24T01:00:00.000Z
sensor.11_varmepumpe32a_active_power,1130.3005265618222,2025-02-24T02:00:00.000Z
sensor.11_varmepumpe32a_active_power,1707.0803020968888,2025-02-24T03:00:00.000Z
sensor.11_varmepumpe32a_active_power,1254.3350548322446,2025-02-24T04:00:00.000Z
sensor.11_varmepumpe32a_active_power,1007.2870412571943,2025-02-24T05:00:00.000Z
sensor.11_varmepumpe32a_active_power,917.4543596761611,2025-02-24T06:00:00.000Z
sensor.11_varmepumpe32a_active_power,39.12306735813889,2025-02-24T07:00:00.000Z
sensor.11_varmepumpe32a_active_power,31.791363286172224,2025-02-24T08:00:00.000Z
sensor.11_varmepumpe32a_active_power,992.1054868254778,2025-02-24T09:00:00.000Z
sensor.11_varmepumpe32a_active_power,1208.2789635133138,2025-02-24T10:00:00.000Z
sensor.11_varmepumpe32a_active_power,964.564781231,2025-02-24T11:00:00.000Z
sensor.11_varmepumpe32a_active_power,866.5000671740555,2025-02-24T12:00:00.000Z
sensor.11_varmepumpe32a_active_power,697.0357024677778,2025-02-24T13:00:00.000Z
sensor.11_varmepumpe32a_active_power,534.1548145846361,2025-02-24T14:00:00.000Z
sensor.11_varmepumpe32a_active_power,476.3476699429444,2025-02-24T15:00:00.000Z
sensor.11_varmepumpe32a_active_power,868.52448029475,2025-02-24T16:00:00.000Z
sensor.11_varmepumpe32a_active_power,44.45826207774444,2025-02-24T17:00:00.000Z
sensor.11_varmepumpe32a_active_power,53.56950121377778,2025-02-24T18:00:00.000Z
sensor.11_varmepumpe32a_active_power,930.2236699409445,2025-02-24T19:00:00.000Z
sensor.11_varmepumpe32a_active_power,796.3147802753723,2025-02-24T20:00:00.000Z
sensor.11_varmepumpe32a_active_power,814.2683081333333,2025-02-24T21:00:00.000Z
sensor.11_varmepumpe32a_active_power,1022.44556034204,2025-02-26T21:00:00.000Z
sensor.11_varmepumpe32a_active_power,944.8518046114306,2025-02-26T22:00:00.000Z
sensor.11_varmepumpe32a_active_power,1686.4193016481388,2025-02-26T23:00:00.000Z
sensor.11_varmepumpe32a_active_power,987.555391866389,2025-02-27T00:00:00.000Z
sensor.11_varmepumpe32a_active_power,1057.0893645711112,2025-02-27T01:00:00.000Z
sensor.11_varmepumpe32a_active_power,835.3892931743056,2025-02-27T02:00:00.000Z
sensor.11_varmepumpe32a_active_power,941.3675513113999,2025-02-27T03:00:00.000Z
sensor.11_varmepumpe32a_active_power,2244.156134407222,2025-02-27T04:00:00.000Z
sensor.11_varmepumpe32a_active_power,1444.3009448309388,2025-02-27T05:00:00.000Z
sensor.11_varmepumpe32a_active_power,1554.3665184127221,2025-02-27T06:00:00.000Z
sensor.11_varmepumpe32a_active_power,30.790748739419442,2025-02-27T07:00:00.000Z
sensor.11_varmepumpe32a_active_power,47.36829202258334,2025-02-27T08:00:00.000Z
sensor.11_varmepumpe32a_active_power,1422.2842413961669,2025-02-27T09:00:00.000Z
sensor.11_varmepumpe32a_active_power,1066.30505515425,2025-02-27T10:00:00.000Z
sensor.11_varmepumpe32a_active_power,1082.6144865402223,2025-02-27T11:00:00.000Z
sensor.11_varmepumpe32a_active_power,356.16728414805556,2025-02-27T12:00:00.000Z
sensor.11_varmepumpe32a_active_power,1724.4568386903056,2025-02-27T13:00:00.000Z
sensor.11_varmepumpe32a_active_power,932.4316121540556,2025-02-27T14:00:00.000Z
sensor.11_varmepumpe32a_active_power,1065.832924592611,2025-02-27T15:00:00.000Z
sensor.11_varmepumpe32a_active_power,693.4897188536389,2025-02-27T16:00:00.000Z
sensor.11_varmepumpe32a_active_power,47.75707128620278,2025-02-27T17:00:00.000Z
sensor.11_varmepumpe32a_active_power,49.38671205215278,2025-02-27T18:00:00.000Z
sensor.11_varmepumpe32a_active_power,756.8808297347167,2025-02-27T19:00:00.000Z
sensor.11_varmepumpe32a_active_power,1386.0335349317777,2025-02-27T20:00:00.000Z
sensor.11_varmepumpe32a_active_power,1953.2421094583167,2025-02-27T21:00:00.000Z
sensor.11_varmepumpe32a_active_power,1296.979687539889,2025-02-27T22:00:00.000Z
sensor.11_varmepumpe32a_active_power,1960.1671041647558,2025-02-27T23:00:00.000Z
sensor.11_varmepumpe32a_active_power,1488.279898394561,2025-02-28T00:00:00.000Z
sensor.11_varmepumpe32a_active_power,1207.6952886955332,2025-02-28T01:00:00.000Z
sensor.11_varmepumpe32a_active_power,1182.2038750159445,2025-02-28T02:00:00.000Z
sensor.11_varmepumpe32a_active_power,1303.330459851325,2025-02-28T03:00:00.000Z
sensor.11_varmepumpe32a_active_power,1442.6766362552805,2025-02-28T04:00:00.000Z
sensor.11_varmepumpe32a_active_power,1563.8442968134257,2025-02-28T05:00:00.000Z
sensor.11_varmepumpe32a_active_power,1459.4182439880558,2025-02-28T06:00:00.000Z
sensor.11_varmepumpe32a_active_power,27.032615997608332,2025-02-28T07:00:00.000Z
sensor.11_varmepumpe32a_active_power,52.40647212258333,2025-02-28T08:00:00.000Z
sensor.11_varmepumpe32a_active_power,2551.8324070232225,2025-02-28T09:00:00.000Z
sensor.11_varmepumpe32a_active_power,2228.8960385808195,2025-02-28T10:00:00.000Z
sensor.11_varmepumpe32a_active_power,731.992156208625,2025-02-28T11:00:00.000Z
sensor.11_varmepumpe32a_active_power,807.8633536787111,2025-02-28T12:00:00.000Z
sensor.11_varmepumpe32a_active_power,1891.9658625909833,2025-02-28T13:00:00.000Z
sensor.11_varmepumpe32a_active_power,817.8415075856111,2025-02-28T14:00:00.000Z
sensor.11_varmepumpe32a_active_power,1130.6385342931667,2025-02-28T15:00:00.000Z
sensor.11_varmepumpe32a_active_power,918.62969542845,2025-02-28T16:00:00.000Z
sensor.11_varmepumpe32a_active_power,52.28372304036111,2025-02-28T17:00:00.000Z
sensor.11_varmepumpe32a_active_power,60.43687065947778,2025-02-28T18:00:00.000Z
sensor.11_varmepumpe32a_active_power,791.7388233078613,2025-02-28T19:00:00.000Z
sensor.11_varmepumpe32a_active_power,1923.5080844106694,2025-02-28T20:00:00.000Z
sensor.11_varmepumpe32a_active_power,1999.7933852957722,2025-02-28T21:00:00.000Z
sensor.11_varmepumpe32a_active_power,2058.614898298722,2025-02-28T22:00:00.000Z
sensor.11_varmepumpe32a_active_power,1557.412384484972,2025-02-28T23:00:00.000Z
sensor.11_varmepumpe32a_active_power,1944.2558974842389,2025-03-01T00:00:00.000Z
sensor.11_varmepumpe32a_active_power,1431.4958340218334,2025-03-01T01:00:00.000Z
sensor.11_varmepumpe32a_active_power,1348.5264834929333,2025-03-01T02:00:00.000Z
sensor.11_varmepumpe32a_active_power,1207.291726060775,2025-03-01T03:00:00.000Z
sensor.11_varmepumpe32a_active_power,1058.1542495503056,2025-03-01T04:00:00.000Z
sensor.11_varmepumpe32a_active_power,1838.083226557361,2025-03-01T05:00:00.000Z
sensor.11_varmepumpe32a_active_power,1884.1496408564583,2025-03-01T06:00:00.000Z
sensor.11_varmepumpe32a_active_power,30.133744330555558,2025-03-01T07:00:00.000Z
sensor.11_varmepumpe32a_active_power,52.735804484166664,2025-03-01T08:00:00.000Z
sensor.11_varmepumpe32a_active_power,2414.20853904875,2025-03-01T09:00:00.000Z
sensor.11_varmepumpe32a_active_power,1347.8106841297222,2025-03-01T10:00:00.000Z
sensor.11_varmepumpe32a_active_power,1892.1522845871084,2025-03-01T11:00:00.000Z
sensor.11_varmepumpe32a_active_power,960.2471794593611,2025-03-01T12:00:00.000Z
sensor.11_varmepumpe32a_active_power,1986.5539692369139,2025-03-01T13:00:00.000Z
sensor.11_varmepumpe32a_active_power,1473.968314668625,2025-03-01T14:00:00.000Z
sensor.11_varmepumpe32a_active_power,598.3636778208278,2025-03-01T15:00:00.000Z
sensor.11_varmepumpe32a_active_power,682.1850441427833,2025-03-01T16:00:00.000Z
sensor.11_varmepumpe32a_active_power,48.701175344775,2025-03-01T17:00:00.000Z
sensor.11_varmepumpe32a_active_power,49.229319877411115,2025-03-01T18:00:00.000Z
sensor.11_varmepumpe32a_active_power,2240.5155067490555,2025-03-01T19:00:00.000Z
sensor.11_varmepumpe32a_active_power,1240.0908713615001,2025-03-01T20:00:00.000Z
sensor.11_varmepumpe32a_active_power,1370.587391507889,2025-03-01T21:00:00.000Z
sensor.11_varmepumpe32a_active_power,1241.171058025139,2025-03-01T22:00:00.000Z
sensor.11_varmepumpe32a_active_power,1168.2655039222639,2025-03-01T23:00:00.000Z
sensor.11_varmepumpe32a_active_power,1235.81267472565,2025-03-02T00:00:00.000Z
sensor.11_varmepumpe32a_active_power,999.0848058869445,2025-03-02T01:00:00.000Z
sensor.11_varmepumpe32a_active_power,822.8219015540805,2025-03-02T02:00:00.000Z
sensor.11_varmepumpe32a_active_power,811.4730076786167,2025-03-02T03:00:00.000Z
sensor.11_varmepumpe32a_active_power,1755.04938934575,2025-03-02T04:00:00.000Z
sensor.11_varmepumpe32a_active_power,1836.873433729872,2025-03-02T05:00:00.000Z
sensor.11_varmepumpe32a_active_power,1059.5056563995834,2025-03-02T06:00:00.000Z
sensor.11_varmepumpe32a_active_power,42.98707640061111,2025-03-02T07:00:00.000Z
sensor.11_varmepumpe32a_active_power,38.03463059137222,2025-03-02T08:00:00.000Z
sensor.11_varmepumpe32a_active_power,1387.0056938094222,2025-03-02T09:00:00.000Z
sensor.11_varmepumpe32a_active_power,914.4174914292279,2025-03-02T10:00:00.000Z
sensor.11_varmepumpe32a_active_power,988.1425454337777,2025-03-02T11:00:00.000Z
sensor.11_varmepumpe32a_active_power,1080.7747676863055,2025-03-02T12:00:00.000Z
sensor.11_varmepumpe32a_active_power,585.5413383772778,2025-03-02T13:00:00.000Z
sensor.11_varmepumpe32a_active_power,641.2045935554722,2025-03-02T14:00:00.000Z
sensor.11_varmepumpe32a_active_power,412.9661882533333,2025-03-02T15:00:00.000Z
sensor.11_varmepumpe32a_active_power,496.36298504644446,2025-03-02T16:00:00.000Z
sensor.11_varmepumpe32a_active_power,58.996119528055566,2025-03-02T17:00:00.000Z
sensor.11_varmepumpe32a_active_power,34.68428101,2025-03-02T18:00:00.000Z
sensor.11_varmepumpe32a_active_power,1267.8630219224444,2025-03-02T19:00:00.000Z
sensor.11_varmepumpe32a_active_power,1121.0344891087332,2025-03-02T20:00:00.000Z
sensor.11_varmepumpe32a_active_power,1016.7808765129834,2025-03-02T21:00:00.000Z
sensor.11_varmepumpe32a_active_power,1202.952328376389,2025-03-02T22:00:00.000Z
sensor.11_varmepumpe32a_active_power,1270.2349469773278,2025-03-02T23:00:00.000Z
sensor.11_varmepumpe32a_active_power,1063.5454526948336,2025-03-03T00:00:00.000Z
sensor.11_varmepumpe32a_active_power,1299.2017070234308,2025-03-03T01:00:00.000Z
sensor.11_varmepumpe32a_active_power,886.8780742183889,2025-03-03T02:00:00.000Z
sensor.11_varmepumpe32a_active_power,1637.3501074419667,2025-03-03T03:00:00.000Z
sensor.11_varmepumpe32a_active_power,1355.0918659287618,2025-03-03T04:00:00.000Z
sensor.11_varmepumpe32a_active_power,250.5851123015238,2025-03-03T15:00:00.000Z
sensor.11_varmepumpe32a_active_power,328.28939198333336,2025-03-03T16:00:00.000Z
sensor.11_varmepumpe32a_active_power,36.531350668061116,2025-03-03T17:00:00.000Z
sensor.11_varmepumpe32a_active_power,58.43202733922222,2025-03-03T18:00:00.000Z
sensor.11_varmepumpe32a_active_power,891.1562556290138,2025-03-03T19:00:00.000Z
sensor.11_varmepumpe32a_active_power,714.529535692861,2025-03-03T20:00:00.000Z
sensor.11_varmepumpe32a_active_power,738.5379894722,2025-03-03T21:00:00.000Z
sensor.11_varmepumpe32a_active_power,941.6027680252417,2025-03-03T22:00:00.000Z
sensor.11_varmepumpe32a_active_power,405.57019156840283,2025-03-03T23:00:00.000Z
sensor.11_varmepumpe32a_active_power,573.8125852908333,2025-03-04T00:00:00.000Z
sensor.11_varmepumpe32a_active_power,733.7508268998332,2025-03-04T01:00:00.000Z
sensor.11_varmepumpe32a_active_power,1094.3888059130556,2025-03-04T02:00:00.000Z
sensor.11_varmepumpe32a_active_power,1469.3770143704917,2025-03-04T03:00:00.000Z
sensor.11_varmepumpe32a_active_power,385.24009401359444,2025-03-04T04:00:00.000Z
sensor.11_varmepumpe32a_active_power,1370.9434538325002,2025-03-04T05:00:00.000Z
sensor.11_varmepumpe32a_active_power,845.604141268,2025-03-04T06:00:00.000Z
sensor.11_varmepumpe32a_active_power,20.76803742517222,2025-03-04T07:00:00.000Z
sensor.11_varmepumpe32a_active_power,48.992312956894445,2025-03-04T08:00:00.000Z
sensor.11_varmepumpe32a_active_power,964.8779571702722,2025-03-04T09:00:00.000Z
sensor.11_varmepumpe32a_active_power,907.2288669591667,2025-03-04T10:00:00.000Z
sensor.11_varmepumpe32a_active_power,469.97121065019445,2025-03-04T11:00:00.000Z
sensor.11_varmepumpe32a_active_power,462.32980102133325,2025-03-04T12:00:00.000Z
sensor.11_varmepumpe32a_active_power,663.47150454205,2025-03-04T13:00:00.000Z
sensor.11_varmepumpe32a_active_power,923.0709037313055,2025-03-04T14:00:00.000Z
sensor.11_varmepumpe32a_active_power,795.8788287024445,2025-03-04T15:00:00.000Z
sensor.11_varmepumpe32a_active_power,400.90971296164724,2025-03-04T16:00:00.000Z
sensor.11_varmepumpe32a_active_power,309.26306194472227,2025-03-04T17:00:00.000Z
sensor.11_varmepumpe32a_active_power,961.0404176903334,2025-03-04T18:00:00.000Z
sensor.11_varmepumpe32a_active_power,638.4720568718055,2025-03-04T19:00:00.000Z
sensor.11_varmepumpe32a_active_power,824.9427378925001,2025-03-04T20:00:00.000Z
sensor.11_varmepumpe32a_active_power,859.6347226408334,2025-03-04T21:00:00.000Z
sensor.11_varmepumpe32a_active_power,736.8252217125555,2025-03-04T22:00:00.000Z
sensor.11_varmepumpe32a_active_power,533.3732795266556,2025-03-04T23:00:00.000Z
sensor.11_varmepumpe32a_active_power,1210.9761943167775,2025-03-05T00:00:00.000Z
sensor.11_varmepumpe32a_active_power,2206.148523886111,2025-03-05T01:00:00.000Z
sensor.11_varmepumpe32a_active_power,791.9617288970472,2025-03-05T02:00:00.000Z
sensor.11_varmepumpe32a_active_power,1479.2298110776835,2025-03-05T03:00:00.000Z
sensor.11_varmepumpe32a_active_power,798.6429128568001,2025-03-05T04:00:00.000Z
sensor.11_varmepumpe32a_active_power,1673.6599712625277,2025-03-05T05:00:00.000Z
sensor.11_varmepumpe32a_active_power,734.5026624501944,2025-03-05T06:00:00.000Z
sensor.11_varmepumpe32a_active_power,73.63887566627778,2025-03-05T07:00:00.000Z
sensor.11_varmepumpe32a_active_power,59.629011995666666,2025-03-05T08:00:00.000Z
sensor.11_varmepumpe32a_active_power,895.5567431329611,2025-03-05T09:00:00.000Z
sensor.11_varmepumpe32a_active_power,646.9131681559444,2025-03-05T10:00:00.000Z
sensor.11_varmepumpe32a_active_power,951.1036280407221,2025-03-05T11:00:00.000Z
sensor.11_varmepumpe32a_active_power,1078.885835126711,2025-03-05T12:00:00.000Z
sensor.11_varmepumpe32a_active_power,714.3797165821888,2025-03-05T13:00:00.000Z
sensor.11_varmepumpe32a_active_power,149.91466866472223,2025-03-05T14:00:00.000Z
sensor.11_varmepumpe32a_active_power,436.27376968472225,2025-03-05T15:00:00.000Z
sensor.11_varmepumpe32a_active_power,531.1073733397222,2025-03-05T16:00:00.000Z
sensor.11_varmepumpe32a_active_power,54.37549634777778,2025-03-05T17:00:00.000Z
sensor.11_varmepumpe32a_active_power,62.8959114845,2025-03-05T18:00:00.000Z
sensor.11_varmepumpe32a_active_power,747.5951169662777,2025-03-05T19:00:00.000Z
sensor.11_varmepumpe32a_active_power,789.5497068130556,2025-03-05T20:00:00.000Z
sensor.11_varmepumpe32a_active_power,586.4880454017223,2025-03-05T21:00:00.000Z
sensor.11_varmepumpe32a_active_power,553.9854198658611,2025-03-05T22:00:00.000Z
sensor.11_varmepumpe32a_active_power,3209.490014571389,2025-03-05T23:00:00.000Z
sensor.11_varmepumpe32a_active_power,942.0645398508333,2025-03-06T00:00:00.000Z
sensor.11_varmepumpe32a_active_power,581.6460273486111,2025-03-06T01:00:00.000Z
sensor.11_varmepumpe32a_active_power,601.2371162513889,2025-03-06T02:00:00.000Z
sensor.11_varmepumpe32a_active_power,1382.981915063611,2025-03-06T03:00:00.000Z
sensor.11_varmepumpe32a_active_power,782.2335772683333,2025-03-06T04:00:00.000Z
sensor.11_varmepumpe32a_active_power,1123.727455778611,2025-03-06T05:00:00.000Z
sensor.11_varmepumpe32a_active_power,684.0915352997222,2025-03-06T06:00:00.000Z
sensor.11_varmepumpe32a_active_power,61.19588255522222,2025-03-06T07:00:00.000Z
sensor.11_varmepumpe32a_active_power,62.92911996472222,2025-03-06T08:00:00.000Z
sensor.11_varmepumpe32a_active_power,538.9690868834999,2025-03-06T09:00:00.000Z
sensor.11_varmepumpe32a_active_power,752.2213276616667,2025-03-06T10:00:00.000Z
sensor.11_varmepumpe32a_active_power,1358.003419573889,2025-03-06T11:00:00.000Z
sensor.11_varmepumpe32a_active_power,1004.5322335194445,2025-03-06T12:00:00.000Z
sensor.11_varmepumpe32a_active_power,229.44753386916668,2025-03-06T13:00:00.000Z
sensor.11_varmepumpe32a_active_power,301.0901480608333,2025-03-06T14:00:00.000Z
sensor.11_varmepumpe32a_active_power,290.17440168083334,2025-03-06T15:00:00.000Z
sensor.11_varmepumpe32a_active_power,213.64952225194443,2025-03-06T16:00:00.000Z
sensor.11_varmepumpe32a_active_power,67.78494598416667,2025-03-06T17:00:00.000Z
sensor.11_varmepumpe32a_active_power,63.29188182194445,2025-03-06T18:00:00.000Z
sensor.11_varmepumpe32a_active_power,447.92412529122225,2025-03-06T19:00:00.000Z
sensor.11_varmepumpe32a_active_power,979.6675655666667,2025-03-06T20:00:00.000Z
sensor.11_varmepumpe32a_active_power,1141.2564443119443,2025-03-06T21:00:00.000Z
sensor.11_varmepumpe32a_active_power,1674.953354269722,2025-03-06T22:00:00.000Z
sensor.11_varmepumpe32a_active_power,1448.544681471111,2025-03-06T23:00:00.000Z
sensor.11_varmepumpe32a_active_power,1776.880290411111,2025-03-07T00:00:00.000Z
sensor.11_varmepumpe32a_active_power,1247.351716391111,2025-03-07T01:00:00.000Z
sensor.11_varmepumpe32a_active_power,1153.4907559761111,2025-03-07T02:00:00.000Z
sensor.11_varmepumpe32a_active_power,2184.248579422639,2025-03-07T03:00:00.000Z
sensor.11_varmepumpe32a_active_power,1759.7261279306667,2025-03-07T04:00:00.000Z
sensor.11_varmepumpe32a_active_power,1777.5064043444443,2025-03-07T05:00:00.000Z
sensor.11_varmepumpe32a_active_power,1073.374375038111,2025-03-07T06:00:00.000Z
sensor.11_varmepumpe32a_active_power,11.611063088055554,2025-03-07T07:00:00.000Z
sensor.11_varmepumpe32a_active_power,43.123220383888885,2025-03-07T08:00:00.000Z
sensor.11_varmepumpe32a_active_power,1432.8661677019445,2025-03-07T09:00:00.000Z
sensor.11_varmepumpe32a_active_power,1362.714481275,2025-03-07T10:00:00.000Z
sensor.11_varmepumpe32a_active_power,1581.7887875727777,2025-03-07T11:00:00.000Z
sensor.11_varmepumpe32a_active_power,1599.2765763300001,2025-03-07T12:00:00.000Z
sensor.11_varmepumpe32a_active_power,1039.2338216927776,2025-03-07T13:00:00.000Z
sensor.11_varmepumpe32a_active_power,873.8335209091666,2025-03-07T14:00:00.000Z
sensor.11_varmepumpe32a_active_power,664.4243264794444,2025-03-07T15:00:00.000Z
sensor.11_varmepumpe32a_active_power,924.55173493325,2025-03-07T16:00:00.000Z
sensor.11_varmepumpe32a_active_power,45.303686221944446,2025-03-07T17:00:00.000Z
sensor.11_varmepumpe32a_active_power,62.729704211944444,2025-03-07T18:00:00.000Z
sensor.11_varmepumpe32a_active_power,941.1655637030555,2025-03-07T19:00:00.000Z
sensor.11_varmepumpe32a_active_power,840.1448644938888,2025-03-07T20:00:00.000Z
sensor.11_varmepumpe32a_active_power,963.0509084161112,2025-03-07T21:00:00.000Z
sensor.11_varmepumpe32a_active_power,364.40602190861114,2025-03-07T22:00:00.000Z
sensor.11_varmepumpe32a_active_power,63.972774119388895,2025-03-07T23:00:00.000Z
sensor.11_varmepumpe32a_active_power,212.5059760647222,2025-03-08T00:00:00.000Z
sensor.11_varmepumpe32a_active_power,936.2322022830555,2025-03-08T01:00:00.000Z
sensor.11_varmepumpe32a_active_power,1135.7520572944445,2025-03-08T02:00:00.000Z
sensor.11_varmepumpe32a_active_power,2352.553221028889,2025-03-08T03:00:00.000Z
sensor.11_varmepumpe32a_active_power,1759.6725032528611,2025-03-08T04:00:00.000Z
sensor.11_varmepumpe32a_active_power,1048.9060107822222,2025-03-08T05:00:00.000Z
sensor.11_varmepumpe32a_active_power,2045.6432237122224,2025-03-08T06:00:00.000Z
sensor.11_varmepumpe32a_active_power,25.628255811944445,2025-03-08T07:00:00.000Z
sensor.11_varmepumpe32a_active_power,62.26715489472222,2025-03-08T08:00:00.000Z
sensor.11_varmepumpe32a_active_power,1539.1354727980558,2025-03-08T09:00:00.000Z
sensor.11_varmepumpe32a_active_power,857.2387749230278,2025-03-08T10:00:00.000Z
sensor.11_varmepumpe32a_active_power,51.85590955472222,2025-03-08T11:00:00.000Z
sensor.11_varmepumpe32a_active_power,1318.2176865041667,2025-03-08T12:00:00.000Z
sensor.11_varmepumpe32a_active_power,1846.172688971111,2025-03-08T13:00:00.000Z
sensor.11_varmepumpe32a_active_power,209.02455207166668,2025-03-08T14:00:00.000Z
sensor.11_varmepumpe32a_active_power,57.833257528611114,2025-03-08T15:00:00.000Z
sensor.11_varmepumpe32a_active_power,483.3969051695833,2025-03-08T16:00:00.000Z
sensor.11_varmepumpe32a_active_power,1016.3043372670835,2025-03-08T17:00:00.000Z
sensor.11_varmepumpe32a_active_power,2826.823325328333,2025-03-08T18:00:00.000Z
sensor.11_varmepumpe32a_active_power,1231.1427617388888,2025-03-08T19:00:00.000Z
sensor.11_varmepumpe32a_active_power,1423.8153657197224,2025-03-08T20:00:00.000Z
sensor.11_varmepumpe32a_active_power,1081.3252116883334,2025-03-08T21:00:00.000Z
sensor.11_varmepumpe32a_active_power,952.7039722716667,2025-03-08T22:00:00.000Z
sensor.11_varmepumpe32a_active_power,1349.9668394705557,2025-03-08T23:00:00.000Z
sensor.11_varmepumpe32a_active_power,740.4495509811112,2025-03-09T00:00:00.000Z
sensor.11_varmepumpe32a_active_power,257.7673600725,2025-03-09T01:00:00.000Z
sensor.11_varmepumpe32a_active_power,301.77632274638887,2025-03-09T02:00:00.000Z
sensor.11_varmepumpe32a_active_power,62.716994087500005,2025-03-09T03:00:00.000Z
sensor.11_varmepumpe32a_active_power,61.099462541388895,2025-03-09T04:00:00.000Z
sensor.11_varmepumpe32a_active_power,149.1991493125,2025-03-09T05:00:00.000Z
sensor.11_varmepumpe32a_active_power,2635.4619029058335,2025-03-09T06:00:00.000Z
sensor.11_varmepumpe32a_active_power,45.00538303916667,2025-03-09T07:00:00.000Z
sensor.11_varmepumpe32a_active_power,175.62403899277774,2025-03-09T08:00:00.000Z
sensor.11_varmepumpe32a_active_power,3123.010083244583,2025-03-09T09:00:00.000Z
sensor.11_varmepumpe32a_active_power,573.4756563526389,2025-03-09T10:00:00.000Z
sensor.11_varmepumpe32a_active_power,1373.5077453155,2025-03-09T11:00:00.000Z
sensor.11_varmepumpe32a_active_power,692.6251767842222,2025-03-09T12:00:00.000Z
sensor.11_varmepumpe32a_active_power,1559.8754220516666,2025-03-09T13:00:00.000Z
sensor.11_varmepumpe32a_active_power,1426.674820638889,2025-03-09T14:00:00.000Z
sensor.11_varmepumpe32a_active_power,1492.5522402795423,2025-03-09T15:00:00.000Z
sensor.11_varmepumpe32a_active_power,1408.7752688523613,2025-03-09T16:00:00.000Z
sensor.11_varmepumpe32a_active_power,23.429207192777778,2025-03-09T17:00:00.000Z
sensor.11_varmepumpe32a_active_power,324.1398739251694,2025-03-09T18:00:00.000Z
sensor.11_varmepumpe32a_active_power,1017.6596298923695,2025-03-09T19:00:00.000Z
sensor.11_varmepumpe32a_active_power,924.9427752223888,2025-03-09T20:00:00.000Z
sensor.11_varmepumpe32a_active_power,2220.0414563904997,2025-03-09T21:00:00.000Z
sensor.11_varmepumpe32a_active_power,1779.1322884082222,2025-03-09T22:00:00.000Z
sensor.11_varmepumpe32a_active_power,1780.9119787344944,2025-03-09T23:00:00.000Z
sensor.11_varmepumpe32a_active_power,2004.2082508358335,2025-03-10T00:00:00.000Z
sensor.11_varmepumpe32a_active_power,1993.8305684566667,2025-03-10T01:00:00.000Z
sensor.11_varmepumpe32a_active_power,2073.4319021784804,2025-03-10T02:00:00.000Z
sensor.11_varmepumpe32a_active_power,2053.2502677116668,2025-03-10T03:00:00.000Z
sensor.11_varmepumpe32a_active_power,2380.3512599919445,2025-03-10T04:00:00.000Z
sensor.11_varmepumpe32a_active_power,1437.6911468152223,2025-03-10T05:00:00.000Z
sensor.11_varmepumpe32a_active_power,1945.523036549722,2025-03-10T06:00:00.000Z
sensor.11_varmepumpe32a_active_power,22.031384673055555,2025-03-10T07:00:00.000Z
sensor.11_varmepumpe32a_active_power,63.08347756444444,2025-03-10T08:00:00.000Z
sensor.11_varmepumpe32a_active_power,2321.198506387222,2025-03-10T09:00:00.000Z
sensor.11_varmepumpe32a_active_power,1951.179173431389,2025-03-10T10:00:00.000Z
sensor.11_varmepumpe32a_active_power,1453.7245046310554,2025-03-10T11:00:00.000Z
sensor.11_varmepumpe32a_active_power,1822.7768122707223,2025-03-10T12:00:00.000Z
sensor.11_varmepumpe32a_active_power,1657.2531243978335,2025-03-10T13:00:00.000Z
sensor.11_varmepumpe32a_active_power,1331.464709385061,2025-03-10T14:00:00.000Z
sensor.11_varmepumpe32a_active_power,1033.0139878941334,2025-03-10T15:00:00.000Z
sensor.11_varmepumpe32a_active_power,1490.9311088682778,2025-03-10T16:00:00.000Z
sensor.11_varmepumpe32a_active_power,53.37792584171668,2025-03-10T17:00:00.000Z
sensor.11_varmepumpe32a_active_power,59.67234934006111,2025-03-10T18:00:00.000Z
sensor.11_varmepumpe32a_active_power,515.4700594225,2025-03-10T19:00:00.000Z
sensor.11_varmepumpe32a_active_power,853.2799343986666,2025-03-10T20:00:00.000Z
sensor.11_varmepumpe32a_active_power,1662.383406284389,2025-03-10T21:00:00.000Z
sensor.11_varmepumpe32a_active_power,807.3063189008056,2025-03-10T22:00:00.000Z
sensor.11_varmepumpe32a_active_power,1670.617345897361,2025-03-10T23:00:00.000Z
sensor.11_varmepumpe32a_active_power,1751.3455776191668,2025-03-11T00:00:00.000Z
sensor.11_varmepumpe32a_active_power,723.1733715851666,2025-03-11T01:00:00.000Z
sensor.11_varmepumpe32a_active_power,3121.1549164322223,2025-03-11T02:00:00.000Z
sensor.11_varmepumpe32a_active_power,1964.306729988889,2025-03-11T03:00:00.000Z
sensor.11_varmepumpe32a_active_power,450.6687536820834,2025-03-11T04:00:00.000Z
sensor.11_varmepumpe32a_active_power,1457.800545795,2025-03-11T05:00:00.000Z
sensor.11_varmepumpe32a_active_power,1121.7910954189304,2025-03-11T06:00:00.000Z
sensor.11_varmepumpe32a_active_power,44.97427462638888,2025-03-11T07:00:00.000Z
sensor.11_varmepumpe32a_active_power,61.898509760555555,2025-03-11T08:00:00.000Z
sensor.11_varmepumpe32a_active_power,2237.332295584822,2025-03-11T09:00:00.000Z
sensor.11_varmepumpe32a_active_power,1757.3463067761943,2025-03-11T10:00:00.000Z
sensor.11_varmepumpe32a_active_power,1386.8247294046112,2025-03-11T11:00:00.000Z
sensor.11_varmepumpe32a_active_power,1554.4160078028026,2025-03-11T12:00:00.000Z
sensor.11_varmepumpe32a_active_power,1372.32407814045,2025-03-11T13:00:00.000Z
sensor.11_varmepumpe32a_active_power,1603.6897100731946,2025-03-11T14:00:00.000Z
sensor.11_varmepumpe32a_active_power,1385.3216141503,2025-03-11T15:00:00.000Z
sensor.11_varmepumpe32a_active_power,987.1827034047778,2025-03-11T16:00:00.000Z
sensor.11_varmepumpe32a_active_power,1568.980089040122,2025-03-11T17:00:00.000Z
sensor.11_varmepumpe32a_active_power,1016.2617937490417,2025-03-11T18:00:00.000Z
sensor.11_varmepumpe32a_active_power,737.6324135276777,2025-03-11T19:00:00.000Z
sensor.11_varmepumpe32a_active_power,1493.378725497075,2025-03-11T20:00:00.000Z
sensor.11_varmepumpe32a_active_power,1967.9212337545277,2025-03-11T21:00:00.000Z
sensor.11_varmepumpe32a_active_power,1685.387958318778,2025-03-11T22:00:00.000Z
sensor.11_varmepumpe32a_active_power,1188.866991770611,2025-03-11T23:00:00.000Z
sensor.11_varmepumpe32a_active_power,1103.075325990211,2025-03-12T00:00:00.000Z
sensor.11_varmepumpe32a_active_power,1424.4053226624444,2025-03-12T01:00:00.000Z
sensor.11_varmepumpe32a_active_power,1409.1208092310278,2025-03-12T02:00:00.000Z
sensor.11_varmepumpe32a_active_power,866.373316565861,2025-03-12T03:00:00.000Z
sensor.11_varmepumpe32a_active_power,2107.5313760919,2025-03-12T04:00:00.000Z
sensor.11_varmepumpe32a_active_power,2211.06706218825,2025-03-12T05:00:00.000Z
sensor.11_varmepumpe32a_active_power,1915.7630841666112,2025-03-12T06:00:00.000Z
sensor.11_varmepumpe32a_active_power,45.84627779336111,2025-03-12T07:00:00.000Z
sensor.11_varmepumpe32a_active_power,43.488664754333335,2025-03-12T08:00:00.000Z
sensor.11_varmepumpe32a_active_power,2798.242339904664,2025-03-12T09:00:00.000Z
sensor.11_varmepumpe32a_active_power,1137.860312755389,2025-03-12T10:00:00.000Z
sensor.11_varmepumpe32a_active_power,1973.9756513195277,2025-03-12T11:00:00.000Z
sensor.11_varmepumpe32a_active_power,1052.6222540320334,2025-03-12T12:00:00.000Z
sensor.11_varmepumpe32a_active_power,2026.939374051889,2025-03-12T13:00:00.000Z
sensor.11_varmepumpe32a_active_power,1269.5051496731999,2025-03-12T14:00:00.000Z
sensor.11_varmepumpe32a_active_power,1073.6583981708889,2025-03-12T15:00:00.000Z
sensor.11_varmepumpe32a_active_power,1174.5919789395332,2025-03-12T16:00:00.000Z
sensor.11_varmepumpe32a_active_power,48.004694765083336,2025-03-12T17:00:00.000Z
sensor.11_varmepumpe32a_active_power,57.96235448358333,2025-03-12T18:00:00.000Z
sensor.11_varmepumpe32a_active_power,1364.7650748830554,2025-03-12T19:00:00.000Z
sensor.11_varmepumpe32a_active_power,718.7582734530139,2025-03-12T20:00:00.000Z
sensor.11_varmepumpe32a_active_power,1115.2116839549944,2025-03-12T21:00:00.000Z
sensor.11_varmepumpe32a_active_power,1225.2937836701751,2025-03-12T22:00:00.000Z
sensor.11_varmepumpe32a_active_power,1450.283928914528,2025-03-12T23:00:00.000Z
sensor.11_varmepumpe32a_active_power,998.630621921262,2025-03-13T00:00:00.000Z
sensor.11_varmepumpe32a_active_power,1157.9352724908056,2025-03-13T01:00:00.000Z
sensor.11_varmepumpe32a_active_power,2043.7262714884666,2025-03-13T02:00:00.000Z
sensor.11_varmepumpe32a_active_power,2291.7133855482502,2025-03-13T03:00:00.000Z
sensor.11_varmepumpe32a_active_power,1997.5521096464834,2025-03-13T04:00:00.000Z
sensor.11_varmepumpe32a_active_power,1180.578601476661,2025-03-13T05:00:00.000Z
sensor.11_varmepumpe32a_active_power,2793.2918648461805,2025-03-13T06:00:00.000Z
sensor.11_varmepumpe32a_active_power,46.24316687313333,2025-03-13T07:00:00.000Z
sensor.11_varmepumpe32a_active_power,35.890445403425,2025-03-13T08:00:00.000Z
sensor.11_varmepumpe32a_active_power,304.6696540452778,2025-03-13T09:00:00.000Z
sensor.11_varmepumpe32a_active_power,963.5006734898889,2025-03-13T10:00:00.000Z
sensor.11_varmepumpe32a_active_power,1185.744389063075,2025-03-13T11:00:00.000Z
sensor.11_varmepumpe32a_active_power,979.7732805900833,2025-03-13T12:00:00.000Z
sensor.11_varmepumpe32a_active_power,1065.906157414828,2025-03-13T13:00:00.000Z
sensor.11_varmepumpe32a_active_power,516.1409096390611,2025-03-13T14:00:00.000Z
sensor.11_varmepumpe32a_active_power,614.3518014994639,2025-03-13T15:00:00.000Z
sensor.11_varmepumpe32a_active_power,369.7075081117028,2025-03-13T16:00:00.000Z
sensor.11_varmepumpe32a_active_power,45.03477619593889,2025-03-13T17:00:00.000Z
sensor.11_varmepumpe32a_active_power,60.614943670102775,2025-03-13T18:00:00.000Z
sensor.11_varmepumpe32a_active_power,1161.34631746345,2025-03-13T19:00:00.000Z
sensor.11_varmepumpe32a_active_power,1204.9982495247973,2025-03-13T20:00:00.000Z
sensor.11_varmepumpe32a_active_power,1796.7362161266308,2025-03-13T21:00:00.000Z
sensor.11_varmepumpe32a_active_power,532.1279504033139,2025-03-13T22:00:00.000Z
sensor.11_varmepumpe32a_active_power,1902.77301877275,2025-03-13T23:00:00.000Z
sensor.11_varmepumpe32a_active_power,2216.331289461889,2025-03-14T00:00:00.000Z
sensor.11_varmepumpe32a_active_power,1565.8484286021833,2025-03-14T01:00:00.000Z
sensor.11_varmepumpe32a_active_power,1858.8664343997723,2025-03-14T02:00:00.000Z
sensor.11_varmepumpe32a_active_power,2019.7887494737834,2025-03-14T03:00:00.000Z
sensor.11_varmepumpe32a_active_power,1703.9764508047556,2025-03-14T04:00:00.000Z
sensor.11_varmepumpe32a_active_power,2532.823667196125,2025-03-14T05:00:00.000Z
sensor.11_varmepumpe32a_active_power,1756.2587794178223,2025-03-14T06:00:00.000Z
sensor.11_varmepumpe32a_active_power,22.777947055869443,2025-03-14T07:00:00.000Z
sensor.11_varmepumpe32a_active_power,41.951844263491665,2025-03-14T08:00:00.000Z
sensor.11_varmepumpe32a_active_power,1138.5365772545667,2025-03-14T09:00:00.000Z
sensor.11_varmepumpe32a_active_power,1118.7955707210222,2025-03-14T10:00:00.000Z
sensor.11_varmepumpe32a_active_power,1256.3273206633028,2025-03-14T11:00:00.000Z
sensor.11_varmepumpe32a_active_power,617.0448446087499,2025-03-14T12:00:00.000Z
sensor.11_varmepumpe32a_active_power,780.6157949468055,2025-03-14T13:00:00.000Z
sensor.11_varmepumpe32a_active_power,479.8764481613055,2025-03-14T14:00:00.000Z
sensor.11_varmepumpe32a_active_power,601.6988231868639,2025-03-14T15:00:00.000Z
sensor.11_varmepumpe32a_active_power,513.1735633156667,2025-03-14T16:00:00.000Z
sensor.11_varmepumpe32a_active_power,46.96343340165556,2025-03-14T17:00:00.000Z
sensor.11_varmepumpe32a_active_power,52.16932971809167,2025-03-14T18:00:00.000Z
sensor.11_varmepumpe32a_active_power,1613.650021258575,2025-03-14T19:00:00.000Z
sensor.11_varmepumpe32a_active_power,592.9159083863889,2025-03-14T20:00:00.000Z
sensor.11_varmepumpe32a_active_power,396.5276032908973,2025-03-14T21:00:00.000Z
sensor.11_varmepumpe32a_active_power,1496.3085654603055,2025-03-14T22:00:00.000Z
sensor.11_varmepumpe32a_active_power,1380.6921632051142,2025-03-14T23:00:00.000Z
sensor.11_varmepumpe32a_active_power,1393.1441929839777,2025-03-15T00:00:00.000Z
sensor.11_varmepumpe32a_active_power,2235.7007686004476,2025-03-15T01:00:00.000Z
sensor.11_varmepumpe32a_active_power,1377.6476410214862,2025-03-15T02:00:00.000Z
sensor.11_varmepumpe32a_active_power,1680.5983770441724,2025-03-15T03:00:00.000Z
sensor.11_varmepumpe32a_active_power,2258.877600816272,2025-03-15T04:00:00.000Z
sensor.11_varmepumpe32a_active_power,3286.20782139952,2025-03-15T05:00:00.000Z
sensor.11_varmepumpe32a_active_power,676.7937284838484,2025-03-16T21:00:00.000Z
sensor.11_varmepumpe32a_active_power,1389.0952039712556,2025-03-16T22:00:00.000Z
sensor.11_varmepumpe32a_active_power,1175.6034033761555,2025-03-16T23:00:00.000Z
sensor.11_varmepumpe32a_active_power,1536.4565002785139,2025-03-17T00:00:00.000Z
sensor.11_varmepumpe32a_active_power,941.6794109342444,2025-03-17T01:00:00.000Z
sensor.11_varmepumpe32a_active_power,1281.5736188098806,2025-03-17T02:00:00.000Z
sensor.11_varmepumpe32a_active_power,2130.75640686125,2025-03-17T03:00:00.000Z
sensor.11_varmepumpe32a_active_power,1088.3754412399387,2025-03-17T04:00:00.000Z
sensor.11_varmepumpe32a_active_power,1530.2480252703638,2025-03-17T05:00:00.000Z
sensor.11_varmepumpe32a_active_power,1233.6655744019945,2025-03-17T06:00:00.000Z
sensor.11_varmepumpe32a_active_power,26.06386745888611,2025-03-17T07:00:00.000Z
sensor.11_varmepumpe32a_active_power,42.169465557191664,2025-03-17T08:00:00.000Z
sensor.11_varmepumpe32a_active_power,1802.7205443581554,2025-03-17T09:00:00.000Z
sensor.11_varmepumpe32a_active_power,864.3730874439722,2025-03-17T10:00:00.000Z
sensor.11_varmepumpe32a_active_power,880.0041124087501,2025-03-17T11:00:00.000Z
sensor.11_varmepumpe32a_active_power,1085.3533323056556,2025-03-17T12:00:00.000Z
sensor.11_varmepumpe32a_active_power,403.5309444993611,2025-03-17T13:00:00.000Z
sensor.11_varmepumpe32a_active_power,644.030921939239,2025-03-17T14:00:00.000Z
sensor.11_varmepumpe32a_active_power,201.63999248819167,2025-03-17T15:00:00.000Z
sensor.11_varmepumpe32a_active_power,420.2216013234722,2025-03-17T16:00:00.000Z
sensor.11_varmepumpe32a_active_power,38.272689971666665,2025-03-17T17:00:00.000Z
sensor.11_varmepumpe32a_active_power,113.39004966247501,2025-03-17T18:00:00.000Z
sensor.11_varmepumpe32a_active_power,2316.439535887572,2025-03-17T19:00:00.000Z
sensor.11_varmepumpe32a_active_power,1048.444919737172,2025-03-17T20:00:00.000Z
sensor.11_varmepumpe32a_active_power,859.3406686936611,2025-03-17T21:00:00.000Z
sensor.11_varmepumpe32a_active_power,1370.9140049030557,2025-03-17T22:00:00.000Z
sensor.11_varmepumpe32a_active_power,740.9337894896667,2025-03-17T23:00:00.000Z
sensor.11_varmepumpe32a_active_power,614.6942652192917,2025-03-18T00:00:00.000Z
sensor.11_varmepumpe32a_active_power,933.0982137853222,2025-03-18T01:00:00.000Z
sensor.11_varmepumpe32a_active_power,516.435440563125,2025-03-18T02:00:00.000Z
sensor.11_varmepumpe32a_active_power,614.1304274053556,2025-03-18T03:00:00.000Z
sensor.11_varmepumpe32a_active_power,768.2049157795999,2025-03-18T04:00:00.000Z
sensor.11_varmepumpe32a_active_power,1811.870100779861,2025-03-18T05:00:00.000Z
sensor.11_varmepumpe32a_active_power,2000.2578060305832,2025-03-18T06:00:00.000Z
sensor.11_varmepumpe32a_active_power,22.029551964127776,2025-03-18T07:00:00.000Z
sensor.11_varmepumpe32a_active_power,40.20574167294444,2025-03-18T08:00:00.000Z
sensor.11_varmepumpe32a_active_power,783.747978425114,2025-03-18T09:00:00.000Z
sensor.11_varmepumpe32a_active_power,726.5363602904695,2025-03-18T10:00:00.000Z
sensor.11_varmepumpe32a_active_power,984.5218809958834,2025-03-18T11:00:00.000Z
sensor.11_varmepumpe32a_active_power,992.4881706666721,2025-03-18T12:00:00.000Z
sensor.11_varmepumpe32a_active_power,128.6438085966111,2025-03-18T13:00:00.000Z
sensor.11_varmepumpe32a_active_power,177.03562799350001,2025-03-18T14:00:00.000Z
sensor.11_varmepumpe32a_active_power,198.0069545834722,2025-03-18T15:00:00.000Z
sensor.11_varmepumpe32a_active_power,244.84184918430557,2025-03-18T16:00:00.000Z
sensor.11_varmepumpe32a_active_power,41.794209886075,2025-03-18T17:00:00.000Z
sensor.11_varmepumpe32a_active_power,51.50649951813889,2025-03-18T18:00:00.000Z
sensor.11_varmepumpe32a_active_power,1064.1083623096667,2025-03-18T19:00:00.000Z
sensor.11_varmepumpe32a_active_power,602.0575562377777,2025-03-18T20:00:00.000Z
sensor.11_varmepumpe32a_active_power,912.0961048599611,2025-03-18T21:00:00.000Z
sensor.11_varmepumpe32a_active_power,921.1424345899167,2025-03-18T22:00:00.000Z
sensor.11_varmepumpe32a_active_power,3564.020432508056,2025-03-18T23:00:00.000Z
sensor.11_varmepumpe32a_active_power,1390.2299402123056,2025-03-19T00:00:00.000Z
sensor.11_varmepumpe32a_active_power,1667.7255838763888,2025-03-19T01:00:00.000Z
sensor.11_varmepumpe32a_active_power,1614.4340799666027,2025-03-19T02:00:00.000Z
sensor.11_varmepumpe32a_active_power,1423.8513719664752,2025-03-19T03:00:00.000Z
sensor.11_varmepumpe32a_active_power,672.4730135096722,2025-03-19T04:00:00.000Z
sensor.11_varmepumpe32a_active_power,1897.7038157104835,2025-03-19T05:00:00.000Z
sensor.11_varmepumpe32a_active_power,1395.766671048461,2025-03-19T06:00:00.000Z
sensor.11_varmepumpe32a_active_power,37.11014023511389,2025-03-19T07:00:00.000Z
sensor.11_varmepumpe32a_active_power,255.81218531597497,2025-03-19T08:00:00.000Z
sensor.11_varmepumpe32a_active_power,1183.2220755179585,2025-03-19T09:00:00.000Z
sensor.11_varmepumpe32a_active_power,149.00259137191668,2025-03-19T10:00:00.000Z
sensor.11_varmepumpe32a_active_power,881.5913945199167,2025-03-19T11:00:00.000Z
sensor.11_varmepumpe32a_active_power,758.0322949574444,2025-03-19T12:00:00.000Z
sensor.11_varmepumpe32a_active_power,101.39644696483333,2025-03-19T13:00:00.000Z
sensor.11_varmepumpe32a_active_power,205.79380000794444,2025-03-19T14:00:00.000Z
sensor.11_varmepumpe32a_active_power,213.68370369732224,2025-03-19T15:00:00.000Z
sensor.11_varmepumpe32a_active_power,211.62036291255558,2025-03-19T16:00:00.000Z
sensor.11_varmepumpe32a_active_power,49.18401673152778,2025-03-19T17:00:00.000Z
sensor.11_varmepumpe32a_active_power,59.14481574877777,2025-03-19T18:00:00.000Z
sensor.11_varmepumpe32a_active_power,892.2468758049722,2025-03-19T19:00:00.000Z
sensor.11_varmepumpe32a_active_power,817.9890273638334,2025-03-19T20:00:00.000Z
sensor.11_varmepumpe32a_active_power,862.1528180605,2025-03-19T21:00:00.000Z
sensor.11_varmepumpe32a_active_power,668.4304298117278,2025-03-19T22:00:00.000Z
sensor.11_varmepumpe32a_active_power,740.8127703541668,2025-03-19T23:00:00.000Z
sensor.11_varmepumpe32a_active_power,588.7998352221945,2025-03-20T00:00:00.000Z
sensor.11_varmepumpe32a_active_power,1184.6836659330168,2025-03-20T01:00:00.000Z
sensor.11_varmepumpe32a_active_power,788.4826084910277,2025-03-20T02:00:00.000Z
sensor.11_varmepumpe32a_active_power,1719.1671019906669,2025-03-20T03:00:00.000Z
sensor.11_varmepumpe32a_active_power,2796.826414524417,2025-03-20T04:00:00.000Z
sensor.11_varmepumpe32a_active_power,2019.2096374189778,2025-03-20T05:00:00.000Z
sensor.11_varmepumpe32a_active_power,1962.5622659047224,2025-03-20T06:00:00.000Z
sensor.11_varmepumpe32a_active_power,33.59422929583334,2025-03-20T07:00:00.000Z
sensor.11_varmepumpe32a_active_power,44.0040822885,2025-03-20T08:00:00.000Z
sensor.11_varmepumpe32a_active_power,2046.281270213611,2025-03-20T09:00:00.000Z
sensor.11_varmepumpe32a_active_power,831.4469915886111,2025-03-20T10:00:00.000Z
sensor.11_varmepumpe32a_active_power,1207.7289560132779,2025-03-20T11:00:00.000Z
sensor.11_varmepumpe32a_active_power,935.2130790415,2025-03-20T12:00:00.000Z
sensor.11_varmepumpe32a_active_power,165.53265248519446,2025-03-20T13:00:00.000Z
sensor.11_varmepumpe32a_active_power,441.49468107361116,2025-03-20T14:00:00.000Z
sensor.11_varmepumpe32a_active_power,214.1344235886111,2025-03-20T15:00:00.000Z
sensor.11_varmepumpe32a_active_power,239.98011428944446,2025-03-20T16:00:00.000Z
sensor.11_varmepumpe32a_active_power,42.699153153666664,2025-03-20T17:00:00.000Z
sensor.11_varmepumpe32a_active_power,62.414292950833335,2025-03-20T18:00:00.000Z
sensor.11_varmepumpe32a_active_power,1291.5833100819443,2025-03-20T19:00:00.000Z
sensor.11_varmepumpe32a_active_power,988.8882081330556,2025-03-20T20:00:00.000Z
sensor.11_varmepumpe32a_active_power,1116.3431844337222,2025-03-20T21:00:00.000Z
sensor.11_varmepumpe32a_active_power,926.5805799956389,2025-03-20T22:00:00.000Z
sensor.11_varmepumpe32a_active_power,879.0016113854999,2025-03-20T23:00:00.000Z
sensor.11_varmepumpe32a_active_power,2207.1357403123056,2025-03-21T00:00:00.000Z
sensor.11_varmepumpe32a_active_power,1586.2706079040747,2025-03-21T01:00:00.000Z
sensor.11_varmepumpe32a_active_power,1348.9353281938888,2025-03-21T02:00:00.000Z
sensor.11_varmepumpe32a_active_power,606.6647341712084,2025-03-21T03:00:00.000Z
sensor.11_varmepumpe32a_active_power,748.1209574166165,2025-03-21T04:00:00.000Z
sensor.11_varmepumpe32a_active_power,2529.8616510964166,2025-03-21T05:00:00.000Z
sensor.11_varmepumpe32a_active_power,2292.0422960673054,2025-03-21T06:00:00.000Z
sensor.11_varmepumpe32a_active_power,47.15653870813889,2025-03-21T07:00:00.000Z
sensor.11_varmepumpe32a_active_power,23.1275625625,2025-03-21T08:00:00.000Z
sensor.11_varmepumpe32a_active_power,1038.8250249955556,2025-03-21T09:00:00.000Z
sensor.11_varmepumpe32a_active_power,682.1737768979722,2025-03-21T10:00:00.000Z
sensor.11_varmepumpe32a_active_power,1509.9698357490834,2025-03-21T11:00:00.000Z
sensor.11_varmepumpe32a_active_power,391.67917262145005,2025-03-21T12:00:00.000Z
sensor.11_varmepumpe32a_active_power,712.8925834777245,2025-03-21T13:00:00.000Z
sensor.11_varmepumpe32a_active_power,283.77503399547777,2025-03-21T14:00:00.000Z
sensor.11_varmepumpe32a_active_power,353.1148925732805,2025-03-21T15:00:00.000Z
sensor.11_varmepumpe32a_active_power,236.26684050619443,2025-03-21T16:00:00.000Z
sensor.11_varmepumpe32a_active_power,44.13830412522778,2025-03-21T17:00:00.000Z
sensor.11_varmepumpe32a_active_power,56.532256864972226,2025-03-21T18:00:00.000Z
sensor.11_varmepumpe32a_active_power,671.10174383575,2025-03-21T19:00:00.000Z
sensor.11_varmepumpe32a_active_power,1031.1680451213613,2025-03-21T20:00:00.000Z
sensor.11_varmepumpe32a_active_power,908.0398397219166,2025-03-21T21:00:00.000Z
sensor.11_varmepumpe32a_active_power,667.1347871249723,2025-03-21T22:00:00.000Z
sensor.11_varmepumpe32a_active_power,2003.3672358458082,2025-03-21T23:00:00.000Z
sensor.11_varmepumpe32a_active_power,2306.561475174328,2025-03-22T00:00:00.000Z
sensor.11_varmepumpe32a_active_power,1457.1278789882472,2025-03-22T01:00:00.000Z
sensor.11_varmepumpe32a_active_power,302.13814035483057,2025-03-22T02:00:00.000Z
sensor.11_varmepumpe32a_active_power,1398.8789302989526,2025-03-22T03:00:00.000Z
sensor.11_varmepumpe32a_active_power,1104.3177387381113,2025-03-22T04:00:00.000Z
sensor.11_varmepumpe32a_active_power,2037.5401212353333,2025-03-22T05:00:00.000Z
sensor.11_varmepumpe32a_active_power,1583.501562270825,2025-03-22T06:00:00.000Z
sensor.11_varmepumpe32a_active_power,42.93337088448055,2025-03-22T07:00:00.000Z
sensor.11_varmepumpe32a_active_power,43.52740111072777,2025-03-22T08:00:00.000Z
sensor.11_varmepumpe32a_active_power,1848.5860618561667,2025-03-22T09:00:00.000Z
sensor.11_varmepumpe32a_active_power,1594.6580853980556,2025-03-22T10:00:00.000Z
sensor.11_varmepumpe32a_active_power,1301.5329112125,2025-03-22T11:00:00.000Z
sensor.11_varmepumpe32a_active_power,998.6862304278334,2025-03-22T12:00:00.000Z
sensor.11_varmepumpe32a_active_power,143.28457760444442,2025-03-22T13:00:00.000Z
sensor.11_varmepumpe32a_active_power,192.88759381944442,2025-03-22T14:00:00.000Z
sensor.11_varmepumpe32a_active_power,461.01495348538884,2025-03-22T15:00:00.000Z
sensor.11_varmepumpe32a_active_power,429.86083905511106,2025-03-22T16:00:00.000Z
sensor.11_varmepumpe32a_active_power,26,2025-03-22T17:00:00.000Z
sensor.11_varmepumpe32a_active_power,3667.5685945495334,2025-03-22T18:00:00.000Z
sensor.11_varmepumpe32a_active_power,1450.9304456656112,2025-03-22T19:00:00.000Z
sensor.11_varmepumpe32a_active_power,919.6066335902779,2025-03-22T20:00:00.000Z
sensor.11_varmepumpe32a_active_power,191.34572196111108,2025-03-22T21:00:00.000Z
sensor.11_varmepumpe32a_active_power,2707.5605140710277,2025-03-22T22:00:00.000Z
sensor.11_varmepumpe32a_active_power,1877.677277048889,2025-03-22T23:00:00.000Z
sensor.11_varmepumpe32a_active_power,979.462894693611,2025-03-23T00:00:00.000Z
sensor.11_varmepumpe32a_active_power,1254.5941725519444,2025-03-23T01:00:00.000Z
sensor.11_varmepumpe32a_active_power,1873.9030312975,2025-03-23T02:00:00.000Z
sensor.11_varmepumpe32a_active_power,2372.783223436111,2025-03-23T03:00:00.000Z
sensor.11_varmepumpe32a_active_power,1190.4255955597223,2025-03-23T04:00:00.000Z
sensor.11_varmepumpe32a_active_power,2590.3778329027778,2025-03-23T05:00:00.000Z
sensor.11_varmepumpe32a_active_power,2476.4501946683336,2025-03-23T06:00:00.000Z
sensor.11_varmepumpe32a_active_power,36.93984119583333,2025-03-23T07:00:00.000Z
sensor.11_varmepumpe32a_active_power,62.782560124444444,2025-03-23T08:00:00.000Z
sensor.11_varmepumpe32a_active_power,2039.8677858480557,2025-03-23T09:00:00.000Z
sensor.11_varmepumpe32a_active_power,1336.7049082533333,2025-03-23T10:00:00.000Z
sensor.11_varmepumpe32a_active_power,1321.3435399133334,2025-03-23T11:00:00.000Z
sensor.11_varmepumpe32a_active_power,1263.8451782999998,2025-03-23T12:00:00.000Z
sensor.11_varmepumpe32a_active_power,144.3124835275,2025-03-23T13:00:00.000Z
sensor.11_varmepumpe32a_active_power,132.43272169516666,2025-03-23T14:00:00.000Z
sensor.11_varmepumpe32a_active_power,620.2502202866667,2025-03-23T15:00:00.000Z
sensor.11_varmepumpe32a_active_power,310.34507007394444,2025-03-23T16:00:00.000Z
sensor.11_varmepumpe32a_active_power,45.49902575361111,2025-03-23T17:00:00.000Z
sensor.11_varmepumpe32a_active_power,774.645914219211,2025-03-23T18:00:00.000Z
sensor.11_varmepumpe32a_active_power,1078.4851775695972,2025-03-23T19:00:00.000Z
sensor.11_varmepumpe32a_active_power,724.7016226625777,2025-03-23T20:00:00.000Z
sensor.11_varmepumpe32a_active_power,477.0283854443889,2025-03-23T21:00:00.000Z
sensor.11_varmepumpe32a_active_power,436.7627787919361,2025-03-23T22:00:00.000Z
sensor.11_varmepumpe32a_active_power,1228.1286536427556,2025-03-23T23:00:00.000Z
sensor.11_varmepumpe32a_active_power,639.7489585940833,2025-03-24T00:00:00.000Z
sensor.11_varmepumpe32a_active_power,218.7630894268389,2025-03-24T01:00:00.000Z
sensor.11_varmepumpe32a_active_power,1342.5010704628833,2025-03-24T02:00:00.000Z
sensor.11_varmepumpe32a_active_power,1789.8783457729471,2025-03-24T03:00:00.000Z
sensor.11_varmepumpe32a_active_power,1934.9230965691943,2025-03-24T04:00:00.000Z
sensor.11_varmepumpe32a_active_power,2917.7783085813894,2025-03-24T05:00:00.000Z
sensor.11_varmepumpe32a_active_power,506.6871556879833,2025-03-24T06:00:00.000Z
sensor.11_varmepumpe32a_active_power,25.253437563916666,2025-03-24T07:00:00.000Z
sensor.11_varmepumpe32a_active_power,43.17886295555556,2025-03-24T08:00:00.000Z
sensor.11_varmepumpe32a_active_power,2321.106198891944,2025-03-24T09:00:00.000Z
sensor.11_varmepumpe32a_active_power,1021.5146296388889,2025-03-24T10:00:00.000Z
sensor.11_varmepumpe32a_active_power,1595.5049005144444,2025-03-24T11:00:00.000Z
sensor.11_varmepumpe32a_active_power,1219.2099899654722,2025-03-24T12:00:00.000Z
sensor.11_varmepumpe32a_active_power,1240.027706901861,2025-03-24T13:00:00.000Z
sensor.11_varmepumpe32a_active_power,813.2091807502778,2025-03-24T14:00:00.000Z
sensor.11_varmepumpe32a_active_power,924.7097531597223,2025-03-24T15:00:00.000Z
sensor.11_varmepumpe32a_active_power,289.7709056357222,2025-03-24T16:00:00.000Z
sensor.11_varmepumpe32a_active_power,26.550192553455556,2025-03-24T17:00:00.000Z
sensor.11_varmepumpe32a_active_power,58.43819673762778,2025-03-24T18:00:00.000Z
sensor.11_varmepumpe32a_active_power,523.6430533167944,2025-03-24T19:00:00.000Z
sensor.11_varmepumpe32a_active_power,208.1037945127222,2025-03-24T20:00:00.000Z
sensor.11_varmepumpe32a_active_power,767.4865429196389,2025-03-24T21:00:00.000Z
sensor.11_varmepumpe32a_active_power,467.9352350310278,2025-03-24T22:00:00.000Z
sensor.11_varmepumpe32a_active_power,2401.0519842229164,2025-03-24T23:00:00.000Z
sensor.11_varmepumpe32a_active_power,823.21427955625,2025-03-25T00:00:00.000Z
sensor.11_varmepumpe32a_active_power,648.442619892925,2025-03-25T01:00:00.000Z
sensor.11_varmepumpe32a_active_power,955.6003870809444,2025-03-25T02:00:00.000Z
sensor.11_varmepumpe32a_active_power,610.03672760065,2025-03-25T03:00:00.000Z
sensor.11_varmepumpe32a_active_power,1278.346614334028,2025-03-25T04:00:00.000Z
sensor.11_varmepumpe32a_active_power,794.7036789613334,2025-03-25T05:00:00.000Z
sensor.11_varmepumpe32a_active_power,810.0494346281666,2025-03-25T06:00:00.000Z
sensor.11_varmepumpe32a_active_power,33.72738862505556,2025-03-25T07:00:00.000Z
sensor.11_varmepumpe32a_active_power,39.5767902518,2025-03-25T08:00:00.000Z
sensor.11_varmepumpe32a_active_power,556.8195245919388,2025-03-25T09:00:00.000Z
sensor.11_varmepumpe32a_active_power,89.80806274436111,2025-03-25T10:00:00.000Z
sensor.11_varmepumpe32a_active_power,664.6395515533555,2025-03-25T11:00:00.000Z
sensor.11_varmepumpe32a_active_power,1092.6533760163084,2025-03-25T12:00:00.000Z
sensor.11_varmepumpe32a_active_power,141.6016617285,2025-03-25T13:00:00.000Z
sensor.11_varmepumpe32a_active_power,249.18438753194445,2025-03-25T14:00:00.000Z
sensor.11_varmepumpe32a_active_power,117.56919667030554,2025-03-25T15:00:00.000Z
sensor.11_varmepumpe32a_active_power,116.5893756415611,2025-03-25T16:00:00.000Z
sensor.11_varmepumpe32a_active_power,63.112697529658334,2025-03-25T17:00:00.000Z
sensor.11_varmepumpe32a_active_power,61.12908360878888,2025-03-25T18:00:00.000Z
sensor.11_varmepumpe32a_active_power,222.26455066444444,2025-03-25T19:00:00.000Z
sensor.11_varmepumpe32a_active_power,215.4240963146722,2025-03-25T20:00:00.000Z
sensor.11_varmepumpe32a_active_power,337.1305670208611,2025-03-25T21:00:00.000Z
sensor.11_varmepumpe32a_active_power,676.3822246279473,2025-03-25T22:00:00.000Z
sensor.11_varmepumpe32a_active_power,383.3155141054278,2025-03-25T23:00:00.000Z
sensor.11_varmepumpe32a_active_power,489.5470318011223,2025-03-26T00:00:00.000Z
sensor.11_varmepumpe32a_active_power,82.64002540819443,2025-03-26T01:00:00.000Z
sensor.11_varmepumpe32a_active_power,596.0093649281305,2025-03-26T02:00:00.000Z
sensor.11_varmepumpe32a_active_power,1051.14298542425,2025-03-26T03:00:00.000Z
sensor.11_varmepumpe32a_active_power,1235.0162355238888,2025-03-26T04:00:00.000Z
sensor.11_varmepumpe32a_active_power,2110.109616285056,2025-03-26T05:00:00.000Z
sensor.11_varmepumpe32a_active_power,1431.1697047011558,2025-03-26T06:00:00.000Z
sensor.11_varmepumpe32a_active_power,18.906293150283332,2025-03-26T07:00:00.000Z
sensor.11_varmepumpe32a_active_power,43.31209532956111,2025-03-26T08:00:00.000Z
sensor.11_varmepumpe32a_active_power,527.556090225639,2025-03-26T09:00:00.000Z
sensor.11_varmepumpe32a_active_power,91.59460301172221,2025-03-26T10:00:00.000Z
sensor.11_varmepumpe32a_active_power,541.3303163874167,2025-03-26T11:00:00.000Z
sensor.11_varmepumpe32a_active_power,1020.1782422917222,2025-03-26T12:00:00.000Z
sensor.11_varmepumpe32a_active_power,95.04302875433332,2025-03-26T13:00:00.000Z
sensor.11_varmepumpe32a_active_power,289.36829972933333,2025-03-26T14:00:00.000Z
sensor.11_varmepumpe32a_active_power,165.73897000239444,2025-03-26T15:00:00.000Z
sensor.11_varmepumpe32a_active_power,275.9970754875,2025-03-26T16:00:00.000Z
sensor.11_varmepumpe32a_active_power,29.42111127013889,2025-03-26T17:00:00.000Z
sensor.11_varmepumpe32a_active_power,56.46529779638889,2025-03-26T18:00:00.000Z
sensor.11_varmepumpe32a_active_power,826.57025747425,2025-03-26T19:00:00.000Z
sensor.11_varmepumpe32a_active_power,1525.2757990249722,2025-03-26T20:00:00.000Z
sensor.11_varmepumpe32a_active_power,2154.5417650519444,2025-03-26T21:00:00.000Z
sensor.11_varmepumpe32a_active_power,941.6521087294444,2025-03-26T22:00:00.000Z
sensor.11_varmepumpe32a_active_power,1360.8028733057915,2025-03-26T23:00:00.000Z
sensor.11_varmepumpe32a_active_power,182.65935754447145,2025-03-27T00:00:00.000Z
sensor.11_varmepumpe32a_active_power,1261.6142995227412,2025-03-27T01:00:00.000Z
sensor.11_varmepumpe32a_active_power,1373.061993552902,2025-03-27T02:00:00.000Z
sensor.11_varmepumpe32a_active_power,2242.4916243705097,2025-03-27T03:00:00.000Z
sensor.11_varmepumpe32a_active_power,1537.1528643948411,2025-03-27T04:00:00.000Z
sensor.11_varmepumpe32a_active_power,1020.0373828089537,2025-03-27T05:00:00.000Z
sensor.11_varmepumpe32a_active_power,1405.5671028842223,2025-03-27T06:00:00.000Z
sensor.11_varmepumpe32a_active_power,48.21513522035915,2025-03-27T07:00:00.000Z
sensor.11_varmepumpe32a_active_power,55.56176464243349,2025-03-27T08:00:00.000Z
sensor.11_varmepumpe32a_active_power,2423,2025-03-27T09:00:00.000Z
sensor.11_varmepumpe32a_active_power,178.6853030391107,2025-03-27T10:00:00.000Z
sensor.11_varmepumpe32a_active_power,197,2025-03-27T11:00:00.000Z
sensor.11_varmepumpe32a_active_power,894.7545257775,2025-03-27T12:00:00.000Z
sensor.11_varmepumpe32a_active_power,141.9016610732506,2025-03-27T13:00:00.000Z
sensor.11_varmepumpe32a_active_power,26,2025-03-27T14:00:00.000Z
sensor.11_varmepumpe32a_active_power,26,2025-03-27T15:00:00.000Z
sensor.11_varmepumpe32a_active_power,128.16321902500903,2025-03-27T16:00:00.000Z
sensor.11_varmepumpe32a_active_power,63,2025-03-27T17:00:00.000Z
sensor.11_varmepumpe32a_active_power,43.5766907724771,2025-03-27T18:00:00.000Z
sensor.11_varmepumpe32a_active_power,181.15582189107505,2025-03-27T19:00:00.000Z
sensor.11_varmepumpe32a_active_power,399.3170433223558,2025-03-27T20:00:00.000Z
sensor.11_varmepumpe32a_active_power,410.7167556940722,2025-03-27T21:00:00.000Z
sensor.11_varmepumpe32a_active_power,311.9407412392355,2025-03-27T22:00:00.000Z
sensor.11_varmepumpe32a_active_power,1214.4200566095747,2025-03-27T23:00:00.000Z
sensor.11_varmepumpe32a_active_power,1773.8064748070385,2025-03-28T00:00:00.000Z
sensor.11_varmepumpe32a_active_power,608.8548020238167,2025-03-28T01:00:00.000Z
sensor.11_varmepumpe32a_active_power,771.99440082607,2025-03-28T02:00:00.000Z
sensor.11_varmepumpe32a_active_power,877.1259155323763,2025-03-28T03:00:00.000Z
sensor.11_varmepumpe32a_active_power,1216.2078757717056,2025-03-28T04:00:00.000Z
sensor.11_varmepumpe32a_active_power,1123.597539328286,2025-03-28T05:00:00.000Z
sensor.11_varmepumpe32a_active_power,943.8327733661167,2025-03-28T06:00:00.000Z
sensor.11_varmepumpe32a_active_power,40.88323397518334,2025-03-28T07:00:00.000Z
sensor.11_varmepumpe32a_active_power,71.08961401714461,2025-03-28T08:00:00.000Z
sensor.11_varmepumpe32a_active_power,546.5871789314416,2025-03-28T09:00:00.000Z
sensor.11_varmepumpe32a_active_power,574.2093991914528,2025-03-28T10:00:00.000Z
sensor.11_varmepumpe32a_active_power,1028.4636099505,2025-03-28T11:00:00.000Z
sensor.11_varmepumpe32a_active_power,1117.7515367990834,2025-03-28T12:00:00.000Z
sensor.11_varmepumpe32a_active_power,588.5659248797778,2025-03-28T13:00:00.000Z
sensor.11_varmepumpe32a_active_power,1062.255911003508,2025-03-28T14:00:00.000Z
sensor.11_varmepumpe32a_active_power,488.9096111794053,2025-03-28T15:00:00.000Z
sensor.11_varmepumpe32a_active_power,472.59952414783334,2025-03-28T16:00:00.000Z
sensor.11_varmepumpe32a_active_power,55.950573434206056,2025-03-28T17:00:00.000Z
sensor.11_varmepumpe32a_active_power,48.850186984161105,2025-03-28T18:00:00.000Z
sensor.11_varmepumpe32a_active_power,907.2302305378355,2025-03-28T19:00:00.000Z
sensor.11_varmepumpe32a_active_power,604.4155665783907,2025-03-28T20:00:00.000Z
sensor.11_varmepumpe32a_active_power,883.8678084479033,2025-03-28T21:00:00.000Z
sensor.11_varmepumpe32a_active_power,357.48364646714793,2025-03-28T22:00:00.000Z
sensor.11_varmepumpe32a_active_power,318.21714285714285,2025-03-28T23:00:00.000Z
sensor.11_varmepumpe32a_active_power,613.8858938404197,2025-03-29T00:00:00.000Z
sensor.11_varmepumpe32a_active_power,383.72906239942773,2025-03-29T01:00:00.000Z
sensor.11_varmepumpe32a_active_power,888.1596728739067,2025-03-29T02:00:00.000Z
sensor.11_varmepumpe32a_active_power,1379.071721980186,2025-03-29T03:00:00.000Z
sensor.11_varmepumpe32a_active_power,1514.6114337870695,2025-03-29T04:00:00.000Z
sensor.11_varmepumpe32a_active_power,1345.1053204710786,2025-03-29T05:00:00.000Z
sensor.11_varmepumpe32a_active_power,1499.5443384335833,2025-03-29T06:00:00.000Z
sensor.11_varmepumpe32a_active_power,27.847914457794445,2025-03-29T07:00:00.000Z
sensor.11_varmepumpe32a_active_power,49.30151930518889,2025-03-29T08:00:00.000Z
sensor.11_varmepumpe32a_active_power,508.90737067611104,2025-03-29T09:00:00.000Z
sensor.11_varmepumpe32a_active_power,163.82605657151717,2025-03-29T10:00:00.000Z
sensor.11_varmepumpe32a_active_power,1381.2970038010085,2025-03-29T11:00:00.000Z
sensor.11_varmepumpe32a_active_power,647.4323142860445,2025-03-29T12:00:00.000Z
sensor.11_varmepumpe32a_active_power,151.6563345486264,2025-03-29T13:00:00.000Z
sensor.11_varmepumpe32a_active_power,144,2025-03-29T14:00:00.000Z
sensor.11_varmepumpe32a_active_power,572.9410394345513,2025-03-29T15:00:00.000Z
sensor.11_varmepumpe32a_active_power,412.4428571428571,2025-03-29T16:00:00.000Z
sensor.11_varmepumpe32a_active_power,139.45704737817707,2025-03-29T17:00:00.000Z
sensor.11_varmepumpe32a_active_power,120.53719802411001,2025-03-29T18:00:00.000Z
sensor.11_varmepumpe32a_active_power,113.01927014453334,2025-03-29T19:00:00.000Z
sensor.11_varmepumpe32a_active_power,564.9585192770605,2025-03-29T20:00:00.000Z
sensor.11_varmepumpe32a_active_power,824.4226950232148,2025-03-29T21:00:00.000Z
sensor.11_varmepumpe32a_active_power,90.68274783325,2025-03-30T00:00:00.000Z
sensor.11_varmepumpe32a_active_power,5246,2025-03-30T02:00:00.000Z
sensor.11_varmepumpe32a_active_power,2144.9880000000003,2025-03-30T03:00:00.000Z
sensor.11_varmepumpe32a_active_power,1746,2025-03-30T04:00:00.000Z
sensor.11_varmepumpe32a_active_power,10,2025-03-30T06:00:00.000Z
sensor.11_varmepumpe32a_active_power,92.11666666666667,2025-03-30T07:00:00.000Z
sensor.11_varmepumpe32a_active_power,26,2025-03-30T08:00:00.000Z
sensor.11_varmepumpe32a_active_power,26.000000000000004,2025-03-30T09:00:00.000Z
sensor.11_varmepumpe32a_active_power,8.68,2025-03-30T10:00:00.000Z
sensor.11_varmepumpe32a_active_power,680,2025-03-30T11:00:00.000Z
sensor.11_varmepumpe32a_active_power,857.2231103030967,2025-03-30T12:00:00.000Z
sensor.11_varmepumpe32a_active_power,134.49977501940603,2025-03-30T13:00:00.000Z
sensor.11_varmepumpe32a_active_power,797.3297358768451,2025-03-30T14:00:00.000Z
sensor.11_varmepumpe32a_active_power,505.09204434650377,2025-03-30T15:00:00.000Z
sensor.11_varmepumpe32a_active_power,76.47291393774773,2025-03-30T16:00:00.000Z
sensor.11_varmepumpe32a_active_power,95.35803047319644,2025-03-30T17:00:00.000Z
sensor.11_varmepumpe32a_active_power,238.7,2025-03-30T18:00:00.000Z
sensor.11_varmepumpe32a_active_power,144,2025-03-30T19:00:00.000Z
sensor.11_varmepumpe32a_active_power,2344.881368644735,2025-03-30T21:00:00.000Z
sensor.11_varmepumpe32a_active_power,2890.6872977639746,2025-03-30T22:00:00.000Z
sensor.11_varmepumpe32a_active_power,1934.458688802352,2025-03-30T23:00:00.000Z
sensor.11_varmepumpe32a_active_power,412.5312425697361,2025-03-31T00:00:00.000Z
sensor.11_varmepumpe32a_active_power,1257.247371083361,2025-03-31T01:00:00.000Z
sensor.11_varmepumpe32a_active_power,1598.0192773240694,2025-03-31T02:00:00.000Z
sensor.11_varmepumpe32a_active_power,1085.3789499964,2025-03-31T03:00:00.000Z
sensor.11_varmepumpe32a_active_power,1922.8610153253612,2025-03-31T04:00:00.000Z
sensor.11_varmepumpe32a_active_power,1754.4357625662403,2025-03-31T05:00:00.000Z
sensor.11_varmepumpe32a_active_power,50.352641998,2025-03-31T06:00:00.000Z
sensor.11_varmepumpe32a_active_power,54.82228937963888,2025-03-31T07:00:00.000Z
sensor.11_varmepumpe32a_active_power,846.7032261905111,2025-03-31T08:00:00.000Z
sensor.11_varmepumpe32a_active_power,698.3333766358354,2025-03-31T09:00:00.000Z
sensor.11_varmepumpe32a_active_power,337.6565732463334,2025-03-31T10:00:00.000Z
sensor.11_varmepumpe32a_active_power,799.7592854894443,2025-03-31T11:00:00.000Z
sensor.11_varmepumpe32a_active_power,230.50658386677776,2025-03-31T12:00:00.000Z
sensor.11_varmepumpe32a_active_power,338.2966096561111,2025-03-31T13:00:00.000Z
sensor.11_varmepumpe32a_active_power,111.04150787827778,2025-03-31T14:00:00.000Z
sensor.11_varmepumpe32a_active_power,98.82358316400833,2025-03-31T15:00:00.000Z
sensor.11_varmepumpe32a_active_power,47.118930636928525,2025-03-31T16:00:00.000Z
sensor.11_varmepumpe32a_active_power,67.3866458886,2025-03-31T17:00:00.000Z
sensor.11_varmepumpe32a_active_power,300.28498720455553,2025-03-31T18:00:00.000Z
sensor.11_varmepumpe32a_active_power,346.08973133464724,2025-03-31T19:00:00.000Z
sensor.11_varmepumpe32a_active_power,429.7135380869283,2025-03-31T20:00:00.000Z
sensor.11_varmepumpe32a_active_power,1076.55305354197,2025-03-31T21:00:00.000Z
sensor.11_varmepumpe32a_active_power,1590.7924773245306,2025-03-31T22:00:00.000Z
sensor.11_varmepumpe32a_active_power,1487.7897526294973,2025-04-01T05:00:00.000Z
sensor.11_varmepumpe32a_active_power,60.53353588800834,2025-04-01T06:00:00.000Z
sensor.11_varmepumpe32a_active_power,44.760587189222214,2025-04-01T07:00:00.000Z
sensor.11_varmepumpe32a_active_power,959.720370957,2025-04-01T08:00:00.000Z
sensor.11_varmepumpe32a_active_power,729.8607748453888,2025-04-01T09:00:00.000Z
sensor.11_varmepumpe32a_active_power,752.883835606861,2025-04-01T10:00:00.000Z
sensor.11_varmepumpe32a_active_power,996.9877015720522,2025-04-01T11:00:00.000Z
sensor.11_varmepumpe32a_active_power,104.83781125022222,2025-04-01T12:00:00.000Z
sensor.11_varmepumpe32a_active_power,176.0085888121445,2025-04-01T13:00:00.000Z
sensor.11_varmepumpe32a_active_power,121.29319951693333,2025-04-01T14:00:00.000Z
sensor.11_varmepumpe32a_active_power,120.32290684261112,2025-04-01T15:00:00.000Z
sensor.11_varmepumpe32a_active_power,32.51650849316667,2025-04-01T16:00:00.000Z
sensor.11_varmepumpe32a_active_power,24.642663469130554,2025-04-01T17:00:00.000Z
sensor.11_varmepumpe32a_active_power,451.7798109488611,2025-04-01T18:00:00.000Z
sensor.11_varmepumpe32a_active_power,689.7850295497946,2025-04-01T19:00:00.000Z
sensor.11_varmepumpe32a_active_power,1925.5710140451863,2025-04-01T20:00:00.000Z
sensor.11_varmepumpe32a_active_power,470.30823110832216,2025-04-01T21:00:00.000Z
sensor.11_varmepumpe32a_active_power,724.8382484115833,2025-04-01T22:00:00.000Z
sensor.11_varmepumpe32a_active_power,261.7822043662814,2025-04-01T23:00:00.000Z
sensor.11_varmepumpe32a_active_power,677.8487797248941,2025-04-02T00:00:00.000Z
sensor.11_varmepumpe32a_active_power,421.5914745105972,2025-04-02T01:00:00.000Z
sensor.11_varmepumpe32a_active_power,1223.1246422764666,2025-04-02T02:00:00.000Z
sensor.11_varmepumpe32a_active_power,815.5165289792777,2025-04-02T03:00:00.000Z
sensor.11_varmepumpe32a_active_power,1786.2905169032445,2025-04-02T04:00:00.000Z
sensor.11_varmepumpe32a_active_power,998.0514664309889,2025-04-02T05:00:00.000Z
sensor.11_varmepumpe32a_active_power,37.387822594683335,2025-04-02T06:00:00.000Z
sensor.11_varmepumpe32a_active_power,52.24277807181111,2025-04-02T07:00:00.000Z
sensor.11_varmepumpe32a_active_power,655.7594127940722,2025-04-02T08:00:00.000Z
sensor.11_varmepumpe32a_active_power,500.35091573223895,2025-04-02T09:00:00.000Z
sensor.11_varmepumpe32a_active_power,595.8905144479444,2025-04-02T10:00:00.000Z
sensor.11_varmepumpe32a_active_power,436.4821611680889,2025-04-02T11:00:00.000Z
sensor.11_varmepumpe32a_active_power,101.9467198455,2025-04-02T12:00:00.000Z
sensor.11_varmepumpe32a_active_power,135.04838574694443,2025-04-02T13:00:00.000Z
sensor.11_varmepumpe32a_active_power,105.7933470105,2025-04-02T14:00:00.000Z
sensor.11_varmepumpe32a_active_power,81.6281507256111,2025-04-02T15:00:00.000Z
sensor.11_varmepumpe32a_active_power,25.41798127625,2025-04-02T16:00:00.000Z
sensor.11_varmepumpe32a_active_power,12.772922670444444,2025-04-02T17:00:00.000Z
sensor.11_varmepumpe32a_active_power,284.8511283442222,2025-04-02T18:00:00.000Z
sensor.11_varmepumpe32a_active_power,245.59404841025,2025-04-02T19:00:00.000Z
sensor.11_varmepumpe32a_active_power,724.0036486426111,2025-04-02T20:00:00.000Z
sensor.11_varmepumpe32a_active_power,652.0273400573055,2025-04-02T21:00:00.000Z
sensor.11_varmepumpe32a_active_power,619.6973737614167,2025-04-02T22:00:00.000Z
sensor.11_varmepumpe32a_active_power,1016.7388557844778,2025-04-02T23:00:00.000Z
sensor.11_varmepumpe32a_active_power,891.10385470475,2025-04-03T00:00:00.000Z
sensor.11_varmepumpe32a_active_power,497.2866524686806,2025-04-03T01:00:00.000Z
sensor.11_varmepumpe32a_active_power,381.22884319542226,2025-04-03T02:00:00.000Z
sensor.11_varmepumpe32a_active_power,571.8673476189934,2025-04-03T03:00:00.000Z
sensor.11_varmepumpe32a_active_power,1224.5773634838554,2025-04-03T04:00:00.000Z
sensor.11_varmepumpe32a_active_power,866.706135083425,2025-04-03T05:00:00.000Z
sensor.11_varmepumpe32a_active_power,26.753950651325,2025-04-03T06:00:00.000Z
sensor.11_varmepumpe32a_active_power,38.61244611108334,2025-04-03T07:00:00.000Z
sensor.11_varmepumpe32a_active_power,526.0515943625722,2025-04-03T08:00:00.000Z
sensor.11_varmepumpe32a_active_power,440.27828860358335,2025-04-03T09:00:00.000Z
sensor.11_varmepumpe32a_active_power,353.2098418517223,2025-04-03T10:00:00.000Z
sensor.11_varmepumpe32a_active_power,916.1830025348445,2025-04-03T11:00:00.000Z
sensor.11_varmepumpe32a_active_power,80.62878296372223,2025-04-03T12:00:00.000Z
sensor.11_varmepumpe32a_active_power,71.62846709338889,2025-04-03T13:00:00.000Z
sensor.11_varmepumpe32a_active_power,41.720700278883335,2025-04-03T14:00:00.000Z
sensor.11_varmepumpe32a_active_power,29.92713293218333,2025-04-03T15:00:00.000Z
sensor.11_varmepumpe32a_active_power,17.125946088888888,2025-04-03T16:00:00.000Z
sensor.11_varmepumpe32a_active_power,10.237995095,2025-04-03T17:00:00.000Z
sensor.11_varmepumpe32a_active_power,207.38247070841666,2025-04-03T18:00:00.000Z
sensor.11_varmepumpe32a_active_power,278.63655428669443,2025-04-03T19:00:00.000Z
sensor.11_varmepumpe32a_active_power,206.0076610143889,2025-04-03T20:00:00.000Z
sensor.11_varmepumpe32a_active_power,1118.7640760628583,2025-04-03T21:00:00.000Z
sensor.11_varmepumpe32a_active_power,316.8341161876944,2025-04-03T22:00:00.000Z
sensor.11_varmepumpe32a_active_power,297.04206832586385,2025-04-03T23:00:00.000Z
sensor.11_varmepumpe32a_active_power,75.76605422494445,2025-04-04T00:00:00.000Z
sensor.11_varmepumpe32a_active_power,359.9524281877232,2025-04-04T01:00:00.000Z
sensor.11_varmepumpe32a_active_power,1285.2490152148696,2025-04-04T02:00:00.000Z
sensor.11_varmepumpe32a_active_power,498.8594289429222,2025-04-04T03:00:00.000Z
sensor.11_varmepumpe32a_active_power,847.2631917071944,2025-04-04T04:00:00.000Z
sensor.11_varmepumpe32a_active_power,987.2495375628613,2025-04-04T05:00:00.000Z
sensor.11_varmepumpe32a_active_power,44.72332851197222,2025-04-04T06:00:00.000Z
sensor.11_varmepumpe32a_active_power,46.18934206723333,2025-04-04T07:00:00.000Z
sensor.11_varmepumpe32a_active_power,649.2543721504445,2025-04-04T08:00:00.000Z
sensor.11_varmepumpe32a_active_power,333.633425665939,2025-04-04T09:00:00.000Z
sensor.11_varmepumpe32a_active_power,632.1934850083663,2025-04-04T10:00:00.000Z
sensor.11_varmepumpe32a_active_power,703.5702376697112,2025-04-04T11:00:00.000Z
sensor.11_varmepumpe32a_active_power,353.8497239106111,2025-04-04T12:00:00.000Z
sensor.11_varmepumpe32a_active_power,280.04641720997773,2025-04-04T13:00:00.000Z
sensor.11_varmepumpe32a_active_power,265.91630978527775,2025-04-04T14:00:00.000Z
sensor.11_varmepumpe32a_active_power,133.87206426072223,2025-04-04T15:00:00.000Z
sensor.11_varmepumpe32a_active_power,56.46382353886111,2025-04-04T16:00:00.000Z
sensor.11_varmepumpe32a_active_power,63.978716372722225,2025-04-04T17:00:00.000Z
sensor.11_varmepumpe32a_active_power,1122.9564751563887,2025-04-04T18:00:00.000Z
sensor.11_varmepumpe32a_active_power,2578.260351539111,2025-04-04T19:00:00.000Z
sensor.11_varmepumpe32a_active_power,416.6469302119028,2025-04-04T20:00:00.000Z
sensor.11_varmepumpe32a_active_power,240.1677684199528,2025-04-04T21:00:00.000Z
sensor.11_varmepumpe32a_active_power,585.291690190125,2025-04-04T22:00:00.000Z
sensor.11_varmepumpe32a_active_power,407.6903089242342,2025-04-04T23:00:00.000Z
sensor.11_varmepumpe32a_active_power,885.3908567567778,2025-04-05T00:00:00.000Z
sensor.11_varmepumpe32a_active_power,702.0914619329445,2025-04-05T01:00:00.000Z
sensor.11_varmepumpe32a_active_power,1198.816966787722,2025-04-05T02:00:00.000Z
sensor.11_varmepumpe32a_active_power,2348.7233223230555,2025-04-05T03:00:00.000Z
sensor.11_varmepumpe32a_active_power,1622.4160365748332,2025-04-05T04:00:00.000Z
sensor.11_varmepumpe32a_active_power,1368.9061632944447,2025-04-05T05:00:00.000Z
sensor.11_varmepumpe32a_active_power,38.886642785,2025-04-05T06:00:00.000Z
sensor.11_varmepumpe32a_active_power,63.046538874444444,2025-04-05T07:00:00.000Z
sensor.11_varmepumpe32a_active_power,1111.159168321389,2025-04-05T08:00:00.000Z
sensor.11_varmepumpe32a_active_power,980.1780727691666,2025-04-05T09:00:00.000Z
sensor.11_varmepumpe32a_active_power,364.36782279658337,2025-04-05T10:00:00.000Z
sensor.11_varmepumpe32a_active_power,184.62896485396666,2025-04-05T11:00:00.000Z
sensor.11_varmepumpe32a_active_power,333.8051418463889,2025-04-05T12:00:00.000Z
sensor.11_varmepumpe32a_active_power,581.1712810694445,2025-04-05T13:00:00.000Z
sensor.11_varmepumpe32a_active_power,406.04837550694447,2025-04-05T14:00:00.000Z
sensor.11_varmepumpe32a_active_power,319.28331852125,2025-04-05T15:00:00.000Z
sensor.11_varmepumpe32a_active_power,63.39859791667778,2025-04-05T16:00:00.000Z
sensor.11_varmepumpe32a_active_power,58.39139310663333,2025-04-05T17:00:00.000Z
sensor.11_varmepumpe32a_active_power,278.9260554781278,2025-04-05T18:00:00.000Z
sensor.11_varmepumpe32a_active_power,526.0922282570556,2025-04-05T19:00:00.000Z
sensor.11_varmepumpe32a_active_power,408.20682259358887,2025-04-05T20:00:00.000Z
sensor.11_varmepumpe32a_active_power,361.58960723266665,2025-04-05T21:00:00.000Z
sensor.11_varmepumpe32a_active_power,1119.4289581507085,2025-04-05T22:00:00.000Z
sensor.11_varmepumpe32a_active_power,2152.500929293192,2025-04-05T23:00:00.000Z
sensor.11_varmepumpe32a_active_power,540.8749905941444,2025-04-06T00:00:00.000Z
sensor.11_varmepumpe32a_active_power,830.1121752287777,2025-04-06T01:00:00.000Z
sensor.11_varmepumpe32a_active_power,1422.0607965369861,2025-04-06T02:00:00.000Z
sensor.11_varmepumpe32a_active_power,690.3582491847787,2025-04-06T03:00:00.000Z
sensor.11_varmepumpe32a_active_power,1077.8859337000806,2025-04-06T04:00:00.000Z
sensor.11_varmepumpe32a_active_power,1689.5486487311111,2025-04-06T05:00:00.000Z
sensor.11_varmepumpe32a_active_power,51.026076840016664,2025-04-06T06:00:00.000Z
sensor.11_varmepumpe32a_active_power,39.71175603305833,2025-04-06T07:00:00.000Z
sensor.11_varmepumpe32a_active_power,1214.0528984525722,2025-04-06T08:00:00.000Z
sensor.11_varmepumpe32a_active_power,1527.6258498926375,2025-04-06T09:00:00.000Z
sensor.11_varmepumpe32a_active_power,853.1437710379028,2025-04-06T10:00:00.000Z
sensor.11_varmepumpe32a_active_power,2198.2707774825,2025-04-06T11:00:00.000Z
sensor.11_varmepumpe32a_active_power,88.82173573036111,2025-04-06T12:00:00.000Z
sensor.11_varmepumpe32a_active_power,190.63507264694445,2025-04-06T13:00:00.000Z
sensor.11_varmepumpe32a_active_power,100.70874377280556,2025-04-06T14:00:00.000Z
sensor.11_varmepumpe32a_active_power,293.3985253895111,2025-04-06T15:00:00.000Z
sensor.11_varmepumpe32a_active_power,20.480858793805556,2025-04-06T16:00:00.000Z
sensor.11_varmepumpe32a_active_power,163.16883207308337,2025-04-06T17:00:00.000Z
sensor.11_varmepumpe32a_active_power,2211.439289927486,2025-04-06T18:00:00.000Z
sensor.11_varmepumpe32a_active_power,563.6364580461861,2025-04-06T19:00:00.000Z
sensor.11_varmepumpe32a_active_power,466.8692680078056,2025-04-06T20:00:00.000Z
sensor.11_varmepumpe32a_active_power,559.8158045777611,2025-04-06T21:00:00.000Z
sensor.11_varmepumpe32a_active_power,584.7822198355406,2025-04-06T22:00:00.000Z
sensor.11_varmepumpe32a_active_power,641.8778764075361,2025-04-06T23:00:00.000Z
sensor.11_varmepumpe32a_active_power,550.40769269225,2025-04-07T00:00:00.000Z
sensor.11_varmepumpe32a_active_power,436.3712725064861,2025-04-07T01:00:00.000Z
sensor.11_varmepumpe32a_active_power,1249.6741037474055,2025-04-07T02:00:00.000Z
sensor.11_varmepumpe32a_active_power,1089.8140841800944,2025-04-07T03:00:00.000Z
sensor.11_varmepumpe32a_active_power,613.9535572991778,2025-04-07T04:00:00.000Z
sensor.11_varmepumpe32a_active_power,1309.82857938975,2025-04-07T05:00:00.000Z
sensor.11_varmepumpe32a_active_power,33.412893987833336,2025-04-07T06:00:00.000Z
sensor.11_varmepumpe32a_active_power,40.329154084925,2025-04-07T07:00:00.000Z
sensor.11_varmepumpe32a_active_power,675.5946991706675,2025-04-07T08:00:00.000Z
sensor.11_varmepumpe32a_active_power,414.29877382785554,2025-04-07T09:00:00.000Z
sensor.11_varmepumpe32a_active_power,701.1739811411,2025-04-07T10:00:00.000Z
sensor.11_varmepumpe32a_active_power,454.85929785383337,2025-04-07T11:00:00.000Z
sensor.11_varmepumpe32a_active_power,238.91393522219448,2025-04-07T12:00:00.000Z
sensor.11_varmepumpe32a_active_power,227.96554426763612,2025-04-07T13:00:00.000Z
sensor.11_varmepumpe32a_active_power,156.23425090526945,2025-04-07T14:00:00.000Z
sensor.11_varmepumpe32a_active_power,77.39139734145,2025-04-07T15:00:00.000Z
sensor.11_varmepumpe32a_active_power,67.59388173669444,2025-04-07T16:00:00.000Z
sensor.11_varmepumpe32a_active_power,55.935143584722226,2025-04-07T17:00:00.000Z
sensor.11_varmepumpe32a_active_power,58.50905965327501,2025-04-07T18:00:00.000Z
sensor.11_varmepumpe32a_active_power,60.969498480277785,2025-04-07T19:00:00.000Z
sensor.11_varmepumpe32a_active_power,833.8137589853333,2025-04-07T20:00:00.000Z
sensor.11_varmepumpe32a_active_power,390.4869662210917,2025-04-07T21:00:00.000Z
sensor.11_varmepumpe32a_active_power,534.8016383441528,2025-04-07T22:00:00.000Z
sensor.11_varmepumpe32a_active_power,1664.9982493111527,2025-04-07T23:00:00.000Z
sensor.11_varmepumpe32a_active_power,376.38309408556944,2025-04-08T00:00:00.000Z
sensor.11_varmepumpe32a_active_power,159.94629318886112,2025-04-08T01:00:00.000Z
sensor.11_varmepumpe32a_active_power,724.1296533700269,2025-04-08T02:00:00.000Z
sensor.11_varmepumpe32a_active_power,1214.9177123018167,2025-04-08T03:00:00.000Z
sensor.11_varmepumpe32a_active_power,859.4277918151806,2025-04-08T04:00:00.000Z
sensor.11_varmepumpe32a_active_power,1099.5655258779955,2025-04-08T05:00:00.000Z
sensor.11_varmepumpe32a_active_power,26.435060321222224,2025-04-08T06:00:00.000Z
sensor.11_varmepumpe32a_active_power,55.938434246199996,2025-04-08T07:00:00.000Z
sensor.11_varmepumpe32a_active_power,627.3718720378944,2025-04-08T08:00:00.000Z
sensor.11_varmepumpe32a_active_power,321.36627027580556,2025-04-08T09:00:00.000Z
sensor.11_varmepumpe32a_active_power,636.7555294735332,2025-04-08T10:00:00.000Z
sensor.11_varmepumpe32a_active_power,838.34995734025,2025-04-08T11:00:00.000Z
sensor.11_varmepumpe32a_active_power,218.54667685436107,2025-04-08T12:00:00.000Z
sensor.11_varmepumpe32a_active_power,387.8107025323361,2025-04-08T13:00:00.000Z
sensor.11_varmepumpe32a_active_power,87.96400865106112,2025-04-08T14:00:00.000Z
sensor.11_varmepumpe32a_active_power,247.1207220515084,2025-04-08T15:00:00.000Z
sensor.11_varmepumpe32a_active_power,130.5584648951472,2025-04-08T16:00:00.000Z
sensor.11_varmepumpe32a_active_power,221.13376625416666,2025-04-08T17:00:00.000Z
sensor.11_varmepumpe32a_active_power,20.15241611963889,2025-04-08T18:00:00.000Z
sensor.11_varmepumpe32a_active_power,16.789702838333334,2025-04-08T19:00:00.000Z
sensor.11_varmepumpe32a_active_power,147.07174048391667,2025-04-08T20:00:00.000Z
sensor.11_varmepumpe32a_active_power,394.41285294566666,2025-04-08T21:00:00.000Z
sensor.11_varmepumpe32a_active_power,779.01283648375,2025-04-08T22:00:00.000Z
sensor.11_varmepumpe32a_active_power,589.8255976584444,2025-04-08T23:00:00.000Z
sensor.11_varmepumpe32a_active_power,681.9962944594445,2025-04-09T00:00:00.000Z
sensor.11_varmepumpe32a_active_power,575.5865578766111,2025-04-09T01:00:00.000Z
sensor.11_varmepumpe32a_active_power,787.4041382124166,2025-04-09T02:00:00.000Z
sensor.11_varmepumpe32a_active_power,2113.908721707561,2025-04-09T03:00:00.000Z
sensor.11_varmepumpe32a_active_power,1101.5001958863056,2025-04-09T04:00:00.000Z
sensor.11_varmepumpe32a_active_power,1374.6526067581945,2025-04-09T05:00:00.000Z
sensor.11_varmepumpe32a_active_power,45.47448189930555,2025-04-09T06:00:00.000Z
sensor.11_varmepumpe32a_active_power,57.26682781569445,2025-04-09T07:00:00.000Z
sensor.11_varmepumpe32a_active_power,198.3960486193389,2025-04-09T08:00:00.000Z
sensor.11_varmepumpe32a_active_power,444.14935349624994,2025-04-09T09:00:00.000Z
sensor.11_varmepumpe32a_active_power,745.7051889820556,2025-04-09T10:00:00.000Z
sensor.11_varmepumpe32a_active_power,589.7891264223056,2025-04-09T11:00:00.000Z
sensor.11_varmepumpe32a_active_power,188.75285524586113,2025-04-09T12:00:00.000Z
sensor.11_varmepumpe32a_active_power,262.24510287067216,2025-04-09T13:00:00.000Z
sensor.11_varmepumpe32a_active_power,101.25809644094444,2025-04-09T14:00:00.000Z
sensor.11_varmepumpe32a_active_power,127.9428641931389,2025-04-09T15:00:00.000Z
sensor.11_varmepumpe32a_active_power,1010.42687267445,2025-04-09T16:00:00.000Z
sensor.11_varmepumpe32a_active_power,1081.5797520792944,2025-04-09T17:00:00.000Z
sensor.11_varmepumpe32a_active_power,26.42022374479444,2025-04-09T18:00:00.000Z
sensor.11_varmepumpe32a_active_power,71.74578694421014,2025-04-09T19:00:00.000Z
sensor.11_varmepumpe32a_active_power,709.2539082792945,2025-04-09T20:00:00.000Z
sensor.11_varmepumpe32a_active_power,1054.8637076533334,2025-04-09T21:00:00.000Z
sensor.11_varmepumpe32a_active_power,909.5741721727333,2025-04-09T22:00:00.000Z
sensor.11_varmepumpe32a_active_power,779.8709112065527,2025-04-09T23:00:00.000Z
sensor.11_varmepumpe32a_active_power,1144.441051364861,2025-04-10T00:00:00.000Z
sensor.11_varmepumpe32a_active_power,796.6391426312001,2025-04-10T01:00:00.000Z
sensor.11_varmepumpe32a_active_power,1090.1083935971722,2025-04-10T02:00:00.000Z
sensor.11_varmepumpe32a_active_power,1913.0535673174725,2025-04-10T03:00:00.000Z
sensor.11_varmepumpe32a_active_power,1383.0269835112501,2025-04-10T04:00:00.000Z
sensor.11_varmepumpe32a_active_power,681.8385816354611,2025-04-10T05:00:00.000Z
sensor.11_varmepumpe32a_active_power,31.013392494722222,2025-04-10T06:00:00.000Z
sensor.11_varmepumpe32a_active_power,52.94471114516944,2025-04-10T07:00:00.000Z
sensor.11_varmepumpe32a_active_power,768.5111257536113,2025-04-10T08:00:00.000Z
sensor.11_varmepumpe32a_active_power,135.7226755549028,2025-04-10T09:00:00.000Z
sensor.11_varmepumpe32a_active_power,204.72517557305,2025-04-10T10:00:00.000Z
sensor.11_varmepumpe32a_active_power,978.8275738565417,2025-04-10T11:00:00.000Z
sensor.11_varmepumpe32a_active_power,381.6171006351639,2025-04-10T12:00:00.000Z
sensor.11_varmepumpe32a_active_power,395.9841909605,2025-04-10T13:00:00.000Z
sensor.11_varmepumpe32a_active_power,403.3839286750278,2025-04-10T14:00:00.000Z
sensor.11_varmepumpe32a_active_power,237.27291046766666,2025-04-10T15:00:00.000Z
sensor.11_varmepumpe32a_active_power,94.01363363497222,2025-04-10T16:00:00.000Z
sensor.11_varmepumpe32a_active_power,217.2481428183889,2025-04-10T17:00:00.000Z
sensor.11_varmepumpe32a_active_power,52.982511315638895,2025-04-10T18:00:00.000Z
sensor.11_varmepumpe32a_active_power,58.352242085916664,2025-04-10T19:00:00.000Z
sensor.11_varmepumpe32a_active_power,227.67927588888332,2025-04-10T20:00:00.000Z
sensor.11_varmepumpe32a_active_power,1827.6687223464944,2025-04-10T21:00:00.000Z
sensor.11_varmepumpe32a_active_power,764.6733024314639,2025-04-10T22:00:00.000Z
sensor.11_varmepumpe32a_active_power,412.3180482289333,2025-04-10T23:00:00.000Z
sensor.11_varmepumpe32a_active_power,587.7376191262416,2025-04-11T00:00:00.000Z
sensor.11_varmepumpe32a_active_power,841.50697068715,2025-04-11T01:00:00.000Z
sensor.11_varmepumpe32a_active_power,747.5834856848445,2025-04-11T02:00:00.000Z
sensor.11_varmepumpe32a_active_power,935.5482070808222,2025-04-11T03:00:00.000Z
sensor.11_varmepumpe32a_active_power,359.0150269997612,2025-04-11T04:00:00.000Z
sensor.11_varmepumpe32a_active_power,867.2979346057778,2025-04-11T05:00:00.000Z
sensor.11_varmepumpe32a_active_power,43.92565349753889,2025-04-11T06:00:00.000Z
sensor.11_varmepumpe32a_active_power,53.492674120991666,2025-04-11T07:00:00.000Z
sensor.11_varmepumpe32a_active_power,466.2284302856167,2025-04-11T08:00:00.000Z
sensor.11_varmepumpe32a_active_power,380.7567909647778,2025-04-11T09:00:00.000Z
sensor.11_varmepumpe32a_active_power,908.5696469950277,2025-04-11T10:00:00.000Z
sensor.11_varmepumpe32a_active_power,554.0065084103028,2025-04-11T11:00:00.000Z
sensor.11_varmepumpe32a_active_power,89.32577643394444,2025-04-11T12:00:00.000Z
sensor.11_varmepumpe32a_active_power,30.776323926625,2025-04-11T13:00:00.000Z
sensor.11_varmepumpe32a_active_power,32.37757292152778,2025-04-11T14:00:00.000Z
sensor.11_varmepumpe32a_active_power,33.43451797197222,2025-04-11T15:00:00.000Z
sensor.11_varmepumpe32a_active_power,31.157591726333333,2025-04-11T16:00:00.000Z
sensor.11_varmepumpe32a_active_power,165.03518650980556,2025-04-11T17:00:00.000Z
sensor.11_varmepumpe32a_active_power,21.86795277421449,2025-04-11T18:00:00.000Z
sensor.11_varmepumpe32a_active_power,12.378883944477101,2025-04-11T19:00:00.000Z
sensor.11_varmepumpe32a_active_power,398.32003831074167,2025-04-11T20:00:00.000Z
sensor.11_varmepumpe32a_active_power,439.36635747190473,2025-04-11T21:00:00.000Z
sensor.11_varmepumpe32a_active_power,198,2025-04-12T20:00:00.000Z
sensor.11_varmepumpe32a_active_power,356.0215698369464,2025-04-12T21:00:00.000Z
sensor.11_varmepumpe32a_active_power,314.85715094,2025-04-12T22:00:00.000Z
sensor.11_varmepumpe32a_active_power,116.72378789433333,2025-04-12T23:00:00.000Z
sensor.11_varmepumpe32a_active_power,133.99058755392522,2025-04-13T00:00:00.000Z
sensor.11_varmepumpe32a_active_power,330.94356101777777,2025-04-13T01:00:00.000Z
sensor.11_varmepumpe32a_active_power,797.0542075428316,2025-04-13T02:00:00.000Z
sensor.11_varmepumpe32a_active_power,1240.919535146711,2025-04-13T03:00:00.000Z
sensor.11_varmepumpe32a_active_power,502.5822660604111,2025-04-13T04:00:00.000Z
sensor.11_varmepumpe32a_active_power,541.6381745610278,2025-04-13T05:00:00.000Z
sensor.11_varmepumpe32a_active_power,38.42049544296666,2025-04-13T06:00:00.000Z
sensor.11_varmepumpe32a_active_power,46.997134558017734,2025-04-13T07:00:00.000Z
sensor.11_varmepumpe32a_active_power,301.5846098556861,2025-04-13T08:00:00.000Z
sensor.11_varmepumpe32a_active_power,93.43802978944444,2025-04-13T09:00:00.000Z
sensor.11_varmepumpe32a_active_power,638.6305334184166,2025-04-13T10:00:00.000Z
sensor.11_varmepumpe32a_active_power,593.8501767127333,2025-04-13T11:00:00.000Z
sensor.11_varmepumpe32a_active_power,112.3740383556185,2025-04-13T12:00:00.000Z
sensor.11_varmepumpe32a_active_power,103.57246888688888,2025-04-13T13:00:00.000Z
sensor.11_varmepumpe32a_active_power,146.36668729805555,2025-04-13T14:00:00.000Z
sensor.11_varmepumpe32a_active_power,112.41432093171387,2025-04-13T15:00:00.000Z
sensor.11_varmepumpe32a_active_power,105.74960218015616,2025-04-13T16:00:00.000Z
sensor.11_varmepumpe32a_active_power,140.77131516441668,2025-04-13T17:00:00.000Z
sensor.11_varmepumpe32a_active_power,66.51207491583334,2025-04-13T18:00:00.000Z
sensor.11_varmepumpe32a_active_power,60.20954217905555,2025-04-13T19:00:00.000Z
sensor.11_varmepumpe32a_active_power,330.25083539972223,2025-04-13T20:00:00.000Z
sensor.11_varmepumpe32a_active_power,171.69597756183336,2025-04-13T21:00:00.000Z
sensor.11_varmepumpe32a_active_power,367.0543817240382,2025-04-13T22:00:00.000Z
sensor.11_varmepumpe32a_active_power,239.95361926475223,2025-04-13T23:00:00.000Z
sensor.11_varmepumpe32a_active_power,258.98459017316145,2025-04-14T00:00:00.000Z
sensor.11_varmepumpe32a_active_power,331.86699118483335,2025-04-14T01:00:00.000Z
sensor.11_varmepumpe32a_active_power,79.63924921320556,2025-04-14T02:00:00.000Z
sensor.11_varmepumpe32a_active_power,658.6007181343333,2025-04-14T03:00:00.000Z
sensor.11_varmepumpe32a_active_power,549.3123002520889,2025-04-14T04:00:00.000Z
sensor.11_varmepumpe32a_active_power,647.9678428226666,2025-04-14T05:00:00.000Z
sensor.11_varmepumpe32a_active_power,54.31735840809444,2025-04-14T06:00:00.000Z
sensor.11_varmepumpe32a_active_power,44.40304237908333,2025-04-14T07:00:00.000Z
sensor.11_varmepumpe32a_active_power,303.43338930094444,2025-04-14T08:00:00.000Z
sensor.11_varmepumpe32a_active_power,105.74886887029842,2025-04-14T09:00:00.000Z
sensor.11_varmepumpe32a_active_power,928.8667568112886,2025-04-14T10:00:00.000Z
sensor.11_varmepumpe32a_active_power,718.86817903475,2025-04-14T11:00:00.000Z
sensor.11_varmepumpe32a_active_power,223.92046490532223,2025-04-14T12:00:00.000Z
sensor.11_varmepumpe32a_active_power,76.58485647621944,2025-04-14T13:00:00.000Z
sensor.11_varmepumpe32a_active_power,89.43229485724446,2025-04-14T14:00:00.000Z
sensor.11_varmepumpe32a_active_power,75.22531514402222,2025-04-14T15:00:00.000Z
sensor.11_varmepumpe32a_active_power,80.60921758509723,2025-04-14T16:00:00.000Z
sensor.11_varmepumpe32a_active_power,199.07226210055558,2025-04-14T17:00:00.000Z
sensor.11_varmepumpe32a_active_power,58.683377909166666,2025-04-14T18:00:00.000Z
sensor.11_varmepumpe32a_active_power,57.05578042609445,2025-04-14T19:00:00.000Z
sensor.11_varmepumpe32a_active_power,494.6446120325,2025-04-14T20:00:00.000Z
sensor.11_varmepumpe32a_active_power,343.04104902277777,2025-04-14T21:00:00.000Z
sensor.11_varmepumpe32a_active_power,323.1550491568898,2025-04-14T22:00:00.000Z
sensor.11_varmepumpe32a_active_power,531.9315763381111,2025-04-14T23:00:00.000Z
sensor.11_varmepumpe32a_active_power,284.7577836850833,2025-04-15T00:00:00.000Z
sensor.11_varmepumpe32a_active_power,523.9956663049167,2025-04-15T01:00:00.000Z
sensor.11_varmepumpe32a_active_power,426.8269949271583,2025-04-15T02:00:00.000Z
sensor.11_varmepumpe32a_active_power,743.7726013342667,2025-04-15T03:00:00.000Z
sensor.11_varmepumpe32a_active_power,692.8998706171889,2025-04-15T04:00:00.000Z
sensor.11_varmepumpe32a_active_power,794.6255308778333,2025-04-15T05:00:00.000Z
sensor.11_varmepumpe32a_active_power,55.270505258361105,2025-04-15T06:00:00.000Z
sensor.11_varmepumpe32a_active_power,47.35392872944445,2025-04-15T07:00:00.000Z
sensor.11_varmepumpe32a_active_power,509.17802634565464,2025-04-15T08:00:00.000Z
sensor.11_varmepumpe32a_active_power,228.8355786171949,2025-04-15T09:00:00.000Z
sensor.11_varmepumpe32a_active_power,905.1623794820248,2025-04-15T10:00:00.000Z
sensor.11_varmepumpe32a_active_power,617.6627614481055,2025-04-15T11:00:00.000Z
sensor.11_varmepumpe32a_active_power,423.77894394163894,2025-04-15T12:00:00.000Z
sensor.11_varmepumpe32a_active_power,110.43473933579723,2025-04-15T13:00:00.000Z
sensor.11_varmepumpe32a_active_power,68.1550028773889,2025-04-15T14:00:00.000Z
sensor.11_varmepumpe32a_active_power,112.09715086520863,2025-04-15T15:00:00.000Z
sensor.11_varmepumpe32a_active_power,245.0346931967222,2025-04-15T16:00:00.000Z
sensor.11_varmepumpe32a_active_power,98.92895587916246,2025-04-15T17:00:00.000Z
sensor.11_varmepumpe32a_active_power,28.6304150835,2025-04-15T18:00:00.000Z
sensor.11_varmepumpe32a_active_power,54.93284907435452,2025-04-15T19:00:00.000Z
sensor.11_varmepumpe32a_active_power,344.3438946773111,2025-04-15T20:00:00.000Z
sensor.11_varmepumpe32a_active_power,140.77456164566667,2025-04-15T21:00:00.000Z
sensor.11_varmepumpe32a_active_power,238.5670124605,2025-04-15T22:00:00.000Z
sensor.11_varmepumpe32a_active_power,399.0811013332259,2025-04-15T23:00:00.000Z
sensor.11_varmepumpe32a_active_power,137.8215560476148,2025-04-16T00:00:00.000Z
sensor.11_varmepumpe32a_active_power,160.22666530620555,2025-04-16T01:00:00.000Z
sensor.11_varmepumpe32a_active_power,650.0964952121305,2025-04-16T02:00:00.000Z
sensor.11_varmepumpe32a_active_power,1580.2162275498556,2025-04-16T03:00:00.000Z
sensor.11_varmepumpe32a_active_power,524.7890391627778,2025-04-16T04:00:00.000Z
sensor.11_varmepumpe32a_active_power,351.73989917666665,2025-04-16T05:00:00.000Z
sensor.11_varmepumpe32a_active_power,753.6181694849311,2025-04-21T00:00:00.000Z
sensor.11_varmepumpe32a_active_power,784.8251347003888,2025-04-21T01:00:00.000Z
sensor.11_varmepumpe32a_active_power,587.6995645414944,2025-04-21T02:00:00.000Z
sensor.11_varmepumpe32a_active_power,1642.3912817506555,2025-04-21T03:00:00.000Z
sensor.11_varmepumpe32a_active_power,408.7500485739694,2025-04-21T04:00:00.000Z
sensor.11_varmepumpe32a_active_power,620.6777574093518,2025-04-21T05:00:00.000Z
sensor.11_varmepumpe32a_active_power,32.432351950055555,2025-04-21T06:00:00.000Z
sensor.11_varmepumpe32a_active_power,45.87986519406113,2025-04-21T07:00:00.000Z
sensor.11_varmepumpe32a_active_power,421.6433669568944,2025-04-21T08:00:00.000Z
sensor.11_varmepumpe32a_active_power,228.11864714283334,2025-04-21T09:00:00.000Z
sensor.11_varmepumpe32a_active_power,457.27819092588896,2025-04-21T10:00:00.000Z
sensor.11_varmepumpe32a_active_power,275.22998122213056,2025-04-21T11:00:00.000Z
sensor.11_varmepumpe32a_active_power,64.74384922297223,2025-04-21T12:00:00.000Z
sensor.11_varmepumpe32a_active_power,206.94178804727224,2025-04-21T13:00:00.000Z
sensor.11_varmepumpe32a_active_power,156.38255731866667,2025-04-21T14:00:00.000Z
sensor.11_varmepumpe32a_active_power,223.5390849966052,2025-04-21T15:00:00.000Z
sensor.11_varmepumpe32a_active_power,345.08160419093997,2025-04-21T16:00:00.000Z
sensor.11_varmepumpe32a_active_power,111.01563962984721,2025-04-21T17:00:00.000Z
sensor.11_varmepumpe32a_active_power,59.42987660424871,2025-04-21T18:00:00.000Z
sensor.11_varmepumpe32a_active_power,60.55349157427093,2025-04-21T19:00:00.000Z
sensor.11_varmepumpe32a_active_power,482.59605746636,2025-04-21T20:00:00.000Z
sensor.11_varmepumpe32a_active_power,522.7330209430278,2025-04-21T21:00:00.000Z
sensor.11_varmepumpe32a_active_power,519.2768824443222,2025-04-21T22:00:00.000Z
sensor.11_varmepumpe32a_active_power,330.4595998638019,2025-04-21T23:00:00.000Z
sensor.11_varmepumpe32a_active_power,1509.8486653247166,2025-04-22T00:00:00.000Z
sensor.11_varmepumpe32a_active_power,632.0670814582195,2025-04-22T01:00:00.000Z
sensor.11_varmepumpe32a_active_power,1135.8825975027835,2025-04-22T02:00:00.000Z
sensor.11_varmepumpe32a_active_power,925.8468209792599,2025-04-22T03:00:00.000Z
sensor.11_varmepumpe32a_active_power,708.7010775029861,2025-04-22T04:00:00.000Z
sensor.11_varmepumpe32a_active_power,585.8075989082246,2025-04-22T05:00:00.000Z
sensor.11_varmepumpe32a_active_power,54.56726444491418,2025-04-22T06:00:00.000Z
sensor.11_varmepumpe32a_active_power,63.47415369480277,2025-04-22T07:00:00.000Z
sensor.11_varmepumpe32a_active_power,901.5374715349284,2025-04-22T08:00:00.000Z
sensor.11_varmepumpe32a_active_power,540.4852441566111,2025-04-22T09:00:00.000Z
sensor.11_varmepumpe32a_active_power,190.74418803673038,2025-04-22T10:00:00.000Z
sensor.11_varmepumpe32a_active_power,1085.726260717,2025-04-22T11:00:00.000Z
sensor.11_varmepumpe32a_active_power,734.3057647765758,2025-04-22T12:00:00.000Z
sensor.11_varmepumpe32a_active_power,304.72431531104996,2025-04-22T13:00:00.000Z
sensor.11_varmepumpe32a_active_power,173.53957263898874,2025-04-22T14:00:00.000Z
sensor.11_varmepumpe32a_active_power,321.64940350709264,2025-04-22T15:00:00.000Z
sensor.11_varmepumpe32a_active_power,406.9861578765198,2025-04-22T16:00:00.000Z
sensor.11_varmepumpe32a_active_power,412.3373770298358,2025-04-22T17:00:00.000Z
sensor.11_varmepumpe32a_active_power,139.5,2025-04-22T18:00:00.000Z
sensor.11_varmepumpe32a_active_power,1225.3633951631025,2025-04-22T19:00:00.000Z
sensor.11_varmepumpe32a_active_power,1201.645928659136,2025-04-22T20:00:00.000Z
sensor.11_varmepumpe32a_active_power,613.2583315824928,2025-04-22T21:00:00.000Z
sensor.11_varmepumpe32a_active_power,580.2688902256666,2025-04-22T22:00:00.000Z
sensor.11_varmepumpe32a_active_power,1729,2025-04-22T23:00:00.000Z
sensor.11_varmepumpe32a_active_power,711.862697679331,2025-04-23T00:00:00.000Z
sensor.11_varmepumpe32a_active_power,191.10502642749998,2025-04-23T01:00:00.000Z
sensor.11_varmepumpe32a_active_power,1126.035402642438,2025-04-23T02:00:00.000Z
sensor.11_varmepumpe32a_active_power,1584.444849398001,2025-04-23T03:00:00.000Z
sensor.11_varmepumpe32a_active_power,469.152864855673,2025-04-23T04:00:00.000Z
sensor.11_varmepumpe32a_active_power,565.6714285714286,2025-04-23T05:00:00.000Z
sensor.11_varmepumpe32a_active_power,74.14682167807483,2025-04-23T06:00:00.000Z
sensor.11_varmepumpe32a_active_power,63.35747347831452,2025-04-23T07:00:00.000Z
sensor.11_varmepumpe32a_active_power,262.68088320097223,2025-04-23T08:00:00.000Z
sensor.11_varmepumpe32a_active_power,342.9487575130889,2025-04-23T09:00:00.000Z
sensor.11_varmepumpe32a_active_power,978.7557702513333,2025-04-23T10:00:00.000Z
sensor.11_varmepumpe32a_active_power,970.5559481677778,2025-04-23T11:00:00.000Z
sensor.11_varmepumpe32a_active_power,206.03915090159998,2025-04-23T12:00:00.000Z
sensor.11_varmepumpe32a_active_power,471.04178911743884,2025-04-23T13:00:00.000Z
sensor.11_varmepumpe32a_active_power,162.3468180015417,2025-04-23T14:00:00.000Z
sensor.11_varmepumpe32a_active_power,298.95292439244446,2025-04-23T15:00:00.000Z
sensor.11_varmepumpe32a_active_power,186.4376194332389,2025-04-23T16:00:00.000Z
sensor.11_varmepumpe32a_active_power,281.0263744536944,2025-04-23T17:00:00.000Z
sensor.11_varmepumpe32a_active_power,52.67426104768481,2025-04-23T18:00:00.000Z
sensor.11_varmepumpe32a_active_power,68.69190927514474,2025-04-23T19:00:00.000Z
sensor.11_varmepumpe32a_active_power,64.45110426505555,2025-04-23T20:00:00.000Z
sensor.11_varmepumpe32a_active_power,804.1283590542847,2025-04-23T21:00:00.000Z
sensor.11_varmepumpe32a_active_power,684.6540019868056,2025-04-23T22:00:00.000Z
sensor.11_varmepumpe32a_active_power,2070.3080519500795,2025-04-23T23:00:00.000Z
sensor.11_varmepumpe32a_active_power,983.9078876519167,2025-04-24T00:00:00.000Z
sensor.11_varmepumpe32a_active_power,227.99450774216666,2025-04-24T01:00:00.000Z
sensor.11_varmepumpe32a_active_power,938.9554441666666,2025-04-24T02:00:00.000Z
sensor.11_varmepumpe32a_active_power,1048.1854046884444,2025-04-24T03:00:00.000Z
sensor.11_varmepumpe32a_active_power,1320.1221410018888,2025-04-24T04:00:00.000Z
sensor.11_varmepumpe32a_active_power,744.3766140076667,2025-04-24T05:00:00.000Z
sensor.11_varmepumpe32a_active_power,44.11650601261667,2025-04-24T06:00:00.000Z
sensor.11_varmepumpe32a_active_power,53.419367548608825,2025-04-24T07:00:00.000Z
sensor.11_varmepumpe32a_active_power,451.6644319996667,2025-04-24T08:00:00.000Z
sensor.11_varmepumpe32a_active_power,360.953614656861,2025-04-24T09:00:00.000Z
sensor.11_varmepumpe32a_active_power,50.59327363813333,2025-04-24T10:00:00.000Z
sensor.11_varmepumpe32a_active_power,672.5802188747612,2025-04-24T11:00:00.000Z
sensor.11_varmepumpe32a_active_power,351.5095926371389,2025-04-24T12:00:00.000Z
sensor.11_varmepumpe32a_active_power,413.1118261279723,2025-04-24T13:00:00.000Z
sensor.11_varmepumpe32a_active_power,427.0791375957222,2025-04-24T14:00:00.000Z
sensor.11_varmepumpe32a_active_power,120.85006705138888,2025-04-24T15:00:00.000Z
sensor.11_varmepumpe32a_active_power,432.4408351836111,2025-04-24T16:00:00.000Z
sensor.11_varmepumpe32a_active_power,158.41234551611112,2025-04-24T17:00:00.000Z
sensor.11_varmepumpe32a_active_power,41.894919209916665,2025-04-24T18:00:00.000Z
sensor.11_varmepumpe32a_active_power,60.42241979138888,2025-04-24T19:00:00.000Z
sensor.11_varmepumpe32a_active_power,57.98738228972223,2025-04-24T20:00:00.000Z
sensor.11_varmepumpe32a_active_power,2149.343365498528,2025-04-24T21:00:00.000Z
sensor.11_varmepumpe32a_active_power,748.5686143552889,2025-04-24T22:00:00.000Z
sensor.11_varmepumpe32a_active_power,440.19023838597224,2025-04-24T23:00:00.000Z
sensor.11_varmepumpe32a_active_power,1128.879658276,2025-04-25T00:00:00.000Z
sensor.11_varmepumpe32a_active_power,855.0853065050555,2025-04-25T01:00:00.000Z
sensor.11_varmepumpe32a_active_power,1333.4808121426056,2025-04-25T02:00:00.000Z
sensor.11_varmepumpe32a_active_power,769.6130199426472,2025-04-25T03:00:00.000Z
sensor.11_varmepumpe32a_active_power,1344.3258769565277,2025-04-25T04:00:00.000Z
sensor.11_varmepumpe32a_active_power,903.0399352801111,2025-04-25T05:00:00.000Z
sensor.11_varmepumpe32a_active_power,29.793606001472224,2025-04-25T06:00:00.000Z
sensor.11_varmepumpe32a_active_power,36.2922048467717,2025-04-25T07:00:00.000Z
sensor.11_varmepumpe32a_active_power,624.2369243300556,2025-04-25T08:00:00.000Z
sensor.11_varmepumpe32a_active_power,512.4680116315,2025-04-25T09:00:00.000Z
sensor.11_varmepumpe32a_active_power,1008.6234797327778,2025-04-25T10:00:00.000Z
sensor.11_varmepumpe32a_active_power,534.6740301758889,2025-04-25T11:00:00.000Z
sensor.11_varmepumpe32a_active_power,407.00410976652773,2025-04-25T12:00:00.000Z
sensor.11_varmepumpe32a_active_power,287.05706097036114,2025-04-25T13:00:00.000Z
sensor.11_varmepumpe32a_active_power,104.71989277196667,2025-04-25T14:00:00.000Z
sensor.11_varmepumpe32a_active_power,82.42746461822777,2025-04-25T15:00:00.000Z
sensor.11_varmepumpe32a_active_power,108.27465893649999,2025-04-25T16:00:00.000Z
sensor.11_varmepumpe32a_active_power,143.16029767748765,2025-04-25T17:00:00.000Z
sensor.11_varmepumpe32a_active_power,61.36064957758333,2025-04-25T18:00:00.000Z
sensor.11_varmepumpe32a_active_power,59.476888834566665,2025-04-25T19:00:00.000Z
sensor.11_varmepumpe32a_active_power,33.71686484186111,2025-04-25T20:00:00.000Z
sensor.11_varmepumpe32a_active_power,222.02381505199443,2025-04-25T21:00:00.000Z
sensor.11_varmepumpe32a_active_power,350.35453275933884,2025-04-25T22:00:00.000Z
sensor.11_varmepumpe32a_active_power,758.4125225865861,2025-04-25T23:00:00.000Z
sensor.11_varmepumpe32a_active_power,569.2597659824776,2025-04-26T00:00:00.000Z
sensor.11_varmepumpe32a_active_power,434.22972719144445,2025-04-26T01:00:00.000Z
sensor.11_varmepumpe32a_active_power,1217.1816896969444,2025-04-26T02:00:00.000Z
sensor.11_varmepumpe32a_active_power,1249.8796579477391,2025-04-26T03:00:00.000Z
sensor.11_varmepumpe32a_active_power,1246.579174394061,2025-04-26T04:00:00.000Z
sensor.11_varmepumpe32a_active_power,992.9977429231667,2025-04-26T05:00:00.000Z
sensor.11_varmepumpe32a_active_power,28.917650204927778,2025-04-26T06:00:00.000Z
sensor.11_varmepumpe32a_active_power,34.709009910072226,2025-04-26T07:00:00.000Z
sensor.11_varmepumpe32a_active_power,270.8679226509444,2025-04-26T08:00:00.000Z
sensor.11_varmepumpe32a_active_power,355.44731710724164,2025-04-26T09:00:00.000Z
sensor.11_varmepumpe32a_active_power,683.8278600048084,2025-04-26T10:00:00.000Z
sensor.11_varmepumpe32a_active_power,870.2274540995121,2025-04-26T11:00:00.000Z
sensor.11_varmepumpe32a_active_power,435.7380411330741,2025-04-26T17:00:00.000Z
sensor.11_varmepumpe32a_active_power,47.93126468388889,2025-04-26T18:00:00.000Z
sensor.11_varmepumpe32a_active_power,11.801469394222222,2025-04-26T19:00:00.000Z
sensor.11_varmepumpe32a_active_power,20.786694920555558,2025-04-26T20:00:00.000Z
sensor.11_varmepumpe32a_active_power,2740.440228018389,2025-04-26T21:00:00.000Z
sensor.11_varmepumpe32a_active_power,1500.0111657352224,2025-04-26T22:00:00.000Z
sensor.11_varmepumpe32a_active_power,707.8554381052777,2025-04-26T23:00:00.000Z
sensor.11_varmepumpe32a_active_power,1197.6452240268334,2025-04-27T00:00:00.000Z
sensor.11_varmepumpe32a_active_power,890.9985180422223,2025-04-27T01:00:00.000Z
sensor.11_varmepumpe32a_active_power,636.5197888873333,2025-04-27T02:00:00.000Z
sensor.11_varmepumpe32a_active_power,1059.4184572411111,2025-04-27T03:00:00.000Z
sensor.11_varmepumpe32a_active_power,1986.6130975365556,2025-04-27T04:00:00.000Z
sensor.11_varmepumpe32a_active_power,1255.419175631061,2025-04-27T05:00:00.000Z
sensor.11_varmepumpe32a_active_power,23.22781942954722,2025-04-27T06:00:00.000Z
sensor.11_varmepumpe32a_active_power,46.62742117630555,2025-04-27T07:00:00.000Z
sensor.11_varmepumpe32a_active_power,468.94406243470553,2025-04-27T08:00:00.000Z
sensor.11_varmepumpe32a_active_power,728.8950551862612,2025-04-27T09:00:00.000Z
sensor.11_varmepumpe32a_active_power,822.3819694823833,2025-04-27T10:00:00.000Z
sensor.11_varmepumpe32a_active_power,377.20805056558333,2025-04-27T11:00:00.000Z
sensor.11_varmepumpe32a_active_power,123.83185946594445,2025-04-27T12:00:00.000Z
sensor.11_varmepumpe32a_active_power,105.38866859848055,2025-04-27T13:00:00.000Z
sensor.11_varmepumpe32a_active_power,211.8912994648889,2025-04-27T14:00:00.000Z
sensor.11_varmepumpe32a_active_power,117.602352485,2025-04-27T15:00:00.000Z
sensor.11_varmepumpe32a_active_power,359.06176285500004,2025-04-27T16:00:00.000Z
sensor.11_varmepumpe32a_active_power,491.88441106888894,2025-04-27T17:00:00.000Z
sensor.11_varmepumpe32a_active_power,40.18267776222222,2025-04-27T18:00:00.000Z
sensor.11_varmepumpe32a_active_power,42.03031852016667,2025-04-27T19:00:00.000Z
sensor.11_varmepumpe32a_active_power,57.31568926055556,2025-04-27T20:00:00.000Z
sensor.11_varmepumpe32a_active_power,693.66750684725,2025-04-27T21:00:00.000Z
sensor.11_varmepumpe32a_active_power,238.52561299616664,2025-04-27T22:00:00.000Z
sensor.11_varmepumpe32a_active_power,177.62831121638888,2025-04-27T23:00:00.000Z
sensor.11_varmepumpe32a_active_power,619.8314171009445,2025-04-28T00:00:00.000Z
sensor.11_varmepumpe32a_active_power,761.9492332622222,2025-04-28T01:00:00.000Z
sensor.11_varmepumpe32a_active_power,1379.8181431347223,2025-04-28T02:00:00.000Z
sensor.11_varmepumpe32a_active_power,2039.21683554,2025-04-28T03:00:00.000Z
sensor.11_varmepumpe32a_active_power,625.7147663286111,2025-04-28T04:00:00.000Z
sensor.11_varmepumpe32a_active_power,581.5289075358334,2025-04-28T05:00:00.000Z
sensor.11_varmepumpe32a_active_power,81.63442922794444,2025-04-28T06:00:00.000Z
sensor.11_varmepumpe32a_active_power,52.11122473134444,2025-04-28T07:00:00.000Z
sensor.11_varmepumpe32a_active_power,794.6210359083611,2025-04-28T08:00:00.000Z
sensor.11_varmepumpe32a_active_power,504.6489882259444,2025-04-28T09:00:00.000Z
sensor.11_varmepumpe32a_active_power,1470.4246145616669,2025-04-28T10:00:00.000Z
sensor.11_varmepumpe32a_active_power,578.5335448636112,2025-04-28T11:00:00.000Z
sensor.11_varmepumpe32a_active_power,144.65000919805556,2025-04-28T12:00:00.000Z
sensor.11_varmepumpe32a_active_power,146.07464647861113,2025-04-28T13:00:00.000Z
sensor.11_varmepumpe32a_active_power,136.50597769333334,2025-04-28T14:00:00.000Z
sensor.11_varmepumpe32a_active_power,144.22387909791667,2025-04-28T15:00:00.000Z
sensor.11_varmepumpe32a_active_power,1176.1664119475001,2025-04-28T16:00:00.000Z
sensor.11_varmepumpe32a_active_power,455.4358370991667,2025-04-28T17:00:00.000Z
sensor.11_varmepumpe32a_active_power,21.939672259583332,2025-04-28T18:00:00.000Z
sensor.11_varmepumpe32a_active_power,14.349543575777778,2025-04-28T19:00:00.000Z
sensor.11_varmepumpe32a_active_power,11.947878395166667,2025-04-28T20:00:00.000Z
sensor.11_varmepumpe32a_active_power,424.9887980831389,2025-04-28T21:00:00.000Z
sensor.11_varmepumpe32a_active_power,257.87952624788886,2025-04-28T22:00:00.000Z
sensor.11_varmepumpe32a_active_power,368.44456481880553,2025-04-28T23:00:00.000Z
sensor.11_varmepumpe32a_active_power,591.9309130795,2025-04-29T00:00:00.000Z
sensor.11_varmepumpe32a_active_power,848.8646579942223,2025-04-29T01:00:00.000Z
sensor.11_varmepumpe32a_active_power,1463.0545744458611,2025-04-29T02:00:00.000Z
sensor.11_varmepumpe32a_active_power,1808.1931860177776,2025-04-29T03:00:00.000Z
sensor.11_varmepumpe32a_active_power,1492.3451531236112,2025-04-29T04:00:00.000Z
sensor.11_varmepumpe32a_active_power,1395.0499280377778,2025-04-29T05:00:00.000Z
sensor.11_varmepumpe32a_active_power,37.190646354444446,2025-04-29T06:00:00.000Z
sensor.11_varmepumpe32a_active_power,51.6903121215,2025-04-29T07:00:00.000Z
sensor.11_varmepumpe32a_active_power,388.7721015288889,2025-04-29T08:00:00.000Z
sensor.11_varmepumpe32a_active_power,164.71440868388888,2025-04-29T09:00:00.000Z
sensor.11_varmepumpe32a_active_power,1211.1073864147222,2025-04-29T10:00:00.000Z
sensor.11_varmepumpe32a_active_power,979.9298327013888,2025-04-29T11:00:00.000Z
sensor.11_varmepumpe32a_active_power,145.30825096055557,2025-04-29T12:00:00.000Z
sensor.11_varmepumpe32a_active_power,144.82039128833333,2025-04-29T13:00:00.000Z
sensor.11_varmepumpe32a_active_power,27.25294581611111,2025-04-29T14:00:00.000Z
sensor.11_varmepumpe32a_active_power,28.755803422138886,2025-04-29T15:00:00.000Z
sensor.11_varmepumpe32a_active_power,29.283987244583333,2025-04-29T16:00:00.000Z
sensor.11_varmepumpe32a_active_power,163.10436507666665,2025-04-29T17:00:00.000Z
sensor.11_varmepumpe32a_active_power,10.4974155175,2025-04-29T18:00:00.000Z
sensor.11_varmepumpe32a_active_power,16.944863139472222,2025-04-29T19:00:00.000Z
sensor.11_varmepumpe32a_active_power,19.6983399,2025-04-29T20:00:00.000Z
sensor.11_varmepumpe32a_active_power,1165.494208174089,2025-04-29T21:00:00.000Z
sensor.11_varmepumpe32a_active_power,2461.6399584626943,2025-04-29T22:00:00.000Z
sensor.11_varmepumpe32a_active_power,345.2167351756528,2025-04-29T23:00:00.000Z
sensor.11_varmepumpe32a_active_power,398.5740459940555,2025-04-30T00:00:00.000Z
sensor.11_varmepumpe32a_active_power,487.59934768472226,2025-04-30T01:00:00.000Z
sensor.11_varmepumpe32a_active_power,517.9384563172222,2025-04-30T02:00:00.000Z
sensor.11_varmepumpe32a_active_power,741.2313055783334,2025-04-30T03:00:00.000Z
sensor.11_varmepumpe32a_active_power,1312.7114780963889,2025-04-30T04:00:00.000Z
sensor.11_varmepumpe32a_active_power,982.0932086652779,2025-04-30T05:00:00.000Z
sensor.11_varmepumpe32a_active_power,45.647789292,2025-04-30T06:00:00.000Z
sensor.11_varmepumpe32a_active_power,49.7997671153361,2025-04-30T07:00:00.000Z
sensor.11_varmepumpe32a_active_power,370.09228117333333,2025-04-30T08:00:00.000Z
sensor.11_varmepumpe32a_active_power,191.62025252488888,2025-04-30T09:00:00.000Z
sensor.11_varmepumpe32a_active_power,1367.6990761427778,2025-04-30T10:00:00.000Z
sensor.11_varmepumpe32a_active_power,971.7906678386111,2025-04-30T11:00:00.000Z
sensor.11_varmepumpe32a_active_power,144.9269318161111,2025-04-30T12:00:00.000Z
sensor.11_varmepumpe32a_active_power,145.37224398916666,2025-04-30T13:00:00.000Z
sensor.11_varmepumpe32a_active_power,145.89164916027778,2025-04-30T14:00:00.000Z
sensor.11_varmepumpe32a_active_power,145.11123674222222,2025-04-30T15:00:00.000Z
sensor.11_varmepumpe32a_active_power,144.50879950805555,2025-04-30T16:00:00.000Z
sensor.11_varmepumpe32a_active_power,76.87606237201389,2025-04-30T17:00:00.000Z
sensor.11_varmepumpe32a_active_power,10.930372464444444,2025-04-30T18:00:00.000Z
sensor.11_varmepumpe32a_active_power,10.006983466666666,2025-04-30T19:00:00.000Z
sensor.11_varmepumpe32a_active_power,11.039554313388889,2025-04-30T20:00:00.000Z
sensor.11_varmepumpe32a_active_power,2328.6911109410553,2025-04-30T21:00:00.000Z
sensor.11_varmepumpe32a_active_power,803.0370592939444,2025-04-30T22:00:00.000Z
sensor.11_varmepumpe32a_active_power,561.6967986431112,2025-04-30T23:00:00.000Z
sensor.11_varmepumpe32a_active_power,540.6145308624444,2025-05-01T00:00:00.000Z
sensor.11_varmepumpe32a_active_power,580.8055309947222,2025-05-01T01:00:00.000Z
sensor.11_varmepumpe32a_active_power,1430.1358571816666,2025-05-01T02:00:00.000Z
sensor.11_varmepumpe32a_active_power,1519.1113931050002,2025-05-01T03:00:00.000Z
sensor.11_varmepumpe32a_active_power,620.8080429675,2025-05-01T04:00:00.000Z
sensor.11_varmepumpe32a_active_power,479.70044828666664,2025-05-01T05:00:00.000Z
sensor.11_varmepumpe32a_active_power,66.37855467547222,2025-05-01T06:00:00.000Z
sensor.11_varmepumpe32a_active_power,61.1471628185,2025-05-01T07:00:00.000Z
sensor.11_varmepumpe32a_active_power,533.6702208231667,2025-05-01T08:00:00.000Z
sensor.11_varmepumpe32a_active_power,307.45733253730555,2025-05-01T09:00:00.000Z
sensor.11_varmepumpe32a_active_power,1053.78780078825,2025-05-01T10:00:00.000Z
sensor.11_varmepumpe32a_active_power,475.4770597147222,2025-05-01T11:00:00.000Z
sensor.11_varmepumpe32a_active_power,136.3937714683333,2025-05-01T12:00:00.000Z
sensor.11_varmepumpe32a_active_power,27.8218051955,2025-05-01T13:00:00.000Z
sensor.11_varmepumpe32a_active_power,26.686745305555558,2025-05-01T14:00:00.000Z
sensor.11_varmepumpe32a_active_power,46.95644901694445,2025-05-01T15:00:00.000Z
sensor.11_varmepumpe32a_active_power,95.88660574011111,2025-05-01T16:00:00.000Z
sensor.11_varmepumpe32a_active_power,252.7374949244444,2025-05-01T17:00:00.000Z
sensor.11_varmepumpe32a_active_power,39.0134505515,2025-05-01T18:00:00.000Z
sensor.11_varmepumpe32a_active_power,53.031705849105556,2025-05-01T19:00:00.000Z
sensor.11_varmepumpe32a_active_power,1172.01869401235,2025-05-01T20:00:00.000Z
sensor.11_varmepumpe32a_active_power,1964.866958439028,2025-05-01T21:00:00.000Z
sensor.11_varmepumpe32a_active_power,219.8124660776667,2025-05-01T22:00:00.000Z
sensor.11_varmepumpe32a_active_power,163.83405781996666,2025-05-01T23:00:00.000Z
sensor.11_varmepumpe32a_active_power,263.7622303471722,2025-05-02T00:00:00.000Z
sensor.11_varmepumpe32a_active_power,116.95003514355555,2025-05-02T01:00:00.000Z
sensor.11_varmepumpe32a_active_power,920.6895504654389,2025-05-02T02:00:00.000Z
sensor.11_varmepumpe32a_active_power,784.4386650801666,2025-05-02T03:00:00.000Z
sensor.11_varmepumpe32a_active_power,103.61640545627779,2025-05-02T04:00:00.000Z
sensor.11_varmepumpe32a_active_power,397.88677163880556,2025-05-02T05:00:00.000Z
sensor.11_varmepumpe32a_active_power,65.68802740881111,2025-05-02T06:00:00.000Z
sensor.11_varmepumpe32a_active_power,56.110117725,2025-05-02T07:00:00.000Z
sensor.11_varmepumpe32a_active_power,379.81723493211103,2025-05-02T08:00:00.000Z
sensor.11_varmepumpe32a_active_power,326.9888048855,2025-05-02T09:00:00.000Z
sensor.11_varmepumpe32a_active_power,1014.7997812247777,2025-05-02T10:00:00.000Z
sensor.11_varmepumpe32a_active_power,258.15121791144446,2025-05-02T11:00:00.000Z
sensor.11_varmepumpe32a_active_power,131.88071748761112,2025-05-02T12:00:00.000Z
sensor.11_varmepumpe32a_active_power,118.58791472305556,2025-05-02T13:00:00.000Z
sensor.11_varmepumpe32a_active_power,139.07858215472223,2025-05-02T14:00:00.000Z
sensor.11_varmepumpe32a_active_power,110.26243608238889,2025-05-02T15:00:00.000Z
sensor.11_varmepumpe32a_active_power,100.91542203727778,2025-05-02T16:00:00.000Z
sensor.11_varmepumpe32a_active_power,85.72846498705555,2025-05-02T17:00:00.000Z
sensor.11_varmepumpe32a_active_power,23.862671571611113,2025-05-02T18:00:00.000Z
sensor.11_varmepumpe32a_active_power,22.685572233333332,2025-05-02T19:00:00.000Z
sensor.11_varmepumpe32a_active_power,37.51792790611111,2025-05-02T20:00:00.000Z
sensor.11_varmepumpe32a_active_power,1776.8390057152776,2025-05-02T21:00:00.000Z
sensor.11_varmepumpe32a_active_power,615.9745183919473,2025-05-02T22:00:00.000Z
sensor.11_varmepumpe32a_active_power,368.65577941956667,2025-05-02T23:00:00.000Z
sensor.11_varmepumpe32a_active_power,268.7749308266528,2025-05-03T00:00:00.000Z
sensor.11_varmepumpe32a_active_power,341.9847748101167,2025-05-03T01:00:00.000Z
sensor.11_varmepumpe32a_active_power,652.626964425814,2025-05-03T02:00:00.000Z
sensor.11_varmepumpe32a_active_power,749.372472490611,2025-05-03T03:00:00.000Z
sensor.11_varmepumpe32a_active_power,854.4830330739168,2025-05-03T04:00:00.000Z
sensor.11_varmepumpe32a_active_power,741.259514042389,2025-05-03T05:00:00.000Z
sensor.11_varmepumpe32a_active_power,41.99108719138889,2025-05-03T06:00:00.000Z
sensor.11_varmepumpe32a_active_power,58.21677851333334,2025-05-03T07:00:00.000Z
sensor.11_varmepumpe32a_active_power,466.0437179736667,2025-05-03T08:00:00.000Z
sensor.11_varmepumpe32a_active_power,183.72450123894444,2025-05-03T09:00:00.000Z
sensor.11_varmepumpe32a_active_power,1167.1798358745,2025-05-03T10:00:00.000Z
sensor.11_varmepumpe32a_active_power,411.67478863527776,2025-05-03T11:00:00.000Z
sensor.11_varmepumpe32a_active_power,42.54860392747222,2025-05-03T12:00:00.000Z
sensor.11_varmepumpe32a_active_power,25.899521212833335,2025-05-03T13:00:00.000Z
sensor.11_varmepumpe32a_active_power,262.3505489785556,2025-05-03T14:00:00.000Z
sensor.11_varmepumpe32a_active_power,115.66757927344445,2025-05-03T15:00:00.000Z
sensor.11_varmepumpe32a_active_power,68.50722766648889,2025-05-03T16:00:00.000Z
sensor.11_varmepumpe32a_active_power,44.749247912444446,2025-05-03T17:00:00.000Z
sensor.11_varmepumpe32a_active_power,25.5621125485,2025-05-03T18:00:00.000Z
sensor.11_varmepumpe32a_active_power,44.49539738913888,2025-05-03T19:00:00.000Z
sensor.11_varmepumpe32a_active_power,54.38324696702778,2025-05-03T20:00:00.000Z
sensor.11_varmepumpe32a_active_power,565.9639383939999,2025-05-03T21:00:00.000Z
sensor.11_varmepumpe32a_active_power,666.6325982287277,2025-05-03T22:00:00.000Z
sensor.11_varmepumpe32a_active_power,1095.0255414275277,2025-05-03T23:00:00.000Z
sensor.11_varmepumpe32a_active_power,1077.5517041643611,2025-05-04T00:00:00.000Z
sensor.11_varmepumpe32a_active_power,1244.51870547,2025-05-04T01:00:00.000Z
sensor.11_varmepumpe32a_active_power,2410.7534256983336,2025-05-04T02:00:00.000Z
sensor.11_varmepumpe32a_active_power,2267.2015186447225,2025-05-04T03:00:00.000Z
sensor.11_varmepumpe32a_active_power,775.8510487702778,2025-05-04T04:00:00.000Z
sensor.11_varmepumpe32a_active_power,1056.5996065008333,2025-05-04T05:00:00.000Z
sensor.11_varmepumpe32a_active_power,40.90081020583333,2025-05-04T06:00:00.000Z
sensor.11_varmepumpe32a_active_power,61.38097246625,2025-05-04T07:00:00.000Z
sensor.11_varmepumpe32a_active_power,1292.8752303533333,2025-05-04T08:00:00.000Z
sensor.11_varmepumpe32a_active_power,976.3864768530556,2025-05-04T09:00:00.000Z
sensor.11_varmepumpe32a_active_power,1234.1232560591666,2025-05-04T10:00:00.000Z
sensor.11_varmepumpe32a_active_power,1035.2601988130555,2025-05-04T11:00:00.000Z
sensor.11_varmepumpe32a_active_power,447.05833458638887,2025-05-04T12:00:00.000Z
sensor.11_varmepumpe32a_active_power,160.36701992055555,2025-05-04T13:00:00.000Z
sensor.11_varmepumpe32a_active_power,198.73843734861111,2025-05-04T14:00:00.000Z
sensor.11_varmepumpe32a_active_power,485.77608261583333,2025-05-04T15:00:00.000Z
sensor.11_varmepumpe32a_active_power,173.30481073272222,2025-05-04T16:00:00.000Z
sensor.11_varmepumpe32a_active_power,162.2589736856389,2025-05-04T17:00:00.000Z
sensor.11_varmepumpe32a_active_power,64.52633949916667,2025-05-04T18:00:00.000Z
sensor.11_varmepumpe32a_active_power,56.86260264138889,2025-05-04T19:00:00.000Z
sensor.11_varmepumpe32a_active_power,49.457376591305554,2025-05-04T20:00:00.000Z
sensor.11_varmepumpe32a_active_power,751.7207471459166,2025-05-04T21:00:00.000Z
sensor.11_varmepumpe32a_active_power,1891.955483115583,2025-05-04T22:00:00.000Z
sensor.11_varmepumpe32a_active_power,1483.2379304673332,2025-05-04T23:00:00.000Z
sensor.11_varmepumpe32a_active_power,383.3673096367417,2025-05-05T00:00:00.000Z
sensor.11_varmepumpe32a_active_power,903.690866809039,2025-05-05T01:00:00.000Z
sensor.11_varmepumpe32a_active_power,1599.6181846833333,2025-05-05T02:00:00.000Z
sensor.11_varmepumpe32a_active_power,2229.5283523049998,2025-05-05T03:00:00.000Z
sensor.11_varmepumpe32a_active_power,1448.7219060805555,2025-05-05T04:00:00.000Z
sensor.11_varmepumpe32a_active_power,1942.0739320505556,2025-05-05T05:00:00.000Z
sensor.11_varmepumpe32a_active_power,22.824598598888887,2025-05-05T06:00:00.000Z
sensor.11_varmepumpe32a_active_power,47.52257075888889,2025-05-05T07:00:00.000Z
sensor.11_varmepumpe32a_active_power,1019.4271096588888,2025-05-05T08:00:00.000Z
sensor.11_varmepumpe32a_active_power,122.47405733191665,2025-05-05T09:00:00.000Z
sensor.11_varmepumpe32a_active_power,1374.8510884259447,2025-05-05T10:00:00.000Z
sensor.11_varmepumpe32a_active_power,828.7621584522221,2025-05-05T11:00:00.000Z
sensor.11_varmepumpe32a_active_power,303.0689368191667,2025-05-05T12:00:00.000Z
sensor.11_varmepumpe32a_active_power,154.20245118527777,2025-05-05T13:00:00.000Z
sensor.11_varmepumpe32a_active_power,64.48043213758334,2025-05-05T14:00:00.000Z
sensor.11_varmepumpe32a_active_power,134.54091090916668,2025-05-05T15:00:00.000Z
sensor.11_varmepumpe32a_active_power,171.54406163166666,2025-05-05T16:00:00.000Z
sensor.11_varmepumpe32a_active_power,45.63434114194445,2025-05-05T17:00:00.000Z
sensor.11_varmepumpe32a_active_power,27.99270728138889,2025-05-05T18:00:00.000Z
sensor.11_varmepumpe32a_active_power,19.926973817277776,2025-05-05T19:00:00.000Z
sensor.11_varmepumpe32a_active_power,42.76985522680556,2025-05-05T20:00:00.000Z
sensor.11_varmepumpe32a_active_power,2056.414267241528,2025-05-05T21:00:00.000Z
sensor.11_varmepumpe32a_active_power,758.2485488156944,2025-05-05T22:00:00.000Z
sensor.11_varmepumpe32a_active_power,609.7412143427777,2025-05-05T23:00:00.000Z
sensor.11_varmepumpe32a_active_power,472.31104721472224,2025-05-06T00:00:00.000Z
sensor.11_varmepumpe32a_active_power,687.6898675533334,2025-05-06T01:00:00.000Z
sensor.11_varmepumpe32a_active_power,1575.320605383611,2025-05-06T02:00:00.000Z
sensor.11_varmepumpe32a_active_power,1470.0178572305556,2025-05-06T03:00:00.000Z
sensor.11_varmepumpe32a_active_power,817.3681505852777,2025-05-06T04:00:00.000Z
sensor.11_varmepumpe32a_active_power,701.8357571511111,2025-05-06T05:00:00.000Z
sensor.11_varmepumpe32a_active_power,59.95528638483333,2025-05-06T06:00:00.000Z
sensor.11_varmepumpe32a_active_power,48.99753011611111,2025-05-06T07:00:00.000Z
sensor.11_varmepumpe32a_active_power,332.4416389409167,2025-05-06T08:00:00.000Z
sensor.11_varmepumpe32a_active_power,505.11273786288893,2025-05-06T09:00:00.000Z
sensor.11_varmepumpe32a_active_power,1082.9489736852777,2025-05-06T10:00:00.000Z
sensor.11_varmepumpe32a_active_power,685.2333182744445,2025-05-06T11:00:00.000Z
sensor.11_varmepumpe32a_active_power,131.28010264638888,2025-05-06T12:00:00.000Z
sensor.11_varmepumpe32a_active_power,113.59358964055555,2025-05-06T13:00:00.000Z
sensor.11_varmepumpe32a_active_power,145.5748206672222,2025-05-06T14:00:00.000Z
sensor.11_varmepumpe32a_active_power,145.0583207613889,2025-05-06T15:00:00.000Z
sensor.11_varmepumpe32a_active_power,123.12804640780557,2025-05-06T16:00:00.000Z
sensor.11_varmepumpe32a_active_power,226.40118903438892,2025-05-06T17:00:00.000Z
sensor.11_varmepumpe32a_active_power,20.23465526688611,2025-05-06T18:00:00.000Z
sensor.11_varmepumpe32a_active_power,16.719628242416665,2025-05-06T19:00:00.000Z
sensor.11_varmepumpe32a_active_power,54.5807590985,2025-05-06T20:00:00.000Z
sensor.11_varmepumpe32a_active_power,1360.0753233186113,2025-05-06T21:00:00.000Z
sensor.11_varmepumpe32a_active_power,2508.3684701359443,2025-05-06T22:00:00.000Z
sensor.11_varmepumpe32a_active_power,556.4706697315805,2025-05-06T23:00:00.000Z
sensor.11_varmepumpe32a_active_power,949.1024955823333,2025-05-07T00:00:00.000Z
sensor.11_varmepumpe32a_active_power,1112.5366741223334,2025-05-07T01:00:00.000Z
sensor.11_varmepumpe32a_active_power,1031.2077204777945,2025-05-07T02:00:00.000Z
sensor.11_varmepumpe32a_active_power,1126.8132075000278,2025-05-07T03:00:00.000Z
sensor.11_varmepumpe32a_active_power,1508.4765296911112,2025-05-07T04:00:00.000Z
sensor.11_varmepumpe32a_active_power,859.4064229952778,2025-05-07T05:00:00.000Z
sensor.11_varmepumpe32a_active_power,61.58166882063889,2025-05-07T06:00:00.000Z
sensor.11_varmepumpe32a_active_power,63.70692612675,2025-05-07T07:00:00.000Z
sensor.11_varmepumpe32a_active_power,707.4972920421388,2025-05-07T08:00:00.000Z
sensor.11_varmepumpe32a_active_power,764.5692389116667,2025-05-07T09:00:00.000Z
sensor.11_varmepumpe32a_active_power,480.5559008372222,2025-05-07T10:00:00.000Z
sensor.11_varmepumpe32a_active_power,779.7477914469446,2025-05-07T11:00:00.000Z
sensor.11_varmepumpe32a_active_power,145.46692067249998,2025-05-07T12:00:00.000Z
sensor.11_varmepumpe32a_active_power,145.70827900194445,2025-05-07T13:00:00.000Z
sensor.11_varmepumpe32a_active_power,145.0497552375,2025-05-07T14:00:00.000Z
sensor.11_varmepumpe32a_active_power,144.74958529333333,2025-05-07T15:00:00.000Z
sensor.11_varmepumpe32a_active_power,142.12664723619443,2025-05-07T16:00:00.000Z
sensor.11_varmepumpe32a_active_power,159.37885007983334,2025-05-07T17:00:00.000Z
sensor.11_varmepumpe32a_active_power,15.16834668375,2025-05-07T18:00:00.000Z
sensor.11_varmepumpe32a_active_power,15.493264594722222,2025-05-07T19:00:00.000Z
sensor.11_varmepumpe32a_active_power,473.2866517297222,2025-05-07T20:00:00.000Z
sensor.11_varmepumpe32a_active_power,2270.5671914919444,2025-05-07T21:00:00.000Z
sensor.11_varmepumpe32a_active_power,329.29754170916664,2025-05-07T22:00:00.000Z
sensor.11_varmepumpe32a_active_power,530.6670033477777,2025-05-07T23:00:00.000Z
sensor.11_varmepumpe32a_active_power,224.68547444905553,2025-05-08T00:00:00.000Z
sensor.11_varmepumpe32a_active_power,580.5289637308056,2025-05-08T01:00:00.000Z
sensor.11_varmepumpe32a_active_power,213.9386304658528,2025-05-08T02:00:00.000Z
sensor.11_varmepumpe32a_active_power,1213.8475284215558,2025-05-08T03:00:00.000Z
sensor.11_varmepumpe32a_active_power,451.5004703325,2025-05-08T04:00:00.000Z
sensor.11_varmepumpe32a_active_power,511.1772502794444,2025-05-08T05:00:00.000Z
sensor.11_varmepumpe32a_active_power,46.85711290888889,2025-05-08T06:00:00.000Z
sensor.11_varmepumpe32a_active_power,63.153607969444444,2025-05-08T07:00:00.000Z
sensor.11_varmepumpe32a_active_power,660.8242382947222,2025-05-08T08:00:00.000Z
sensor.11_varmepumpe32a_active_power,171.29430951055556,2025-05-08T09:00:00.000Z
sensor.11_varmepumpe32a_active_power,1210.2513493969443,2025-05-08T10:00:00.000Z
sensor.11_varmepumpe32a_active_power,1066.5621191758332,2025-05-08T11:00:00.000Z
sensor.11_varmepumpe32a_active_power,145.28335713694443,2025-05-08T12:00:00.000Z
sensor.11_varmepumpe32a_active_power,74.96334421361111,2025-05-08T13:00:00.000Z
sensor.11_varmepumpe32a_active_power,27.99101139072222,2025-05-08T14:00:00.000Z
sensor.11_varmepumpe32a_active_power,282.8995507530139,2025-05-08T15:00:00.000Z
sensor.11_varmepumpe32a_active_power,648.7599494247944,2025-05-08T16:00:00.000Z
sensor.11_varmepumpe32a_active_power,33.23092528097222,2025-05-08T17:00:00.000Z
sensor.11_varmepumpe32a_active_power,26.650840307855557,2025-05-08T18:00:00.000Z
sensor.11_varmepumpe32a_active_power,20.90158404505,2025-05-08T19:00:00.000Z
sensor.11_varmepumpe32a_active_power,31.56159999253333,2025-05-08T20:00:00.000Z
sensor.11_varmepumpe32a_active_power,226.18330609071108,2025-05-08T21:00:00.000Z
sensor.11_varmepumpe32a_active_power,356.9112160860972,2025-05-08T22:00:00.000Z
sensor.11_varmepumpe32a_active_power,141.75385645950556,2025-05-08T23:00:00.000Z
sensor.11_varmepumpe32a_active_power,232.32697231679165,2025-05-09T00:00:00.000Z
sensor.11_varmepumpe32a_active_power,103.92482731185,2025-05-09T01:00:00.000Z
sensor.11_varmepumpe32a_active_power,911.5949996156945,2025-05-09T02:00:00.000Z
sensor.11_varmepumpe32a_active_power,1430.748740118639,2025-05-09T03:00:00.000Z
sensor.11_varmepumpe32a_active_power,151.64908440121664,2025-05-09T04:00:00.000Z
sensor.11_varmepumpe32a_active_power,181.26150923730555,2025-05-09T05:00:00.000Z
sensor.11_varmepumpe32a_active_power,36.08967163151389,2025-05-09T06:00:00.000Z
sensor.11_varmepumpe32a_active_power,46.26328206935833,2025-05-09T07:00:00.000Z
sensor.11_varmepumpe32a_active_power,114.00512817194443,2025-05-09T08:00:00.000Z
sensor.11_varmepumpe32a_active_power,244.2421102931111,2025-05-09T09:00:00.000Z
sensor.11_varmepumpe32a_active_power,1079.4189608204445,2025-05-09T10:00:00.000Z
sensor.11_varmepumpe32a_active_power,537.1246949098612,2025-05-09T11:00:00.000Z
sensor.11_varmepumpe32a_active_power,111.95331988775,2025-05-09T12:00:00.000Z
sensor.11_varmepumpe32a_active_power,81.87749626783334,2025-05-09T13:00:00.000Z
sensor.11_varmepumpe32a_active_power,34.86479244765555,2025-05-09T14:00:00.000Z
sensor.11_varmepumpe32a_active_power,1404.083116203272,2025-05-09T15:00:00.000Z
sensor.11_varmepumpe32a_active_power,34.177544302583335,2025-05-09T16:00:00.000Z
sensor.11_varmepumpe32a_active_power,113.13525832056945,2025-05-09T17:00:00.000Z
sensor.11_varmepumpe32a_active_power,54.56101151956389,2025-05-09T18:00:00.000Z
sensor.11_varmepumpe32a_active_power,30.743049498416667,2025-05-09T19:00:00.000Z
sensor.11_varmepumpe32a_active_power,18.56716436916667,2025-05-09T20:00:00.000Z
sensor.11_varmepumpe32a_active_power,105.97601428055556,2025-05-09T21:00:00.000Z
sensor.11_varmepumpe32a_active_power,201.24975384383333,2025-05-09T22:00:00.000Z
sensor.11_varmepumpe32a_active_power,1864.5361159743888,2025-05-09T23:00:00.000Z
sensor.11_varmepumpe32a_active_power,68.31349042022222,2025-05-10T00:00:00.000Z
sensor.11_varmepumpe32a_active_power,145.1684911753611,2025-05-10T01:00:00.000Z
sensor.11_varmepumpe32a_active_power,76.35344762965556,2025-05-10T02:00:00.000Z
sensor.11_varmepumpe32a_active_power,464.0419748539889,2025-05-10T03:00:00.000Z
sensor.11_varmepumpe32a_active_power,70.83940412355555,2025-05-10T04:00:00.000Z
sensor.11_varmepumpe32a_active_power,130.14140432623887,2025-05-10T05:00:00.000Z
sensor.11_varmepumpe32a_active_power,65.02359006105556,2025-05-10T06:00:00.000Z
sensor.11_varmepumpe32a_active_power,55.52828139097222,2025-05-10T07:00:00.000Z
sensor.11_varmepumpe32a_active_power,219.72301737394446,2025-05-10T08:00:00.000Z
sensor.11_varmepumpe32a_active_power,127.01890375061112,2025-05-10T09:00:00.000Z
sensor.11_varmepumpe32a_active_power,69.85637309579444,2025-05-10T10:00:00.000Z
sensor.11_varmepumpe32a_active_power,412.18069998199445,2025-05-10T11:00:00.000Z
sensor.11_varmepumpe32a_active_power,76.22426094427779,2025-05-10T12:00:00.000Z
sensor.11_varmepumpe32a_active_power,30.797041874766666,2025-05-10T13:00:00.000Z
sensor.11_varmepumpe32a_active_power,30.088020050833332,2025-05-10T14:00:00.000Z
sensor.11_varmepumpe32a_active_power,29.447665985272224,2025-05-10T15:00:00.000Z
sensor.11_varmepumpe32a_active_power,29.32792662433611,2025-05-10T16:00:00.000Z
sensor.11_varmepumpe32a_active_power,96.6298840905,2025-05-10T17:00:00.000Z
sensor.11_varmepumpe32a_active_power,17.747903032083332,2025-05-10T18:00:00.000Z
sensor.11_varmepumpe32a_active_power,23.163029980863886,2025-05-10T19:00:00.000Z
sensor.11_varmepumpe32a_active_power,33.462098261530556,2025-05-10T20:00:00.000Z
sensor.11_varmepumpe32a_active_power,291.0523507155611,2025-05-10T21:00:00.000Z
sensor.11_varmepumpe32a_active_power,129.5306882209,2025-05-10T22:00:00.000Z
sensor.11_varmepumpe32a_active_power,218.53187813256667,2025-05-10T23:00:00.000Z
sensor.11_varmepumpe32a_active_power,239.89906486366667,2025-05-11T00:00:00.000Z
sensor.11_varmepumpe32a_active_power,125.13222023216667,2025-05-11T01:00:00.000Z
sensor.11_varmepumpe32a_active_power,922.2774130052222,2025-05-11T02:00:00.000Z
sensor.11_varmepumpe32a_active_power,900.1458723982223,2025-05-11T03:00:00.000Z
sensor.11_varmepumpe32a_active_power,104.96014017019445,2025-05-11T04:00:00.000Z
sensor.11_varmepumpe32a_active_power,148.01337599841665,2025-05-11T05:00:00.000Z
sensor.11_varmepumpe32a_active_power,48.070812586188886,2025-05-11T06:00:00.000Z
sensor.11_varmepumpe32a_active_power,57.402274608424996,2025-05-11T07:00:00.000Z
sensor.11_varmepumpe32a_active_power,242.88952004877777,2025-05-11T08:00:00.000Z
sensor.11_varmepumpe32a_active_power,159.8815422765111,2025-05-11T09:00:00.000Z
sensor.11_varmepumpe32a_active_power,361.27886772313883,2025-05-11T10:00:00.000Z
sensor.11_varmepumpe32a_active_power,321.3154558289778,2025-05-11T11:00:00.000Z
sensor.11_varmepumpe32a_active_power,89.5681743743611,2025-05-11T12:00:00.000Z
sensor.11_varmepumpe32a_active_power,87.92809248455556,2025-05-11T13:00:00.000Z
sensor.11_varmepumpe32a_active_power,29.783731380233334,2025-05-11T14:00:00.000Z
sensor.11_varmepumpe32a_active_power,51.928725402025,2025-05-11T15:00:00.000Z
sensor.11_varmepumpe32a_active_power,959.5156173429194,2025-05-11T16:00:00.000Z
sensor.11_varmepumpe32a_active_power,68.75328184244445,2025-05-11T17:00:00.000Z
sensor.11_varmepumpe32a_active_power,18.45307035925,2025-05-11T18:00:00.000Z
sensor.11_varmepumpe32a_active_power,17.73943091751111,2025-05-11T19:00:00.000Z
sensor.11_varmepumpe32a_active_power,45.705924743611114,2025-05-11T20:00:00.000Z
sensor.11_varmepumpe32a_active_power,335.85572025680557,2025-05-11T21:00:00.000Z
sensor.11_varmepumpe32a_active_power,350.34497989163333,2025-05-11T22:00:00.000Z
sensor.11_varmepumpe32a_active_power,404.00896295999996,2025-05-11T23:00:00.000Z
sensor.11_varmepumpe32a_active_power,1713.8741115767223,2025-05-12T00:00:00.000Z
sensor.11_varmepumpe32a_active_power,364.0172646235833,2025-05-12T01:00:00.000Z
sensor.11_varmepumpe32a_active_power,616.5040755601306,2025-05-12T02:00:00.000Z
sensor.11_varmepumpe32a_active_power,455.6989925203333,2025-05-12T03:00:00.000Z
sensor.11_varmepumpe32a_active_power,59.39540391690278,2025-05-12T04:00:00.000Z
sensor.11_varmepumpe32a_active_power,143.83390130791943,2025-05-12T05:00:00.000Z
sensor.11_varmepumpe32a_active_power,52.88234427716667,2025-05-12T06:00:00.000Z
sensor.11_varmepumpe32a_active_power,52.565528872622224,2025-05-12T07:00:00.000Z
sensor.11_varmepumpe32a_active_power,105.27658014013889,2025-05-12T08:00:00.000Z
sensor.11_varmepumpe32a_active_power,130.92549226178335,2025-05-12T09:00:00.000Z
sensor.11_varmepumpe32a_active_power,721.2661852948195,2025-05-12T10:00:00.000Z
sensor.11_varmepumpe32a_active_power,261.52433925241667,2025-05-12T11:00:00.000Z
sensor.11_varmepumpe32a_active_power,45.727938355388886,2025-05-12T12:00:00.000Z
sensor.11_varmepumpe32a_active_power,36.16687494166667,2025-05-12T13:00:00.000Z
sensor.11_varmepumpe32a_active_power,38.9451819587,2025-05-12T14:00:00.000Z
sensor.11_varmepumpe32a_active_power,93.39547622718334,2025-05-12T15:00:00.000Z
sensor.11_varmepumpe32a_active_power,388.4267324027722,2025-05-12T16:00:00.000Z
sensor.11_varmepumpe32a_active_power,36.00905547861111,2025-05-12T17:00:00.000Z
sensor.11_varmepumpe32a_active_power,24.416959271222222,2025-05-12T18:00:00.000Z
sensor.11_varmepumpe32a_active_power,12.30185971638889,2025-05-12T19:00:00.000Z
sensor.11_varmepumpe32a_active_power,15.959040690777778,2025-05-12T20:00:00.000Z
sensor.11_varmepumpe32a_active_power,109.4851468175,2025-05-12T21:00:00.000Z
sensor.11_varmepumpe32a_active_power,2065.7327478865,2025-05-12T22:00:00.000Z
sensor.11_varmepumpe32a_active_power,120.58031549416388,2025-05-12T23:00:00.000Z
sensor.11_varmepumpe32a_active_power,243.11368780299998,2025-05-13T00:00:00.000Z
sensor.11_varmepumpe32a_active_power,167.8185277892778,2025-05-13T01:00:00.000Z
sensor.11_varmepumpe32a_active_power,744.3298604116334,2025-05-13T02:00:00.000Z
sensor.11_varmepumpe32a_active_power,121.11586441403888,2025-05-13T03:00:00.000Z
sensor.11_varmepumpe32a_active_power,277.8821310986639,2025-05-13T04:00:00.000Z
sensor.11_varmepumpe32a_active_power,226.90393008072223,2025-05-13T05:00:00.000Z
sensor.11_varmepumpe32a_active_power,55.848077107411115,2025-05-13T06:00:00.000Z
sensor.11_varmepumpe32a_active_power,47.73676388027778,2025-05-13T07:00:00.000Z
sensor.11_varmepumpe32a_active_power,105.81538543267777,2025-05-13T08:00:00.000Z
sensor.11_varmepumpe32a_active_power,533.9653186243055,2025-05-13T09:00:00.000Z
sensor.11_varmepumpe32a_active_power,380.0460669494723,2025-05-13T10:00:00.000Z
sensor.11_varmepumpe32a_active_power,596.3509610774889,2025-05-13T11:00:00.000Z
sensor.11_varmepumpe32a_active_power,34.54727887629722,2025-05-13T12:00:00.000Z
sensor.11_varmepumpe32a_active_power,35.24399010950555,2025-05-13T13:00:00.000Z
sensor.11_varmepumpe32a_active_power,30.084109516777776,2025-05-13T14:00:00.000Z
sensor.11_varmepumpe32a_active_power,30.798325024730556,2025-05-13T15:00:00.000Z
sensor.11_varmepumpe32a_active_power,28.50952424960556,2025-05-13T16:00:00.000Z
sensor.11_varmepumpe32a_active_power,29.904245364475003,2025-05-13T17:00:00.000Z
sensor.11_varmepumpe32a_active_power,18.036292439416666,2025-05-13T18:00:00.000Z
sensor.11_varmepumpe32a_active_power,24.19813532136111,2025-05-13T19:00:00.000Z
sensor.11_varmepumpe32a_active_power,14.542139138138888,2025-05-13T20:00:00.000Z
sensor.11_varmepumpe32a_active_power,684.6715356667861,2025-05-13T21:00:00.000Z
sensor.11_varmepumpe32a_active_power,708.6284543756111,2025-05-13T22:00:00.000Z
sensor.11_varmepumpe32a_active_power,108.8052187795222,2025-05-13T23:00:00.000Z
sensor.11_varmepumpe32a_active_power,219.5017354826111,2025-05-14T00:00:00.000Z
sensor.11_varmepumpe32a_active_power,287.1071135227778,2025-05-14T01:00:00.000Z
sensor.11_varmepumpe32a_active_power,698.59541840905,2025-05-14T02:00:00.000Z
sensor.11_varmepumpe32a_active_power,699.8969166168332,2025-05-14T03:00:00.000Z
sensor.11_varmepumpe32a_active_power,129.96129119740002,2025-05-14T04:00:00.000Z
sensor.11_varmepumpe32a_active_power,723.162828970827,2025-05-14T05:00:00.000Z
sensor.11_varmepumpe32a_active_power,39.43522800475555,2025-05-14T06:00:00.000Z
sensor.11_varmepumpe32a_active_power,40.89845984663334,2025-05-14T07:00:00.000Z
sensor.11_varmepumpe32a_active_power,485.78811050583323,2025-05-14T08:00:00.000Z
sensor.11_varmepumpe32a_active_power,112.81066997822222,2025-05-14T09:00:00.000Z
sensor.11_varmepumpe32a_active_power,955.2635639424278,2025-05-14T10:00:00.000Z
sensor.11_varmepumpe32a_active_power,428.74863762663887,2025-05-14T11:00:00.000Z
sensor.11_varmepumpe32a_active_power,99.63396950494445,2025-05-14T12:00:00.000Z
sensor.11_varmepumpe32a_active_power,237.06192643580553,2025-05-14T13:00:00.000Z
sensor.11_varmepumpe32a_active_power,124.78448710097778,2025-05-14T14:00:00.000Z
sensor.11_varmepumpe32a_active_power,101.96501506558054,2025-05-14T15:00:00.000Z
sensor.11_varmepumpe32a_active_power,92.37912589588332,2025-05-14T16:00:00.000Z
sensor.11_varmepumpe32a_active_power,112.83401627536112,2025-05-14T17:00:00.000Z
sensor.11_varmepumpe32a_active_power,55.31989960888612,2025-05-14T18:00:00.000Z
sensor.11_varmepumpe32a_active_power,42.63706382286389,2025-05-14T19:00:00.000Z
sensor.11_varmepumpe32a_active_power,51.49028709127777,2025-05-14T20:00:00.000Z
sensor.11_varmepumpe32a_active_power,515.64577173335,2025-05-14T21:00:00.000Z
sensor.11_varmepumpe32a_active_power,602.6991895397556,2025-05-14T22:00:00.000Z
sensor.11_varmepumpe32a_active_power,548.1388424285473,2025-05-14T23:00:00.000Z
sensor.11_varmepumpe32a_active_power,384.51141934261113,2025-05-15T00:00:00.000Z
sensor.11_varmepumpe32a_active_power,550.6789590801667,2025-05-15T01:00:00.000Z
sensor.11_varmepumpe32a_active_power,972.7641779899667,2025-05-15T02:00:00.000Z
sensor.11_varmepumpe32a_active_power,954.9969114289834,2025-05-15T03:00:00.000Z
sensor.11_varmepumpe32a_active_power,499.3999174168639,2025-05-15T04:00:00.000Z
sensor.11_varmepumpe32a_active_power,427.75011675064997,2025-05-15T05:00:00.000Z
sensor.11_varmepumpe32a_active_power,43.59291248908889,2025-05-15T06:00:00.000Z
sensor.11_varmepumpe32a_active_power,53.18083549652778,2025-05-15T07:00:00.000Z
sensor.11_varmepumpe32a_active_power,175.85601221172223,2025-05-15T08:00:00.000Z
sensor.11_varmepumpe32a_active_power,167.89800619594445,2025-05-15T09:00:00.000Z
sensor.11_varmepumpe32a_active_power,1061.6780870414166,2025-05-15T10:00:00.000Z
sensor.11_varmepumpe32a_active_power,531.8982071994445,2025-05-15T11:00:00.000Z
sensor.11_varmepumpe32a_active_power,94.7787914186111,2025-05-15T12:00:00.000Z
sensor.11_varmepumpe32a_active_power,26.958289546944442,2025-05-15T13:00:00.000Z
sensor.11_varmepumpe32a_active_power,29.046647004188888,2025-05-15T14:00:00.000Z
sensor.11_varmepumpe32a_active_power,31.16565678875,2025-05-15T15:00:00.000Z
sensor.11_varmepumpe32a_active_power,368.93276943831387,2025-05-15T16:00:00.000Z
sensor.11_varmepumpe32a_active_power,31.413938213116666,2025-05-15T17:00:00.000Z
sensor.11_varmepumpe32a_active_power,24.10915550522222,2025-05-15T18:00:00.000Z
sensor.11_varmepumpe32a_active_power,24.434152465500002,2025-05-15T19:00:00.000Z
sensor.11_varmepumpe32a_active_power,15.185760964666668,2025-05-15T20:00:00.000Z
sensor.11_varmepumpe32a_active_power,83.78352524575,2025-05-15T21:00:00.000Z
sensor.11_varmepumpe32a_active_power,135.89737647329721,2025-05-15T22:00:00.000Z
sensor.11_varmepumpe32a_active_power,149.7476717843139,2025-05-15T23:00:00.000Z
sensor.11_varmepumpe32a_active_power,423.3485352640667,2025-05-16T00:00:00.000Z
sensor.11_varmepumpe32a_active_power,282.33581162593333,2025-05-16T01:00:00.000Z
sensor.11_varmepumpe32a_active_power,448.2979987902,2025-05-16T02:00:00.000Z
sensor.11_varmepumpe32a_active_power,824.4160970615723,2025-05-16T03:00:00.000Z
sensor.11_varmepumpe32a_active_power,62.753631337986114,2025-05-16T04:00:00.000Z
sensor.11_varmepumpe32a_active_power,226.15864361839445,2025-05-16T05:00:00.000Z
sensor.11_varmepumpe32a_active_power,75.23947475641667,2025-05-16T06:00:00.000Z
sensor.11_varmepumpe32a_active_power,46.92700307380556,2025-05-16T07:00:00.000Z
sensor.11_varmepumpe32a_active_power,224.94337500856105,2025-05-16T08:00:00.000Z
sensor.11_varmepumpe32a_active_power,294.73835382783335,2025-05-16T09:00:00.000Z
sensor.11_varmepumpe32a_active_power,970.7529569776666,2025-05-16T10:00:00.000Z
sensor.11_varmepumpe32a_active_power,767.460810687889,2025-05-16T11:00:00.000Z
sensor.11_varmepumpe32a_active_power,122.92838552166666,2025-05-16T12:00:00.000Z
sensor.11_varmepumpe32a_active_power,33.59503409022222,2025-05-16T13:00:00.000Z
sensor.11_varmepumpe32a_active_power,38.628023208555554,2025-05-16T14:00:00.000Z
sensor.11_varmepumpe32a_active_power,33.06222676345,2025-05-16T15:00:00.000Z
sensor.11_varmepumpe32a_active_power,529.9924292474722,2025-05-16T16:00:00.000Z
sensor.11_varmepumpe32a_active_power,32.939796548383335,2025-05-16T17:00:00.000Z
sensor.11_varmepumpe32a_active_power,21.841332937083333,2025-05-16T18:00:00.000Z
sensor.11_varmepumpe32a_active_power,45.89086374742777,2025-05-16T19:00:00.000Z
sensor.11_varmepumpe32a_active_power,2923.5608185154997,2025-05-16T20:00:00.000Z
sensor.11_varmepumpe32a_active_power,121.41574928122499,2025-05-16T21:00:00.000Z
sensor.11_varmepumpe32a_active_power,85.78261251377222,2025-05-16T22:00:00.000Z
sensor.11_varmepumpe32a_active_power,157.22185801016667,2025-05-16T23:00:00.000Z
sensor.11_varmepumpe32a_active_power,87.23605446904723,2025-05-17T00:00:00.000Z
sensor.11_varmepumpe32a_active_power,204.42548716520835,2025-05-17T01:00:00.000Z
sensor.11_varmepumpe32a_active_power,1143.2954302713695,2025-05-17T02:00:00.000Z
sensor.11_varmepumpe32a_active_power,628.78462774425,2025-05-17T03:00:00.000Z
sensor.11_varmepumpe32a_active_power,200.61246700241665,2025-05-17T04:00:00.000Z
sensor.11_varmepumpe32a_active_power,395.85206566696667,2025-05-17T05:00:00.000Z
sensor.11_varmepumpe32a_active_power,45.703685700883334,2025-05-17T06:00:00.000Z
sensor.11_varmepumpe32a_active_power,56.829167787875,2025-05-17T07:00:00.000Z
sensor.11_varmepumpe32a_active_power,148.44314109200002,2025-05-17T08:00:00.000Z
sensor.11_varmepumpe32a_active_power,269.93240900930556,2025-05-17T09:00:00.000Z
sensor.11_varmepumpe32a_active_power,1015.8807746008612,2025-05-17T10:00:00.000Z
sensor.11_varmepumpe32a_active_power,83.84114003213888,2025-05-17T11:00:00.000Z
sensor.11_varmepumpe32a_active_power,53.370522938827776,2025-05-17T12:00:00.000Z
sensor.11_varmepumpe32a_active_power,33.15803084344444,2025-05-17T13:00:00.000Z
sensor.11_varmepumpe32a_active_power,38.33436827216389,2025-05-17T14:00:00.000Z
sensor.11_varmepumpe32a_active_power,536.3024908392833,2025-05-17T15:00:00.000Z
sensor.11_varmepumpe32a_active_power,1134.7726312106945,2025-05-17T16:00:00.000Z
sensor.11_varmepumpe32a_active_power,34.26601140238889,2025-05-17T17:00:00.000Z
sensor.11_varmepumpe32a_active_power,17.49525178972222,2025-05-17T18:00:00.000Z
sensor.11_varmepumpe32a_active_power,20.663081756833332,2025-05-17T19:00:00.000Z
sensor.11_varmepumpe32a_active_power,16.400842471388888,2025-05-17T20:00:00.000Z
sensor.11_varmepumpe32a_active_power,195.64001429425,2025-05-17T21:00:00.000Z
sensor.11_varmepumpe32a_active_power,129.22917452357498,2025-05-17T22:00:00.000Z
sensor.11_varmepumpe32a_active_power,60.82111768779722,2025-05-17T23:00:00.000Z
sensor.11_varmepumpe32a_active_power,103.95025276743611,2025-05-18T00:00:00.000Z
sensor.11_varmepumpe32a_active_power,95.45790910527778,2025-05-18T01:00:00.000Z
sensor.11_varmepumpe32a_active_power,708.95749369925,2025-05-18T02:00:00.000Z
sensor.11_varmepumpe32a_active_power,864.8331401802778,2025-05-18T03:00:00.000Z
sensor.11_varmepumpe32a_active_power,191.69406516447222,2025-05-18T04:00:00.000Z
sensor.11_varmepumpe32a_active_power,185.33761703930836,2025-05-18T05:00:00.000Z
sensor.11_varmepumpe32a_active_power,51.776262684205555,2025-05-18T06:00:00.000Z
sensor.11_varmepumpe32a_active_power,40.24382029583889,2025-05-18T07:00:00.000Z
sensor.11_varmepumpe32a_active_power,244.23873899548053,2025-05-18T08:00:00.000Z
sensor.11_varmepumpe32a_active_power,101.3849449895611,2025-05-18T09:00:00.000Z
sensor.11_varmepumpe32a_active_power,370.9825826852445,2025-05-18T10:00:00.000Z
sensor.11_varmepumpe32a_active_power,455.04766338563894,2025-05-18T11:00:00.000Z
sensor.11_varmepumpe32a_active_power,31.009892722780553,2025-05-18T12:00:00.000Z
sensor.11_varmepumpe32a_active_power,30.399933316583333,2025-05-18T13:00:00.000Z
sensor.11_varmepumpe32a_active_power,98.3884340376111,2025-05-18T14:00:00.000Z
sensor.11_varmepumpe32a_active_power,655.5783412101583,2025-05-18T15:00:00.000Z
sensor.11_varmepumpe32a_active_power,32.15845101605,2025-05-18T16:00:00.000Z
sensor.11_varmepumpe32a_active_power,30.111634663991666,2025-05-18T17:00:00.000Z
sensor.11_varmepumpe32a_active_power,26.372644817633333,2025-05-18T18:00:00.000Z
sensor.11_varmepumpe32a_active_power,19.09387826813889,2025-05-18T19:00:00.000Z
sensor.11_varmepumpe32a_active_power,13.855027772472221,2025-05-18T20:00:00.000Z
sensor.11_varmepumpe32a_active_power,1838.217913836689,2025-05-18T21:00:00.000Z
sensor.11_varmepumpe32a_active_power,269.0352194297222,2025-05-18T22:00:00.000Z
sensor.11_varmepumpe32a_active_power,462.3257480864167,2025-05-18T23:00:00.000Z
sensor.11_varmepumpe32a_active_power,495.58840659961396,2025-05-19T00:00:00.000Z
sensor.11_varmepumpe32a_active_power,82.96981015788056,2025-05-19T01:00:00.000Z
sensor.11_varmepumpe32a_active_power,703.3954197544166,2025-05-19T02:00:00.000Z
sensor.11_varmepumpe32a_active_power,548.258280248311,2025-05-19T03:00:00.000Z
sensor.11_varmepumpe32a_active_power,202.28039643733334,2025-05-19T04:00:00.000Z
sensor.11_varmepumpe32a_active_power,277.0472129204722,2025-05-19T05:00:00.000Z
sensor.11_varmepumpe32a_active_power,24.257893958166665,2025-05-19T06:00:00.000Z
sensor.11_varmepumpe32a_active_power,18.470141666222222,2025-05-19T07:00:00.000Z
sensor.11_varmepumpe32a_active_power,111.61475601377778,2025-05-19T08:00:00.000Z
sensor.11_varmepumpe32a_active_power,363.0231025688889,2025-05-19T09:00:00.000Z
sensor.11_varmepumpe32a_active_power,382.4176144569611,2025-05-19T10:00:00.000Z
sensor.11_varmepumpe32a_active_power,68.57108624051388,2025-05-19T11:00:00.000Z
sensor.11_varmepumpe32a_active_power,29.457316298477778,2025-05-19T12:00:00.000Z
sensor.11_varmepumpe32a_active_power,36.75912605476667,2025-05-19T13:00:00.000Z
sensor.11_varmepumpe32a_active_power,33.078490679369445,2025-05-19T14:00:00.000Z
sensor.11_varmepumpe32a_active_power,33.03125430697222,2025-05-19T15:00:00.000Z
sensor.11_varmepumpe32a_active_power,1071.263542292639,2025-05-19T16:00:00.000Z
sensor.11_varmepumpe32a_active_power,33.588921555055556,2025-05-19T17:00:00.000Z
sensor.11_varmepumpe32a_active_power,26.188230005888887,2025-05-19T18:00:00.000Z
sensor.11_varmepumpe32a_active_power,13.594460432444444,2025-05-19T19:00:00.000Z
sensor.11_varmepumpe32a_active_power,10.008234637777777,2025-05-19T20:00:00.000Z
sensor.11_varmepumpe32a_active_power,1587.0878055664443,2025-05-19T21:00:00.000Z
sensor.11_varmepumpe32a_active_power,28.67534898427778,2025-05-19T22:00:00.000Z
sensor.11_varmepumpe32a_active_power,177.83396923511665,2025-05-19T23:00:00.000Z
sensor.11_varmepumpe32a_active_power,324.71678280055556,2025-05-20T00:00:00.000Z
sensor.11_varmepumpe32a_active_power,308.11683893972224,2025-05-20T01:00:00.000Z
sensor.11_varmepumpe32a_active_power,1147.7681525350056,2025-05-20T02:00:00.000Z
sensor.11_varmepumpe32a_active_power,670.385823161111,2025-05-20T03:00:00.000Z
sensor.11_varmepumpe32a_active_power,120.71425317305555,2025-05-20T04:00:00.000Z
sensor.11_varmepumpe32a_active_power,221.71443046705556,2025-05-20T05:00:00.000Z
sensor.11_varmepumpe32a_active_power,21.55356605444722,2025-05-20T06:00:00.000Z
sensor.11_varmepumpe32a_active_power,15.802335297638889,2025-05-20T07:00:00.000Z
sensor.11_varmepumpe32a_active_power,90.82828849477778,2025-05-20T08:00:00.000Z
sensor.11_varmepumpe32a_active_power,24.525435636305556,2025-05-20T09:00:00.000Z
sensor.11_varmepumpe32a_active_power,490.9713076048722,2025-05-20T10:00:00.000Z
sensor.11_varmepumpe32a_active_power,66.87088239802777,2025-05-20T11:00:00.000Z
sensor.11_varmepumpe32a_active_power,37.17080336908334,2025-05-20T12:00:00.000Z
sensor.11_varmepumpe32a_active_power,30.268646649694446,2025-05-20T13:00:00.000Z
sensor.11_varmepumpe32a_active_power,38.47150550791667,2025-05-20T14:00:00.000Z
sensor.11_varmepumpe32a_active_power,886.0347988916111,2025-05-20T15:00:00.000Z
sensor.11_varmepumpe32a_active_power,31.154106394944446,2025-05-20T16:00:00.000Z
sensor.11_varmepumpe32a_active_power,33.45832108483334,2025-05-20T17:00:00.000Z
sensor.11_varmepumpe32a_active_power,18.479540182250002,2025-05-20T18:00:00.000Z
sensor.11_varmepumpe32a_active_power,12.327859734,2025-05-20T19:00:00.000Z
sensor.11_varmepumpe32a_active_power,10.70516226,2025-05-20T20:00:00.000Z
sensor.11_varmepumpe32a_active_power,96.96238348205556,2025-05-20T21:00:00.000Z
sensor.11_varmepumpe32a_active_power,126.48958577563333,2025-05-20T22:00:00.000Z
sensor.11_varmepumpe32a_active_power,323.10028607925,2025-05-20T23:00:00.000Z
sensor.11_varmepumpe32a_active_power,311.4417739455,2025-05-21T00:00:00.000Z
sensor.11_varmepumpe32a_active_power,309.6871727085833,2025-05-21T01:00:00.000Z
sensor.11_varmepumpe32a_active_power,757.2264900630831,2025-05-21T02:00:00.000Z
sensor.11_varmepumpe32a_active_power,1268.7999243069332,2025-05-21T03:00:00.000Z
sensor.11_varmepumpe32a_active_power,297.9223561213333,2025-05-21T04:00:00.000Z
sensor.11_varmepumpe32a_active_power,513.276275109139,2025-05-21T05:00:00.000Z
sensor.11_varmepumpe32a_active_power,38.89488748738055,2025-05-21T06:00:00.000Z
sensor.11_varmepumpe32a_active_power,45.88863916373055,2025-05-21T07:00:00.000Z
sensor.11_varmepumpe32a_active_power,464.8435185822778,2025-05-21T08:00:00.000Z
sensor.11_varmepumpe32a_active_power,245.16628467533334,2025-05-21T09:00:00.000Z
sensor.11_varmepumpe32a_active_power,904.991115609861,2025-05-21T10:00:00.000Z
sensor.11_varmepumpe32a_active_power,764.5322105851138,2025-05-21T11:00:00.000Z
sensor.11_varmepumpe32a_active_power,87.55891067425,2025-05-21T12:00:00.000Z
sensor.11_varmepumpe32a_active_power,88.77922572447221,2025-05-21T13:00:00.000Z
sensor.11_varmepumpe32a_active_power,149.5973409068889,2025-05-21T14:00:00.000Z
sensor.11_varmepumpe32a_active_power,147.06494535836111,2025-05-21T15:00:00.000Z
sensor.11_varmepumpe32a_active_power,51.060930556694444,2025-05-21T16:00:00.000Z
sensor.11_varmepumpe32a_active_power,124.06163046466945,2025-05-21T17:00:00.000Z
sensor.11_varmepumpe32a_active_power,51.30533413227778,2025-05-21T18:00:00.000Z
sensor.11_varmepumpe32a_active_power,1433.2378502079446,2025-05-21T19:00:00.000Z
sensor.11_varmepumpe32a_active_power,1438.0528338727775,2025-05-21T20:00:00.000Z
sensor.11_varmepumpe32a_active_power,299.8266175238639,2025-05-21T21:00:00.000Z
sensor.11_varmepumpe32a_active_power,489.95927304213336,2025-05-21T22:00:00.000Z
sensor.11_varmepumpe32a_active_power,350.02569108522226,2025-05-21T23:00:00.000Z
sensor.11_varmepumpe32a_active_power,496.8303692777666,2025-05-22T00:00:00.000Z
sensor.11_varmepumpe32a_active_power,504.6704533683056,2025-05-22T01:00:00.000Z
sensor.11_varmepumpe32a_active_power,723.2292573889305,2025-05-22T02:00:00.000Z
sensor.11_varmepumpe32a_active_power,1137.956416475836,2025-05-22T03:00:00.000Z
sensor.11_varmepumpe32a_active_power,581.6377501968889,2025-05-22T04:00:00.000Z
sensor.11_varmepumpe32a_active_power,481.0105790422361,2025-05-22T05:00:00.000Z
sensor.11_varmepumpe32a_active_power,33.072461844725005,2025-05-22T06:00:00.000Z
sensor.11_varmepumpe32a_active_power,62.75262240045555,2025-05-22T07:00:00.000Z
sensor.11_varmepumpe32a_active_power,505.03195371705556,2025-05-22T08:00:00.000Z
sensor.11_varmepumpe32a_active_power,286.02692031531666,2025-05-22T09:00:00.000Z
sensor.11_varmepumpe32a_active_power,1180.86930553675,2025-05-22T10:00:00.000Z
sensor.11_varmepumpe32a_active_power,1029.537120742011,2025-05-22T11:00:00.000Z
sensor.11_varmepumpe32a_active_power,238.81879021577777,2025-05-22T12:00:00.000Z
sensor.11_varmepumpe32a_active_power,117.0429023166389,2025-05-22T13:00:00.000Z
sensor.11_varmepumpe32a_active_power,178.87487442291663,2025-05-22T14:00:00.000Z
sensor.11_varmepumpe32a_active_power,250.41517131127776,2025-05-22T15:00:00.000Z
sensor.11_varmepumpe32a_active_power,241.90618636211113,2025-05-22T16:00:00.000Z
sensor.11_varmepumpe32a_active_power,108.52848395227778,2025-05-22T17:00:00.000Z
sensor.11_varmepumpe32a_active_power,49.662271175272224,2025-05-22T18:00:00.000Z
sensor.11_varmepumpe32a_active_power,46.66994282937778,2025-05-22T19:00:00.000Z
sensor.11_varmepumpe32a_active_power,46.43092293076666,2025-05-22T20:00:00.000Z
sensor.11_varmepumpe32a_active_power,992.3964692460833,2025-05-22T21:00:00.000Z
sensor.11_varmepumpe32a_active_power,506.9282790630195,2025-05-22T22:00:00.000Z
sensor.11_varmepumpe32a_active_power,682.2840475952333,2025-05-22T23:00:00.000Z
sensor.11_varmepumpe32a_active_power,815.3370274986668,2025-05-23T00:00:00.000Z
sensor.11_varmepumpe32a_active_power,559.3836258540999,2025-05-23T01:00:00.000Z
sensor.11_varmepumpe32a_active_power,1061.5587046771277,2025-05-23T02:00:00.000Z
sensor.11_varmepumpe32a_active_power,1169.1310592444945,2025-05-23T03:00:00.000Z
sensor.11_varmepumpe32a_active_power,1132.3566411389666,2025-05-23T04:00:00.000Z
sensor.11_varmepumpe32a_active_power,644.8080683725055,2025-05-23T05:00:00.000Z
sensor.11_varmepumpe32a_active_power,38.61615621833611,2025-05-23T06:00:00.000Z
sensor.11_varmepumpe32a_active_power,51.40370339953611,2025-05-23T07:00:00.000Z
sensor.11_varmepumpe32a_active_power,854.2222154199723,2025-05-23T08:00:00.000Z
sensor.11_varmepumpe32a_active_power,254.49206664188887,2025-05-23T09:00:00.000Z
sensor.11_varmepumpe32a_active_power,1417.256375682861,2025-05-23T10:00:00.000Z
sensor.11_varmepumpe32a_active_power,235.10502529601663,2025-05-23T11:00:00.000Z
sensor.11_varmepumpe32a_active_power,92.86236668244443,2025-05-23T12:00:00.000Z
sensor.11_varmepumpe32a_active_power,411.8388226066667,2025-05-23T13:00:00.000Z
sensor.11_varmepumpe32a_active_power,172.39544272963334,2025-05-23T14:00:00.000Z
sensor.11_varmepumpe32a_active_power,142.78213435,2025-05-23T15:00:00.000Z
sensor.11_varmepumpe32a_active_power,156.11214844808333,2025-05-23T16:00:00.000Z
sensor.11_varmepumpe32a_active_power,158.77870969533333,2025-05-23T17:00:00.000Z
sensor.11_varmepumpe32a_active_power,81.14067470956111,2025-05-23T18:00:00.000Z
sensor.11_varmepumpe32a_active_power,63.204144045638884,2025-05-23T19:00:00.000Z
sensor.11_varmepumpe32a_active_power,1713.3420653615442,2025-05-23T20:00:00.000Z
sensor.11_varmepumpe32a_active_power,260.10273858437773,2025-05-23T21:00:00.000Z
sensor.11_varmepumpe32a_active_power,490.6124541062,2025-05-23T22:00:00.000Z
sensor.11_varmepumpe32a_active_power,407.1824728616944,2025-05-23T23:00:00.000Z
sensor.11_varmepumpe32a_active_power,334.1563118088694,2025-05-24T00:00:00.000Z
sensor.11_varmepumpe32a_active_power,485.77700343727776,2025-05-24T01:00:00.000Z
sensor.11_varmepumpe32a_active_power,1269.2520137896388,2025-05-24T02:00:00.000Z
sensor.11_varmepumpe32a_active_power,1122.3327457181945,2025-05-24T03:00:00.000Z
sensor.11_varmepumpe32a_active_power,901.6046591751946,2025-05-24T04:00:00.000Z
sensor.11_varmepumpe32a_active_power,894.2957169079167,2025-05-24T05:00:00.000Z
sensor.11_varmepumpe32a_active_power,58.91841382969445,2025-05-24T06:00:00.000Z
sensor.11_varmepumpe32a_active_power,62.09481424138889,2025-05-24T07:00:00.000Z
sensor.11_varmepumpe32a_active_power,776.2189985561112,2025-05-24T08:00:00.000Z
sensor.11_varmepumpe32a_active_power,949.7697714005557,2025-05-24T09:00:00.000Z
sensor.11_varmepumpe32a_active_power,1256.749857170361,2025-05-24T10:00:00.000Z
sensor.11_varmepumpe32a_active_power,744.7750575475834,2025-05-24T11:00:00.000Z
sensor.11_varmepumpe32a_active_power,203.75941239338886,2025-05-24T12:00:00.000Z
sensor.11_varmepumpe32a_active_power,125.61698421411113,2025-05-24T13:00:00.000Z
sensor.11_varmepumpe32a_active_power,154.05882368572222,2025-05-24T14:00:00.000Z
sensor.11_varmepumpe32a_active_power,139.39264121591665,2025-05-24T15:00:00.000Z
sensor.11_varmepumpe32a_active_power,273.77586007487776,2025-05-24T16:00:00.000Z
sensor.11_varmepumpe32a_active_power,375.9772474801667,2025-05-24T17:00:00.000Z
sensor.11_varmepumpe32a_active_power,69.88014118305556,2025-05-24T18:00:00.000Z
sensor.11_varmepumpe32a_active_power,60.72418389055556,2025-05-24T19:00:00.000Z
sensor.11_varmepumpe32a_active_power,61.33788511166667,2025-05-24T20:00:00.000Z
sensor.11_varmepumpe32a_active_power,905.7058728220277,2025-05-24T21:00:00.000Z
sensor.11_varmepumpe32a_active_power,1112.0891055177779,2025-05-24T22:00:00.000Z
sensor.11_varmepumpe32a_active_power,2167.011608249022,2025-05-24T23:00:00.000Z
sensor.11_varmepumpe32a_active_power,509.08391470923885,2025-05-25T00:00:00.000Z
sensor.11_varmepumpe32a_active_power,380.2977417284444,2025-05-25T01:00:00.000Z
sensor.11_varmepumpe32a_active_power,757.2711066937974,2025-05-25T02:00:00.000Z
sensor.11_varmepumpe32a_active_power,837.5738508574917,2025-05-25T03:00:00.000Z
sensor.11_varmepumpe32a_active_power,535.03669127625,2025-05-25T04:00:00.000Z
sensor.11_varmepumpe32a_active_power,349.4442980707361,2025-05-25T05:00:00.000Z
sensor.11_varmepumpe32a_active_power,64.52249873097223,2025-05-25T06:00:00.000Z
sensor.11_varmepumpe32a_active_power,61.42093047866666,2025-05-25T07:00:00.000Z
sensor.11_varmepumpe32a_active_power,789.5552230188055,2025-05-25T08:00:00.000Z
sensor.11_varmepumpe32a_active_power,521.6096255356666,2025-05-25T09:00:00.000Z
sensor.11_varmepumpe32a_active_power,1251.3492988459723,2025-05-25T10:00:00.000Z
sensor.11_varmepumpe32a_active_power,1129.3936473730555,2025-05-25T11:00:00.000Z
sensor.11_varmepumpe32a_active_power,470.6948149242778,2025-05-25T12:00:00.000Z
sensor.11_varmepumpe32a_active_power,307.07700429280555,2025-05-25T13:00:00.000Z
sensor.11_varmepumpe32a_active_power,401.84808265591664,2025-05-25T14:00:00.000Z
sensor.11_varmepumpe32a_active_power,70.77400074911111,2025-05-25T15:00:00.000Z
sensor.11_varmepumpe32a_active_power,304.09089795674726,2025-05-25T16:00:00.000Z
sensor.11_varmepumpe32a_active_power,145.69578504093334,2025-05-25T17:00:00.000Z
sensor.11_varmepumpe32a_active_power,55.85334611611111,2025-05-25T18:00:00.000Z
sensor.11_varmepumpe32a_active_power,581.5241832573889,2025-05-25T19:00:00.000Z
sensor.11_varmepumpe32a_active_power,1751.1961556092222,2025-05-25T20:00:00.000Z
sensor.11_varmepumpe32a_active_power,261.14959725375,2025-05-25T21:00:00.000Z
sensor.11_varmepumpe32a_active_power,316.1176144427778,2025-05-25T22:00:00.000Z
sensor.11_varmepumpe32a_active_power,476.1106591895555,2025-05-25T23:00:00.000Z
sensor.11_varmepumpe32a_active_power,351.12178210638893,2025-05-26T00:00:00.000Z
sensor.11_varmepumpe32a_active_power,160.76978295066945,2025-05-26T01:00:00.000Z
sensor.11_varmepumpe32a_active_power,1082.0014736363612,2025-05-26T02:00:00.000Z
sensor.11_varmepumpe32a_active_power,893.3527815438056,2025-05-26T03:00:00.000Z
sensor.11_varmepumpe32a_active_power,113.79370222511666,2025-05-26T04:00:00.000Z
sensor.11_varmepumpe32a_active_power,141.23475494158612,2025-05-26T05:00:00.000Z
sensor.11_varmepumpe32a_active_power,58.47771031006112,2025-05-26T06:00:00.000Z
sensor.11_varmepumpe32a_active_power,40.07222278520833,2025-05-26T07:00:00.000Z
sensor.11_varmepumpe32a_active_power,545.4456693333334,2025-05-26T08:00:00.000Z
sensor.11_varmepumpe32a_active_power,70.8856730571111,2025-05-26T09:00:00.000Z
sensor.11_varmepumpe32a_active_power,1088.74308682775,2025-05-26T10:00:00.000Z
sensor.11_varmepumpe32a_active_power,401.2977655260722,2025-05-26T11:00:00.000Z
sensor.11_varmepumpe32a_active_power,212.73183472361112,2025-05-26T12:00:00.000Z
sensor.11_varmepumpe32a_active_power,351.0015205206528,2025-05-26T13:00:00.000Z
sensor.11_varmepumpe32a_active_power,60.175219125055555,2025-05-26T14:00:00.000Z
sensor.11_varmepumpe32a_active_power,108.6618276745861,2025-05-26T15:00:00.000Z
sensor.11_varmepumpe32a_active_power,81.22065554177222,2025-05-26T16:00:00.000Z
sensor.11_varmepumpe32a_active_power,118.08902841009444,2025-05-26T17:00:00.000Z
sensor.11_varmepumpe32a_active_power,37.50675413157222,2025-05-26T18:00:00.000Z
sensor.11_varmepumpe32a_active_power,53.1419285445,2025-05-26T19:00:00.000Z
sensor.11_varmepumpe32a_active_power,632.3154857306472,2025-05-26T20:00:00.000Z
sensor.11_varmepumpe32a_active_power,2061.3145169644445,2025-05-26T21:00:00.000Z
sensor.11_varmepumpe32a_active_power,364.77054723068613,2025-05-26T22:00:00.000Z
sensor.11_varmepumpe32a_active_power,310.81010255283337,2025-05-26T23:00:00.000Z
sensor.11_varmepumpe32a_active_power,389.1984397193889,2025-05-27T00:00:00.000Z
sensor.11_varmepumpe32a_active_power,546.482816987611,2025-05-27T01:00:00.000Z
sensor.11_varmepumpe32a_active_power,1045.444598698028,2025-05-27T02:00:00.000Z
sensor.11_varmepumpe32a_active_power,786.5361391155417,2025-05-27T03:00:00.000Z
sensor.11_varmepumpe32a_active_power,871.6614945536279,2025-05-27T04:00:00.000Z
sensor.11_varmepumpe32a_active_power,492.55621697311113,2025-05-27T05:00:00.000Z
sensor.11_varmepumpe32a_active_power,49.21267836008889,2025-05-27T06:00:00.000Z
sensor.11_varmepumpe32a_active_power,52.27678652,2025-05-27T07:00:00.000Z
sensor.11_varmepumpe32a_active_power,219.59038360058332,2025-05-27T08:00:00.000Z
sensor.11_varmepumpe32a_active_power,87.786157579,2025-05-27T09:00:00.000Z
sensor.11_varmepumpe32a_active_power,360.31495281554163,2025-05-27T10:00:00.000Z
sensor.11_varmepumpe32a_active_power,407.41231622935,2025-05-27T11:00:00.000Z
sensor.11_varmepumpe32a_active_power,167.2929043112778,2025-05-27T12:00:00.000Z
sensor.11_varmepumpe32a_active_power,146.73273093280557,2025-05-27T13:00:00.000Z
sensor.11_varmepumpe32a_active_power,140.50169439816668,2025-05-27T14:00:00.000Z
sensor.11_varmepumpe32a_active_power,115.27309999061112,2025-05-27T15:00:00.000Z
sensor.11_varmepumpe32a_active_power,156.61182673380554,2025-05-27T16:00:00.000Z
sensor.11_varmepumpe32a_active_power,1466.7084233530138,2025-05-27T17:00:00.000Z
sensor.11_varmepumpe32a_active_power,82.95147747339168,2025-05-27T18:00:00.000Z
sensor.11_varmepumpe32a_active_power,401.6827979235945,2025-05-27T19:00:00.000Z
sensor.11_varmepumpe32a_active_power,434.4120354234167,2025-05-27T20:00:00.000Z
sensor.11_varmepumpe32a_active_power,218.77691366834722,2025-05-27T21:00:00.000Z
sensor.11_varmepumpe32a_active_power,263.8952808728389,2025-05-27T22:00:00.000Z
sensor.11_varmepumpe32a_active_power,1014.7981460014498,2025-05-27T23:00:00.000Z
sensor.11_varmepumpe32a_active_power,355.6198538771166,2025-05-28T00:00:00.000Z
sensor.11_varmepumpe32a_active_power,379.79466829132775,2025-05-28T01:00:00.000Z
sensor.11_varmepumpe32a_active_power,355.62703747349445,2025-05-28T02:00:00.000Z
sensor.11_varmepumpe32a_active_power,995.2539472080167,2025-05-28T03:00:00.000Z
sensor.11_varmepumpe32a_active_power,572.8045634279555,2025-05-28T04:00:00.000Z
sensor.11_varmepumpe32a_active_power,553.0752604770556,2025-05-28T05:00:00.000Z
sensor.11_varmepumpe32a_active_power,53.790365845922224,2025-05-28T06:00:00.000Z
sensor.11_varmepumpe32a_active_power,59.93953091686111,2025-05-28T07:00:00.000Z
sensor.11_varmepumpe32a_active_power,250.05357194434717,2025-05-28T08:00:00.000Z
sensor.11_varmepumpe32a_active_power,90.769359298025,2025-05-28T09:00:00.000Z
sensor.11_varmepumpe32a_active_power,870.4089403849416,2025-05-28T10:00:00.000Z
sensor.11_varmepumpe32a_active_power,199.6152425488889,2025-05-28T11:00:00.000Z
sensor.11_varmepumpe32a_active_power,58.152927571111114,2025-05-28T12:00:00.000Z
sensor.11_varmepumpe32a_active_power,82.12972676663888,2025-05-28T13:00:00.000Z
sensor.11_varmepumpe32a_active_power,32.85773452744722,2025-05-28T14:00:00.000Z
sensor.11_varmepumpe32a_active_power,276.8826186803222,2025-05-28T15:00:00.000Z
sensor.11_varmepumpe32a_active_power,80.62336153981667,2025-05-28T16:00:00.000Z
sensor.11_varmepumpe32a_active_power,407.95329479309174,2025-05-28T17:00:00.000Z
sensor.11_varmepumpe32a_active_power,777.9175221064166,2025-05-28T18:00:00.000Z
sensor.11_varmepumpe32a_active_power,94.07760764544444,2025-05-28T19:00:00.000Z
sensor.11_varmepumpe32a_active_power,87.49406872835834,2025-05-28T20:00:00.000Z
sensor.11_varmepumpe32a_active_power,285.251314946257,2025-05-28T21:00:00.000Z
sensor.11_varmepumpe32a_active_power,265.53641113772227,2025-05-28T22:00:00.000Z
sensor.11_varmepumpe32a_active_power,206.30705106774167,2025-05-28T23:00:00.000Z
sensor.11_varmepumpe32a_active_power,44.95904257665277,2025-05-29T00:00:00.000Z
sensor.11_varmepumpe32a_active_power,266.29496825866664,2025-05-29T01:00:00.000Z
sensor.11_varmepumpe32a_active_power,552.9917360463945,2025-05-29T02:00:00.000Z
sensor.11_varmepumpe32a_active_power,700.0780348942777,2025-05-29T03:00:00.000Z
sensor.11_varmepumpe32a_active_power,657.6258855217333,2025-05-29T04:00:00.000Z
sensor.11_varmepumpe32a_active_power,264.9716337912417,2025-05-29T05:00:00.000Z
sensor.11_varmepumpe32a_active_power,34.159106475416664,2025-05-29T06:00:00.000Z
sensor.11_varmepumpe32a_active_power,49.71000114088889,2025-05-29T07:00:00.000Z
sensor.11_varmepumpe32a_active_power,179.64155072780557,2025-05-29T08:00:00.000Z
sensor.11_varmepumpe32a_active_power,226.64916827205835,2025-05-29T09:00:00.000Z
sensor.11_varmepumpe32a_active_power,495.16928663886114,2025-05-29T10:00:00.000Z
sensor.11_varmepumpe32a_active_power,247.52474890482776,2025-05-29T11:00:00.000Z
sensor.11_varmepumpe32a_active_power,106.0709582858611,2025-05-29T12:00:00.000Z
sensor.11_varmepumpe32a_active_power,1835.8726090419443,2025-05-29T13:00:00.000Z
sensor.11_varmepumpe32a_active_power,1025.5959245670833,2025-05-29T14:00:00.000Z
sensor.11_varmepumpe32a_active_power,1503.762789015511,2025-05-29T15:00:00.000Z
sensor.11_varmepumpe32a_active_power,391.2145078003055,2025-05-29T16:00:00.000Z
sensor.11_varmepumpe32a_active_power,61.31077168002778,2025-05-29T17:00:00.000Z
sensor.11_varmepumpe32a_active_power,29.292383107052782,2025-05-29T18:00:00.000Z
sensor.11_varmepumpe32a_active_power,115.13389188698333,2025-05-29T19:00:00.000Z
sensor.11_varmepumpe32a_active_power,186.83384004927777,2025-05-29T20:00:00.000Z
sensor.11_varmepumpe32a_active_power,95.67280555299999,2025-05-29T21:00:00.000Z
sensor.11_varmepumpe32a_active_power,215.71324327722962,2025-05-29T22:00:00.000Z
sensor.11_varmepumpe32a_active_power,100.65457843347619,2025-06-03T07:00:00.000Z
sensor.11_varmepumpe32a_active_power,108.87768845138889,2025-06-03T08:00:00.000Z
sensor.11_varmepumpe32a_active_power,115.07494424108334,2025-06-03T09:00:00.000Z
sensor.11_varmepumpe32a_active_power,935.921392723139,2025-06-03T10:00:00.000Z
sensor.11_varmepumpe32a_active_power,279.5231103979806,2025-06-03T11:00:00.000Z
sensor.11_varmepumpe32a_active_power,95.62610420552778,2025-06-03T12:00:00.000Z
sensor.11_varmepumpe32a_active_power,99.80527626838888,2025-06-03T13:00:00.000Z
sensor.11_varmepumpe32a_active_power,106.45242587570277,2025-06-03T14:00:00.000Z
sensor.11_varmepumpe32a_active_power,101.25062526559445,2025-06-03T15:00:00.000Z
sensor.11_varmepumpe32a_active_power,139.71108687916112,2025-06-03T16:00:00.000Z
sensor.11_varmepumpe32a_active_power,94.80613791311112,2025-06-03T17:00:00.000Z
sensor.11_varmepumpe32a_active_power,21.466785395944445,2025-06-03T18:00:00.000Z
sensor.11_varmepumpe32a_active_power,24.842648118258335,2025-06-03T19:00:00.000Z
sensor.11_varmepumpe32a_active_power,20.40650168036389,2025-06-03T20:00:00.000Z
sensor.11_varmepumpe32a_active_power,302.6222253780278,2025-06-03T21:00:00.000Z
sensor.11_varmepumpe32a_active_power,216.4693074885889,2025-06-03T22:00:00.000Z
sensor.11_varmepumpe32a_active_power,869.1866836167223,2025-06-03T23:00:00.000Z
sensor.11_varmepumpe32a_active_power,143.18651025275003,2025-06-04T00:00:00.000Z
sensor.11_varmepumpe32a_active_power,116.04652408188889,2025-06-04T01:00:00.000Z
sensor.11_varmepumpe32a_active_power,718.118400810975,2025-06-04T02:00:00.000Z
sensor.11_varmepumpe32a_active_power,288.7568984000889,2025-06-04T03:00:00.000Z
sensor.11_varmepumpe32a_active_power,130.16491003669447,2025-06-04T04:00:00.000Z
sensor.11_varmepumpe32a_active_power,210.82199407725832,2025-06-04T05:00:00.000Z
sensor.11_varmepumpe32a_active_power,42.29785700827778,2025-06-04T06:00:00.000Z
sensor.11_varmepumpe32a_active_power,56.48958697938889,2025-06-04T07:00:00.000Z
sensor.11_varmepumpe32a_active_power,189.51016687491665,2025-06-04T08:00:00.000Z
sensor.11_varmepumpe32a_active_power,189.55347915566665,2025-06-04T09:00:00.000Z
sensor.11_varmepumpe32a_active_power,464.09050227574994,2025-06-04T10:00:00.000Z
sensor.11_varmepumpe32a_active_power,461.92000397272227,2025-06-04T11:00:00.000Z
sensor.11_varmepumpe32a_active_power,102.46378600427778,2025-06-04T12:00:00.000Z
sensor.11_varmepumpe32a_active_power,86.87376623283335,2025-06-04T13:00:00.000Z
sensor.11_varmepumpe32a_active_power,108.70895219433055,2025-06-04T14:00:00.000Z
sensor.11_varmepumpe32a_active_power,102.24321484992777,2025-06-04T15:00:00.000Z
sensor.11_varmepumpe32a_active_power,219.74341670527778,2025-06-04T16:00:00.000Z
sensor.11_varmepumpe32a_active_power,101.68408584188334,2025-06-04T17:00:00.000Z
sensor.11_varmepumpe32a_active_power,24.55407318277778,2025-06-04T18:00:00.000Z
sensor.11_varmepumpe32a_active_power,1130.0838166001945,2025-06-04T19:00:00.000Z
sensor.11_varmepumpe32a_active_power,413.41813662282783,2025-06-04T20:00:00.000Z
sensor.11_varmepumpe32a_active_power,114.84158305268888,2025-06-04T21:00:00.000Z
sensor.11_varmepumpe32a_active_power,102.08703320058889,2025-06-04T22:00:00.000Z
sensor.11_varmepumpe32a_active_power,135.748903638,2025-06-04T23:00:00.000Z
sensor.11_varmepumpe32a_active_power,352.33818954730555,2025-06-05T00:00:00.000Z
sensor.11_varmepumpe32a_active_power,333.0653769755,2025-06-05T01:00:00.000Z
sensor.11_varmepumpe32a_active_power,598.7326248557056,2025-06-05T02:00:00.000Z
sensor.11_varmepumpe32a_active_power,1264.576813359428,2025-06-05T03:00:00.000Z
sensor.11_varmepumpe32a_active_power,260.2694464667,2025-06-05T04:00:00.000Z
sensor.11_varmepumpe32a_active_power,247.64634390030554,2025-06-05T05:00:00.000Z
sensor.11_varmepumpe32a_active_power,42.04025668638334,2025-06-05T06:00:00.000Z
sensor.11_varmepumpe32a_active_power,45.982556905766664,2025-06-05T07:00:00.000Z
sensor.11_varmepumpe32a_active_power,368.2279109763333,2025-06-05T08:00:00.000Z
sensor.11_varmepumpe32a_active_power,227.64172543622217,2025-06-05T09:00:00.000Z
sensor.11_varmepumpe32a_active_power,466.12956435961115,2025-06-05T10:00:00.000Z
sensor.11_varmepumpe32a_active_power,1172.1226301349777,2025-06-05T11:00:00.000Z
sensor.11_varmepumpe32a_active_power,289.6941574163333,2025-06-05T12:00:00.000Z
sensor.11_varmepumpe32a_active_power,115.99511217066112,2025-06-05T13:00:00.000Z
sensor.11_varmepumpe32a_active_power,159.31391945004722,2025-06-05T14:00:00.000Z
sensor.11_varmepumpe32a_active_power,311.3201745242056,2025-06-05T15:00:00.000Z
sensor.11_varmepumpe32a_active_power,126.18385734208334,2025-06-05T16:00:00.000Z
sensor.11_varmepumpe32a_active_power,210.29196688181946,2025-06-05T17:00:00.000Z
sensor.11_varmepumpe32a_active_power,56.13330980483334,2025-06-05T18:00:00.000Z
sensor.11_varmepumpe32a_active_power,50.77075779538611,2025-06-05T19:00:00.000Z
sensor.11_varmepumpe32a_active_power,50.533209035350005,2025-06-05T20:00:00.000Z
sensor.11_varmepumpe32a_active_power,1563.2500463529805,2025-06-05T21:00:00.000Z
sensor.11_varmepumpe32a_active_power,108.51341083519999,2025-06-05T22:00:00.000Z
sensor.11_varmepumpe32a_active_power,287.673806238,2025-06-05T23:00:00.000Z
sensor.11_varmepumpe32a_active_power,253.59665042002777,2025-06-06T00:00:00.000Z
sensor.11_varmepumpe32a_active_power,233.85562053472222,2025-06-06T01:00:00.000Z
sensor.11_varmepumpe32a_active_power,683.4685263753139,2025-06-06T02:00:00.000Z
sensor.11_varmepumpe32a_active_power,351.3249923516805,2025-06-06T03:00:00.000Z
sensor.11_varmepumpe32a_active_power,106.14624385466668,2025-06-06T04:00:00.000Z
sensor.11_varmepumpe32a_active_power,113.00427015595278,2025-06-06T05:00:00.000Z
sensor.11_varmepumpe32a_active_power,62.66997017046111,2025-06-06T06:00:00.000Z
sensor.11_varmepumpe32a_active_power,52.281117757212115,2025-06-06T07:00:00.000Z
sensor.11_varmepumpe32a_active_power,96.24678853635926,2025-06-13T23:00:00.000Z
sensor.11_varmepumpe32a_active_power,226.56082816108335,2025-06-14T00:00:00.000Z
sensor.11_varmepumpe32a_active_power,116.61414105476945,2025-06-14T01:00:00.000Z
sensor.11_varmepumpe32a_active_power,982.2390125214056,2025-06-14T02:00:00.000Z
sensor.11_varmepumpe32a_active_power,1179.5190624665,2025-06-14T03:00:00.000Z
sensor.11_varmepumpe32a_active_power,264.4004027061945,2025-06-14T04:00:00.000Z
sensor.11_varmepumpe32a_active_power,110.72654711512223,2025-06-14T05:00:00.000Z
sensor.11_varmepumpe32a_active_power,22.058683850055555,2025-06-14T06:00:00.000Z
sensor.11_varmepumpe32a_active_power,16.163928073666664,2025-06-14T07:00:00.000Z
sensor.11_varmepumpe32a_active_power,60.24575788361111,2025-06-14T08:00:00.000Z
sensor.11_varmepumpe32a_active_power,680.614372309111,2025-06-14T09:00:00.000Z
sensor.11_varmepumpe32a_active_power,490.6082101908333,2025-06-14T10:00:00.000Z
sensor.11_varmepumpe32a_active_power,353.3459122699278,2025-06-14T11:00:00.000Z
sensor.11_varmepumpe32a_active_power,33.16383211211111,2025-06-14T12:00:00.000Z
sensor.11_varmepumpe32a_active_power,32.30514806576389,2025-06-14T13:00:00.000Z
sensor.11_varmepumpe32a_active_power,37.67734487911111,2025-06-14T14:00:00.000Z
sensor.11_varmepumpe32a_active_power,28.554819730216668,2025-06-14T15:00:00.000Z
sensor.11_varmepumpe32a_active_power,874.6895208566943,2025-06-14T16:00:00.000Z
sensor.11_varmepumpe32a_active_power,33.682318387083335,2025-06-14T17:00:00.000Z
sensor.11_varmepumpe32a_active_power,26.788786972805553,2025-06-14T18:00:00.000Z
sensor.11_varmepumpe32a_active_power,18.774714233483333,2025-06-14T19:00:00.000Z
sensor.11_varmepumpe32a_active_power,14.632691128055555,2025-06-14T20:00:00.000Z
sensor.11_varmepumpe32a_active_power,1462.0469032802778,2025-06-14T21:00:00.000Z
sensor.11_varmepumpe32a_active_power,33.19491660766666,2025-06-14T22:00:00.000Z
sensor.11_varmepumpe32a_active_power,158.65873229666664,2025-06-20T18:00:00.000Z
sensor.11_varmepumpe32a_active_power,482.3047221157222,2025-06-20T19:00:00.000Z
sensor.11_varmepumpe32a_active_power,1711.204753130575,2025-06-20T20:00:00.000Z
sensor.11_varmepumpe32a_active_power,106.91236411672223,2025-06-20T21:00:00.000Z
sensor.11_varmepumpe32a_active_power,132.96848423433332,2025-06-20T22:00:00.000Z
sensor.11_varmepumpe32a_active_power,125.35850352055554,2025-06-20T23:00:00.000Z
sensor.11_varmepumpe32a_active_power,281.7884474938889,2025-06-21T00:00:00.000Z
sensor.11_varmepumpe32a_active_power,153.21701826694445,2025-06-21T01:00:00.000Z
sensor.11_varmepumpe32a_active_power,1349.4873220866668,2025-06-21T02:00:00.000Z
sensor.11_varmepumpe32a_active_power,891.244764701389,2025-06-21T03:00:00.000Z
sensor.11_varmepumpe32a_active_power,135.5051378165,2025-06-21T04:00:00.000Z
sensor.11_varmepumpe32a_active_power,141.32040486019446,2025-06-21T05:00:00.000Z
sensor.11_varmepumpe32a_active_power,11.445068836944444,2025-06-21T06:00:00.000Z
sensor.11_varmepumpe32a_active_power,10.832306037499999,2025-06-21T07:00:00.000Z
sensor.11_varmepumpe32a_active_power,137.4594929533889,2025-06-21T08:00:00.000Z
sensor.11_varmepumpe32a_active_power,848.5727279729722,2025-06-21T09:00:00.000Z
sensor.11_varmepumpe32a_active_power,763.2766976661111,2025-06-21T10:00:00.000Z
sensor.11_varmepumpe32a_active_power,711.7019252076666,2025-06-21T11:00:00.000Z
sensor.11_varmepumpe32a_active_power,27.245960674072222,2025-06-21T12:00:00.000Z
sensor.11_varmepumpe32a_active_power,33.18490223738889,2025-06-21T13:00:00.000Z
sensor.11_varmepumpe32a_active_power,30.54370701627778,2025-06-21T14:00:00.000Z
sensor.11_varmepumpe32a_active_power,30.48546262187222,2025-06-21T15:00:00.000Z
sensor.11_varmepumpe32a_active_power,28.537052546500004,2025-06-21T16:00:00.000Z
sensor.11_varmepumpe32a_active_power,26.64176027472222,2025-06-21T17:00:00.000Z
sensor.11_varmepumpe32a_active_power,11.719581417222223,2025-06-21T18:00:00.000Z
sensor.11_varmepumpe32a_active_power,1746.8487494811388,2025-06-21T19:00:00.000Z
sensor.11_varmepumpe32a_active_power,32.12123144933333,2025-06-21T20:00:00.000Z
sensor.11_varmepumpe32a_active_power,206.29804452205556,2025-06-21T21:00:00.000Z
sensor.11_varmepumpe32a_active_power,796.9202693750555,2025-06-21T22:00:00.000Z
sensor.11_varmepumpe32a_active_power,1605.1802223272223,2025-06-21T23:00:00.000Z
sensor.11_varmepumpe32a_active_power,133.30857595805557,2025-06-22T00:00:00.000Z
sensor.11_varmepumpe32a_active_power,166.6803151211111,2025-06-22T01:00:00.000Z
sensor.11_varmepumpe32a_active_power,1245.216309153389,2025-06-22T02:00:00.000Z
sensor.11_varmepumpe32a_active_power,824.2834748367221,2025-06-22T03:00:00.000Z
sensor.11_varmepumpe32a_active_power,145.51863203472223,2025-06-22T04:00:00.000Z
sensor.11_varmepumpe32a_active_power,254.98376514944445,2025-06-22T05:00:00.000Z
sensor.11_varmepumpe32a_active_power,13.308471513444445,2025-06-22T06:00:00.000Z
sensor.11_varmepumpe32a_active_power,9.916557699166667,2025-06-22T07:00:00.000Z
sensor.11_varmepumpe32a_active_power,138.39862612194443,2025-06-22T08:00:00.000Z
sensor.11_varmepumpe32a_active_power,120.83346804388889,2025-06-22T09:00:00.000Z
sensor.11_varmepumpe32a_active_power,732.9627615780555,2025-06-22T10:00:00.000Z
sensor.11_varmepumpe32a_active_power,734.2789654505,2025-06-22T11:00:00.000Z
sensor.11_varmepumpe32a_active_power,30.834483506177776,2025-06-22T12:00:00.000Z
sensor.11_varmepumpe32a_active_power,28.83069218163889,2025-06-22T13:00:00.000Z
sensor.11_varmepumpe32a_active_power,2451.0890363733333,2025-06-22T14:00:00.000Z
sensor.11_varmepumpe32a_active_power,30.078067435625,2025-06-22T15:00:00.000Z
sensor.11_varmepumpe32a_active_power,26.53647056277778,2025-06-22T16:00:00.000Z
sensor.11_varmepumpe32a_active_power,301.8991352725,2025-06-22T17:00:00.000Z
sensor.11_varmepumpe32a_active_power,65.86676546416666,2025-06-22T18:00:00.000Z
sensor.11_varmepumpe32a_active_power,10.731659328888888,2025-06-22T19:00:00.000Z
sensor.11_varmepumpe32a_active_power,836.2141525744445,2025-06-22T20:00:00.000Z
sensor.11_varmepumpe32a_active_power,1625.627922517222,2025-06-22T21:00:00.000Z
sensor.11_varmepumpe32a_active_power,113.84170412016665,2025-06-22T22:00:00.000Z
sensor.11_varmepumpe32a_active_power,139.28264734941666,2025-06-22T23:00:00.000Z
sensor.11_varmepumpe32a_active_power,132.85668982527775,2025-06-23T00:00:00.000Z
sensor.11_varmepumpe32a_active_power,132.47565592994445,2025-06-23T01:00:00.000Z
sensor.11_varmepumpe32a_active_power,686.0778428979166,2025-06-23T02:00:00.000Z
sensor.11_varmepumpe32a_active_power,1313.7619517288888,2025-06-23T03:00:00.000Z
sensor.11_varmepumpe32a_active_power,145.05866446194443,2025-06-23T04:00:00.000Z
sensor.11_varmepumpe32a_active_power,130.41709231583334,2025-06-23T05:00:00.000Z
sensor.11_varmepumpe32a_active_power,13.248916768916667,2025-06-23T06:00:00.000Z
sensor.11_varmepumpe32a_active_power,11.510815113888889,2025-06-23T07:00:00.000Z
sensor.11_varmepumpe32a_active_power,230.74119997191667,2025-06-23T08:00:00.000Z
sensor.11_varmepumpe32a_active_power,149.92247617545834,2025-06-23T09:00:00.000Z
sensor.11_varmepumpe32a_active_power,1138.9259280881945,2025-06-23T10:00:00.000Z
sensor.11_varmepumpe32a_active_power,741.5469192515417,2025-06-23T11:00:00.000Z
sensor.11_varmepumpe32a_active_power,33.80446897993889,2025-06-23T12:00:00.000Z
sensor.11_varmepumpe32a_active_power,35.91595746085277,2025-06-23T13:00:00.000Z
sensor.11_varmepumpe32a_active_power,34.86742294586111,2025-06-23T14:00:00.000Z
sensor.11_varmepumpe32a_active_power,187.9266475856028,2025-06-23T15:00:00.000Z
sensor.11_varmepumpe32a_active_power,139.43107756612224,2025-06-23T16:00:00.000Z
sensor.11_varmepumpe32a_active_power,143.86438946138887,2025-06-23T17:00:00.000Z
sensor.11_varmepumpe32a_active_power,11.185568289166667,2025-06-23T18:00:00.000Z
sensor.11_varmepumpe32a_active_power,20.158171201194445,2025-06-23T19:00:00.000Z
sensor.11_varmepumpe32a_active_power,23.75644558643611,2025-06-23T20:00:00.000Z
sensor.11_varmepumpe32a_active_power,113.7220957221611,2025-06-23T21:00:00.000Z
sensor.11_varmepumpe32a_active_power,9.683717984444444,2025-06-28T11:00:00.000Z
sensor.11_varmepumpe32a_active_power,16.026617363305558,2025-06-28T12:00:00.000Z
sensor.11_varmepumpe32a_active_power,14.691921515333334,2025-06-28T13:00:00.000Z
sensor.11_varmepumpe32a_active_power,9.197638999444445,2025-06-28T14:00:00.000Z
sensor.11_varmepumpe32a_active_power,17.55737254311111,2025-06-28T15:00:00.000Z
sensor.11_varmepumpe32a_active_power,28.04869116175833,2025-06-28T16:00:00.000Z
sensor.11_varmepumpe32a_active_power,20.070321574111112,2025-06-28T17:00:00.000Z
sensor.11_varmepumpe32a_active_power,16.18711227188889,2025-06-28T18:00:00.000Z
sensor.11_varmepumpe32a_active_power,1165.2615195562444,2025-06-28T19:00:00.000Z
sensor.11_varmepumpe32a_active_power,27.959234642083334,2025-06-28T20:00:00.000Z
sensor.11_varmepumpe32a_active_power,27.775725922888885,2025-06-28T21:00:00.000Z
sensor.11_varmepumpe32a_active_power,405.094242056,2025-06-28T22:00:00.000Z
sensor.11_varmepumpe32a_active_power,141.24149181750002,2025-06-28T23:00:00.000Z
sensor.11_varmepumpe32a_active_power,141.2666396625,2025-06-29T00:00:00.000Z
sensor.11_varmepumpe32a_active_power,133.11937751,2025-06-29T01:00:00.000Z
sensor.11_varmepumpe32a_active_power,1211.3845814508334,2025-06-29T02:00:00.000Z
sensor.11_varmepumpe32a_active_power,1379.3644688508332,2025-06-29T03:00:00.000Z
sensor.11_varmepumpe32a_active_power,144.96658633472222,2025-06-29T04:00:00.000Z
sensor.11_varmepumpe32a_active_power,144.6129694811111,2025-06-29T05:00:00.000Z
sensor.11_varmepumpe32a_active_power,12.133880484916666,2025-06-29T06:00:00.000Z
sensor.11_varmepumpe32a_active_power,10.896481541666667,2025-06-29T07:00:00.000Z
sensor.11_varmepumpe32a_active_power,131.02493401733332,2025-06-29T08:00:00.000Z
sensor.11_varmepumpe32a_active_power,1584.8176453841668,2025-06-29T09:00:00.000Z
sensor.11_varmepumpe32a_active_power,884.8855518633335,2025-06-29T10:00:00.000Z
sensor.11_varmepumpe32a_active_power,626.3722816268571,2025-06-29T11:00:00.000Z
sensor.11_varmepumpe32a_active_power,30.888837613025164,2025-06-29T21:00:00.000Z
sensor.11_varmepumpe32a_active_power,32.95739612822778,2025-06-29T22:00:00.000Z
sensor.11_varmepumpe32a_active_power,75.84436923477777,2025-06-29T23:00:00.000Z
sensor.11_varmepumpe32a_active_power,136.5090839990889,2025-06-30T00:00:00.000Z
sensor.11_varmepumpe32a_active_power,107.08155769086112,2025-06-30T01:00:00.000Z
sensor.11_varmepumpe32a_active_power,489.38065753611113,2025-06-30T02:00:00.000Z
sensor.11_varmepumpe32a_active_power,577.7916989838667,2025-06-30T03:00:00.000Z
sensor.11_varmepumpe32a_active_power,142.95775342805555,2025-06-30T04:00:00.000Z
sensor.11_varmepumpe32a_active_power,139.2388244352778,2025-06-30T05:00:00.000Z
sensor.11_varmepumpe32a_active_power,12.946427263888888,2025-06-30T06:00:00.000Z
sensor.11_varmepumpe32a_active_power,10.2420580475,2025-06-30T07:00:00.000Z
sensor.11_varmepumpe32a_active_power,1188.8350049213889,2025-06-30T08:00:00.000Z
sensor.11_varmepumpe32a_active_power,26.843696040833333,2025-06-30T09:00:00.000Z
sensor.11_varmepumpe32a_active_power,525.8167152930278,2025-06-30T10:00:00.000Z
sensor.11_varmepumpe32a_active_power,417.0555848206777,2025-06-30T11:00:00.000Z
sensor.11_varmepumpe32a_active_power,31.931227614266664,2025-06-30T12:00:00.000Z
sensor.11_varmepumpe32a_active_power,30.474073822833333,2025-06-30T13:00:00.000Z
sensor.11_varmepumpe32a_active_power,32.252205998111116,2025-06-30T14:00:00.000Z
sensor.11_varmepumpe32a_active_power,779.8144310269445,2025-06-30T15:00:00.000Z
sensor.11_varmepumpe32a_active_power,539.3656166544445,2025-06-30T16:00:00.000Z
sensor.11_varmepumpe32a_active_power,28.583421655,2025-06-30T17:00:00.000Z
sensor.11_varmepumpe32a_active_power,24.05609425333333,2025-06-30T18:00:00.000Z
sensor.11_varmepumpe32a_active_power,604.0388652572223,2025-06-30T19:00:00.000Z
sensor.11_varmepumpe32a_active_power,28.93382993361111,2025-06-30T20:00:00.000Z
sensor.11_varmepumpe32a_active_power,27.049979760833335,2025-06-30T21:00:00.000Z
sensor.11_varmepumpe32a_active_power,26.925206454999998,2025-06-30T22:00:00.000Z
sensor.11_varmepumpe32a_active_power,unavailable,2026-02-13T12:47:59.423Z
