entity_id,state,last_changed
sensor.11_varmepumpe32a_active_power,26.925206454999998,2025-06-30T22:00:00.000Z
sensor.11_varmepumpe32a_active_power,26.8832337525,2025-06-30T23:00:00.000Z
sensor.11_varmepumpe32a_active_power,392.2364118188889,2025-07-01T00:00:00.000Z
sensor.11_varmepumpe32a_active_power,145.88325869333335,2025-07-01T01:00:00.000Z
sensor.11_varmepumpe32a_active_power,1210.1704075647222,2025-07-01T02:00:00.000Z
sensor.11_varmepumpe32a_active_power,1126.5262489852778,2025-07-01T03:00:00.000Z
sensor.11_varmepumpe32a_active_power,144.93302506416666,2025-07-01T04:00:00.000Z
sensor.11_varmepumpe32a_active_power,143.19725576916667,2025-07-01T05:00:00.000Z
sensor.11_varmepumpe32a_active_power,11.408921675277776,2025-07-01T06:00:00.000Z
sensor.11_varmepumpe32a_active_power,10.047882717222222,2025-07-01T07:00:00.000Z
sensor.11_varmepumpe32a_active_power,111.19830644444444,2025-07-01T08:00:00.000Z
sensor.11_varmepumpe32a_active_power,21.208404500277776,2025-07-01T09:00:00.000Z
sensor.11_varmepumpe32a_active_power,788.6625252083332,2025-07-01T10:00:00.000Z
sensor.11_varmepumpe32a_active_power,695.5123009088888,2025-07-01T11:00:00.000Z
sensor.11_varmepumpe32a_active_power,26.687986959166665,2025-07-01T12:00:00.000Z
sensor.11_varmepumpe32a_active_power,26.95815418111111,2025-07-01T13:00:00.000Z
sensor.11_varmepumpe32a_active_power,26.917407148055556,2025-07-01T14:00:00.000Z
sensor.11_varmepumpe32a_active_power,26.88361770361111,2025-07-01T15:00:00.000Z
sensor.11_varmepumpe32a_active_power,1340.4212601472502,2025-07-01T16:00:00.000Z
sensor.11_varmepumpe32a_active_power,223.74024383999995,2025-07-01T17:00:00.000Z
sensor.11_varmepumpe32a_active_power,21.017094776666667,2025-07-01T18:00:00.000Z
sensor.11_varmepumpe32a_active_power,9.949815065833333,2025-07-01T19:00:00.000Z
sensor.11_varmepumpe32a_active_power,10.016699816944444,2025-07-01T20:00:00.000Z
sensor.11_varmepumpe32a_active_power,21.69332928833333,2025-07-01T21:00:00.000Z
sensor.11_varmepumpe32a_active_power,21.037203317777777,2025-07-01T22:00:00.000Z
sensor.11_varmepumpe32a_active_power,22.64701650902778,2025-07-01T23:00:00.000Z
sensor.11_varmepumpe32a_active_power,22.109704538611112,2025-07-02T00:00:00.000Z
sensor.11_varmepumpe32a_active_power,22.59755882986111,2025-07-02T01:00:00.000Z
sensor.11_varmepumpe32a_active_power,822.4562258186112,2025-07-02T02:00:00.000Z
sensor.11_varmepumpe32a_active_power,520.5239520422778,2025-07-02T03:00:00.000Z
sensor.11_varmepumpe32a_active_power,26.825045964444445,2025-07-02T04:00:00.000Z
sensor.11_varmepumpe32a_active_power,27.683153550944443,2025-07-02T05:00:00.000Z
sensor.11_varmepumpe32a_active_power,20.97574822161111,2025-07-02T06:00:00.000Z
sensor.11_varmepumpe32a_active_power,18.048137539166664,2025-07-02T07:00:00.000Z
sensor.11_varmepumpe32a_active_power,136.11430083394444,2025-07-02T08:00:00.000Z
sensor.11_varmepumpe32a_active_power,124.38600660494444,2025-07-02T09:00:00.000Z
sensor.11_varmepumpe32a_active_power,873.5473382025001,2025-07-02T10:00:00.000Z
sensor.11_varmepumpe32a_active_power,675.2888030759999,2025-07-02T11:00:00.000Z
sensor.11_varmepumpe32a_active_power,27.106278119444443,2025-07-02T12:00:00.000Z
sensor.11_varmepumpe32a_active_power,27.741345014388887,2025-07-02T13:00:00.000Z
sensor.11_varmepumpe32a_active_power,26.63592365138889,2025-07-02T14:00:00.000Z
sensor.11_varmepumpe32a_active_power,26.62199635361111,2025-07-02T15:00:00.000Z
sensor.11_varmepumpe32a_active_power,29.6264632977,2025-07-02T16:00:00.000Z
sensor.11_varmepumpe32a_active_power,31.67914801977778,2025-07-02T17:00:00.000Z
sensor.11_varmepumpe32a_active_power,20.845383085894444,2025-07-02T18:00:00.000Z
sensor.11_varmepumpe32a_active_power,20.58324264535278,2025-07-02T19:00:00.000Z
sensor.11_varmepumpe32a_active_power,20.713121321808334,2025-07-02T20:00:00.000Z
sensor.11_varmepumpe32a_active_power,735.1251796964722,2025-07-02T21:00:00.000Z
sensor.11_varmepumpe32a_active_power,26.569808680000005,2025-07-02T22:00:00.000Z
sensor.11_varmepumpe32a_active_power,28.470921909333335,2025-07-07T17:00:00.000Z
sensor.11_varmepumpe32a_active_power,23.855247797055554,2025-07-07T18:00:00.000Z
sensor.11_varmepumpe32a_active_power,9.991689518888888,2025-07-07T19:00:00.000Z
sensor.11_varmepumpe32a_active_power,10.008270235555555,2025-07-07T20:00:00.000Z
sensor.11_varmepumpe32a_active_power,139.52830928583333,2025-07-07T21:00:00.000Z
sensor.11_varmepumpe32a_active_power,139.22804786944445,2025-07-07T22:00:00.000Z
sensor.11_varmepumpe32a_active_power,121.03231331083333,2025-07-07T23:00:00.000Z
sensor.11_varmepumpe32a_active_power,140.6324665535,2025-07-08T00:00:00.000Z
sensor.11_varmepumpe32a_active_power,282.4285906801944,2025-07-08T01:00:00.000Z
sensor.11_varmepumpe32a_active_power,1130.0692611613888,2025-07-08T02:00:00.000Z
sensor.11_varmepumpe32a_active_power,1594.5923737336113,2025-07-08T03:00:00.000Z
sensor.11_varmepumpe32a_active_power,135.02950607388888,2025-07-08T04:00:00.000Z
sensor.11_varmepumpe32a_active_power,143.5737326186111,2025-07-08T05:00:00.000Z
sensor.11_varmepumpe32a_active_power,12.629012039166666,2025-07-08T06:00:00.000Z
sensor.11_varmepumpe32a_active_power,10.426877307777778,2025-07-08T07:00:00.000Z
sensor.11_varmepumpe32a_active_power,138.60880389416664,2025-07-08T08:00:00.000Z
sensor.11_varmepumpe32a_active_power,1005.602087986389,2025-07-08T09:00:00.000Z
sensor.11_varmepumpe32a_active_power,408.4017916952778,2025-07-08T10:00:00.000Z
sensor.11_varmepumpe32a_active_power,427.24375133583334,2025-07-08T11:00:00.000Z
sensor.11_varmepumpe32a_active_power,26.806283601388888,2025-07-08T12:00:00.000Z
sensor.11_varmepumpe32a_active_power,27.913775143333336,2025-07-08T13:00:00.000Z
sensor.11_varmepumpe32a_active_power,26.990542110277776,2025-07-08T14:00:00.000Z
sensor.11_varmepumpe32a_active_power,1161.8770372908332,2025-07-08T15:00:00.000Z
sensor.11_varmepumpe32a_active_power,263.9232623702778,2025-07-08T16:00:00.000Z
sensor.11_varmepumpe32a_active_power,26.785970010555555,2025-07-08T17:00:00.000Z
sensor.11_varmepumpe32a_active_power,20.24009784472222,2025-07-08T18:00:00.000Z
sensor.11_varmepumpe32a_active_power,10.97052504962963,2025-07-08T19:00:00.000Z
sensor.11_varmepumpe32a_active_power,28.043381694013846,2025-07-14T16:00:00.000Z
sensor.11_varmepumpe32a_active_power,27,2025-08-20T14:00:00.000Z
sensor.11_varmepumpe32a_active_power,61.931945223202455,2025-09-26T07:00:00.000Z
sensor.11_varmepumpe32a_active_power,469.7565471922222,2025-09-26T08:00:00.000Z
sensor.11_varmepumpe32a_active_power,464.81928227749995,2025-09-26T09:00:00.000Z
sensor.11_varmepumpe32a_active_power,1397.6639376736111,2025-09-26T10:00:00.000Z
sensor.11_varmepumpe32a_active_power,694.1845109458333,2025-09-26T11:00:00.000Z
sensor.11_varmepumpe32a_active_power,147.89243972416665,2025-09-26T12:00:00.000Z
sensor.11_varmepumpe32a_active_power,251.5031252466667,2025-09-26T13:00:00.000Z
sensor.11_varmepumpe32a_active_power,145.7363314825,2025-09-26T14:00:00.000Z
sensor.11_varmepumpe32a_active_power,270.96341778166664,2025-09-26T15:00:00.000Z
sensor.11_varmepumpe32a_active_power,144.67526855916665,2025-09-26T16:00:00.000Z
sensor.11_varmepumpe32a_active_power,288.1319750261111,2025-09-26T17:00:00.000Z
sensor.11_varmepumpe32a_active_power,55.63623163138889,2025-09-26T18:00:00.000Z
sensor.11_varmepumpe32a_active_power,63.259593019444445,2025-09-26T19:00:00.000Z
sensor.11_varmepumpe32a_active_power,63.241658023888895,2025-09-26T20:00:00.000Z
sensor.11_varmepumpe32a_active_power,441.71047720999996,2025-09-26T21:00:00.000Z
sensor.11_varmepumpe32a_active_power,480.6081377475,2025-09-26T22:00:00.000Z
sensor.11_varmepumpe32a_active_power,586.6562238894444,2025-09-26T23:00:00.000Z
sensor.11_varmepumpe32a_active_power,551.5127584719444,2025-09-27T00:00:00.000Z
sensor.11_varmepumpe32a_active_power,868.9444270852778,2025-09-27T01:00:00.000Z
sensor.11_varmepumpe32a_active_power,1493.266977483889,2025-09-27T02:00:00.000Z
sensor.11_varmepumpe32a_active_power,1870.1334762369445,2025-09-27T03:00:00.000Z
sensor.11_varmepumpe32a_active_power,567.1652564175,2025-09-27T04:00:00.000Z
sensor.11_varmepumpe32a_active_power,818.1540119322221,2025-09-27T05:00:00.000Z
sensor.11_varmepumpe32a_active_power,41.90464062,2025-09-27T06:00:00.000Z
sensor.11_varmepumpe32a_active_power,62.045864702500005,2025-09-27T07:00:00.000Z
sensor.11_varmepumpe32a_active_power,763.0773811372222,2025-09-27T08:00:00.000Z
sensor.11_varmepumpe32a_active_power,372.0121550058334,2025-09-27T09:00:00.000Z
sensor.11_varmepumpe32a_active_power,1202.7660667236112,2025-09-27T10:00:00.000Z
sensor.11_varmepumpe32a_active_power,953.4106879877778,2025-09-27T11:00:00.000Z
sensor.11_varmepumpe32a_active_power,144.99002332055557,2025-09-27T12:00:00.000Z
sensor.11_varmepumpe32a_active_power,145.72114919472222,2025-09-27T13:00:00.000Z
sensor.11_varmepumpe32a_active_power,145.5964646175,2025-09-27T14:00:00.000Z
sensor.11_varmepumpe32a_active_power,145.1107906836111,2025-09-27T15:00:00.000Z
sensor.11_varmepumpe32a_active_power,144.7695604822222,2025-09-27T16:00:00.000Z
sensor.11_varmepumpe32a_active_power,303.37171819555556,2025-09-27T17:00:00.000Z
sensor.11_varmepumpe32a_active_power,42.66390278833333,2025-09-27T18:00:00.000Z
sensor.11_varmepumpe32a_active_power,62.91188513366667,2025-09-27T19:00:00.000Z
sensor.11_varmepumpe32a_active_power,62.58392398751657,2025-09-27T20:00:00.000Z
sensor.11_varmepumpe32a_active_power,310.00134826777776,2025-09-27T21:00:00.000Z
sensor.11_varmepumpe32a_active_power,777.3947320618777,2025-09-27T22:00:00.000Z
sensor.11_varmepumpe32a_active_power,646.125,2025-09-27T23:00:00.000Z
sensor.11_varmepumpe32a_active_power,751.1847449372965,2025-09-28T00:00:00.000Z
sensor.11_varmepumpe32a_active_power,1133.2,2025-09-28T02:00:00.000Z
sensor.11_varmepumpe32a_active_power,1163.0304679854053,2025-09-28T11:00:00.000Z
sensor.11_varmepumpe32a_active_power,264.0907557075,2025-09-28T12:00:00.000Z
sensor.11_varmepumpe32a_active_power,165.4654836747222,2025-09-28T13:00:00.000Z
sensor.11_varmepumpe32a_active_power,197.49252020138888,2025-09-28T14:00:00.000Z
sensor.11_varmepumpe32a_active_power,283.59747188555554,2025-09-28T15:00:00.000Z
sensor.11_varmepumpe32a_active_power,357.0300179436111,2025-09-28T16:00:00.000Z
sensor.11_varmepumpe32a_active_power,337.7302492947222,2025-09-28T17:00:00.000Z
sensor.11_varmepumpe32a_active_power,61.11852167179822,2025-09-28T18:00:00.000Z
sensor.11_varmepumpe32a_active_power,62.954033540555564,2025-09-28T19:00:00.000Z
sensor.11_varmepumpe32a_active_power,1288.4007468297223,2025-09-28T20:00:00.000Z
sensor.11_varmepumpe32a_active_power,1977.7973860994443,2025-09-28T21:00:00.000Z
sensor.11_varmepumpe32a_active_power,302.89049601805556,2025-09-28T22:00:00.000Z
sensor.11_varmepumpe32a_active_power,504.8892839675,2025-09-28T23:00:00.000Z
sensor.11_varmepumpe32a_active_power,337.5281179155555,2025-09-29T00:00:00.000Z
sensor.11_varmepumpe32a_active_power,337.01837943749996,2025-09-29T01:00:00.000Z
sensor.11_varmepumpe32a_active_power,1231.6677330694445,2025-09-29T02:00:00.000Z
sensor.11_varmepumpe32a_active_power,668.8020285894445,2025-09-29T03:00:00.000Z
sensor.11_varmepumpe32a_active_power,263.4286566927778,2025-09-29T04:00:00.000Z
sensor.11_varmepumpe32a_active_power,309.75129142305553,2025-09-29T05:00:00.000Z
sensor.11_varmepumpe32a_active_power,59.20082842055555,2025-09-29T06:00:00.000Z
sensor.11_varmepumpe32a_active_power,62.66829802555555,2025-09-29T07:00:00.000Z
sensor.11_varmepumpe32a_active_power,340.6104022408333,2025-09-29T08:00:00.000Z
sensor.11_varmepumpe32a_active_power,512.5247784441667,2025-09-29T09:00:00.000Z
sensor.11_varmepumpe32a_active_power,1064.815626511111,2025-09-29T10:00:00.000Z
sensor.11_varmepumpe32a_active_power,1311.4341914841668,2025-09-29T11:00:00.000Z
sensor.11_varmepumpe32a_active_power,145.3014351275,2025-09-29T12:00:00.000Z
sensor.11_varmepumpe32a_active_power,251.53243783722223,2025-09-29T13:00:00.000Z
sensor.11_varmepumpe32a_active_power,265.27794664666663,2025-09-29T14:00:00.000Z
sensor.11_varmepumpe32a_active_power,146.8784127688889,2025-09-29T15:00:00.000Z
sensor.11_varmepumpe32a_active_power,356.4711856830556,2025-09-29T16:00:00.000Z
sensor.11_varmepumpe32a_active_power,375.4382579638889,2025-09-29T17:00:00.000Z
sensor.11_varmepumpe32a_active_power,63.64131550833333,2025-09-29T18:00:00.000Z
sensor.11_varmepumpe32a_active_power,63.02377405861111,2025-09-29T19:00:00.000Z
sensor.11_varmepumpe32a_active_power,172.5234005458333,2025-09-29T20:00:00.000Z
sensor.11_varmepumpe32a_active_power,371.358703765,2025-09-29T21:00:00.000Z
sensor.11_varmepumpe32a_active_power,197.97104796333335,2025-09-29T22:00:00.000Z
sensor.11_varmepumpe32a_active_power,407.88208401972224,2025-09-29T23:00:00.000Z
sensor.11_varmepumpe32a_active_power,504.3611756805556,2025-09-30T00:00:00.000Z
sensor.11_varmepumpe32a_active_power,417.46659964305553,2025-09-30T01:00:00.000Z
sensor.11_varmepumpe32a_active_power,1486.8977801444444,2025-09-30T02:00:00.000Z
sensor.11_varmepumpe32a_active_power,1199.8247631047223,2025-09-30T03:00:00.000Z
sensor.11_varmepumpe32a_active_power,144.0967172236111,2025-09-30T04:00:00.000Z
sensor.11_varmepumpe32a_active_power,670.2826540163888,2025-09-30T05:00:00.000Z
sensor.11_varmepumpe32a_active_power,38.70204818166667,2025-09-30T06:00:00.000Z
sensor.11_varmepumpe32a_active_power,62.827749331388894,2025-09-30T07:00:00.000Z
sensor.11_varmepumpe32a_active_power,624.0659450669444,2025-09-30T08:00:00.000Z
sensor.11_varmepumpe32a_active_power,181.56313031055558,2025-09-30T09:00:00.000Z
sensor.11_varmepumpe32a_active_power,1137.4586722030556,2025-09-30T10:00:00.000Z
sensor.11_varmepumpe32a_active_power,721.0052798232141,2025-09-30T11:00:00.000Z
sensor.11_varmepumpe32a_active_power,618.4474497661112,2025-09-30T12:00:00.000Z
sensor.11_varmepumpe32a_active_power,1028.2727942816666,2025-09-30T13:00:00.000Z
sensor.11_varmepumpe32a_active_power,641.7559775694444,2025-09-30T14:00:00.000Z
sensor.11_varmepumpe32a_active_power,558.6868411466667,2025-09-30T15:00:00.000Z
sensor.11_varmepumpe32a_active_power,1004.9442133169445,2025-09-30T16:00:00.000Z
sensor.11_varmepumpe32a_active_power,272.72942376111115,2025-09-30T17:00:00.000Z
sensor.11_varmepumpe32a_active_power,44.152094087222224,2025-09-30T18:00:00.000Z
sensor.11_varmepumpe32a_active_power,62.966290971388894,2025-09-30T19:00:00.000Z
sensor.11_varmepumpe32a_active_power,63.06556597611111,2025-09-30T20:00:00.000Z
sensor.11_varmepumpe32a_active_power,901.2908094308333,2025-09-30T21:00:00.000Z
sensor.11_varmepumpe32a_active_power,558.6943070191667,2025-09-30T22:00:00.000Z
sensor.11_varmepumpe32a_active_power,598.4034839875,2025-09-30T23:00:00.000Z
sensor.11_varmepumpe32a_active_power,990.5317462136112,2025-10-01T00:00:00.000Z
sensor.11_varmepumpe32a_active_power,652.1460895513889,2025-10-01T01:00:00.000Z
sensor.11_varmepumpe32a_active_power,1962.913273126389,2025-10-01T02:00:00.000Z
sensor.11_varmepumpe32a_active_power,1372.5739450794445,2025-10-01T03:00:00.000Z
sensor.11_varmepumpe32a_active_power,756.8654835141666,2025-10-01T04:00:00.000Z
sensor.11_varmepumpe32a_active_power,1041.261520277161,2025-10-01T05:00:00.000Z
sensor.11_varmepumpe32a_active_power,48.301944488611106,2025-10-01T06:00:00.000Z
sensor.11_varmepumpe32a_active_power,664.5930276511111,2025-10-01T07:00:00.000Z
sensor.11_varmepumpe32a_active_power,477.0030369555555,2025-10-01T08:00:00.000Z
sensor.11_varmepumpe32a_active_power,437.2201780130556,2025-10-01T09:00:00.000Z
sensor.11_varmepumpe32a_active_power,993.0780436161111,2025-10-01T10:00:00.000Z
sensor.11_varmepumpe32a_active_power,942.3278337522414,2025-10-01T11:00:00.000Z
sensor.11_varmepumpe32a_active_power,416.2667927396366,2025-10-01T12:00:00.000Z
sensor.11_varmepumpe32a_active_power,191.09000101888887,2025-10-01T13:00:00.000Z
sensor.11_varmepumpe32a_active_power,628.8006801097222,2025-10-01T14:00:00.000Z
sensor.11_varmepumpe32a_active_power,534.9422735375,2025-10-01T15:00:00.000Z
sensor.11_varmepumpe32a_active_power,412.14242372555555,2025-10-01T16:00:00.000Z
sensor.11_varmepumpe32a_active_power,196.91369689444446,2025-10-01T17:00:00.000Z
sensor.11_varmepumpe32a_active_power,63.78371702305555,2025-10-01T18:00:00.000Z
sensor.11_varmepumpe32a_active_power,63.11842603333333,2025-10-01T19:00:00.000Z
sensor.11_varmepumpe32a_active_power,63.21261281361111,2025-10-01T20:00:00.000Z
sensor.11_varmepumpe32a_active_power,862.1861189683333,2025-10-01T21:00:00.000Z
sensor.11_varmepumpe32a_active_power,466.07344928555557,2025-10-01T22:00:00.000Z
sensor.11_varmepumpe32a_active_power,738.6751302255972,2025-10-01T23:00:00.000Z
sensor.11_varmepumpe32a_active_power,429.55161628638893,2025-10-02T00:00:00.000Z
sensor.11_varmepumpe32a_active_power,664.4427474675,2025-10-02T01:00:00.000Z
sensor.11_varmepumpe32a_active_power,1621.848522608333,2025-10-02T02:00:00.000Z
sensor.11_varmepumpe32a_active_power,1487.1027641905555,2025-10-02T03:00:00.000Z
sensor.11_varmepumpe32a_active_power,990.825627191111,2025-10-02T04:00:00.000Z
sensor.11_varmepumpe32a_active_power,563.4531531023716,2025-10-02T05:00:00.000Z
sensor.11_varmepumpe32a_active_power,21.53168093416667,2025-10-02T06:00:00.000Z
sensor.11_varmepumpe32a_active_power,9.49744504975374,2025-10-02T07:00:00.000Z
sensor.11_varmepumpe32a_active_power,1287.0805915897222,2025-10-02T08:00:00.000Z
sensor.11_varmepumpe32a_active_power,571.6524791236111,2025-10-02T09:00:00.000Z
sensor.11_varmepumpe32a_active_power,1094.681839511111,2025-10-02T10:00:00.000Z
sensor.11_varmepumpe32a_active_power,674.3176265463889,2025-10-02T11:00:00.000Z
sensor.11_varmepumpe32a_active_power,264.94683869888894,2025-10-02T12:00:00.000Z
sensor.11_varmepumpe32a_active_power,163.16610489876803,2025-10-02T13:00:00.000Z
sensor.11_varmepumpe32a_active_power,472.89578911503014,2025-10-02T14:00:00.000Z
sensor.11_varmepumpe32a_active_power,248.44676709222222,2025-10-02T15:00:00.000Z
sensor.11_varmepumpe32a_active_power,177.82036233944442,2025-10-02T16:00:00.000Z
sensor.11_varmepumpe32a_active_power,432.92401137166667,2025-10-02T19:00:00.000Z
sensor.11_varmepumpe32a_active_power,517.1242444505556,2025-10-02T20:00:00.000Z
sensor.11_varmepumpe32a_active_power,575.0026815479464,2025-10-02T21:00:00.000Z
sensor.11_varmepumpe32a_active_power,331.09291714222223,2025-10-02T22:00:00.000Z
sensor.11_varmepumpe32a_active_power,342.52000924722216,2025-10-02T23:00:00.000Z
sensor.11_varmepumpe32a_active_power,497.5279578122222,2025-10-03T00:00:00.000Z
sensor.11_varmepumpe32a_active_power,542.6843365319445,2025-10-03T01:00:00.000Z
sensor.11_varmepumpe32a_active_power,1555.951154381111,2025-10-03T02:00:00.000Z
sensor.11_varmepumpe32a_active_power,1728.9103310680555,2025-10-03T03:00:00.000Z
sensor.11_varmepumpe32a_active_power,586.7779252419444,2025-10-03T04:00:00.000Z
sensor.11_varmepumpe32a_active_power,425.9274887352778,2025-10-03T05:00:00.000Z
sensor.11_varmepumpe32a_active_power,59.04972515472222,2025-10-03T06:00:00.000Z
sensor.11_varmepumpe32a_active_power,62.19646224444444,2025-10-03T07:00:00.000Z
sensor.11_varmepumpe32a_active_power,733.7510135902777,2025-10-03T08:00:00.000Z
sensor.11_varmepumpe32a_active_power,198.21467855472224,2025-10-03T09:00:00.000Z
sensor.11_varmepumpe32a_active_power,1563.7622015511113,2025-10-03T10:00:00.000Z
sensor.11_varmepumpe32a_active_power,1528.3963031388887,2025-10-03T11:00:00.000Z
sensor.11_varmepumpe32a_active_power,252.03321542555554,2025-10-03T12:00:00.000Z
sensor.11_varmepumpe32a_active_power,157.04791645666668,2025-10-03T13:00:00.000Z
sensor.11_varmepumpe32a_active_power,203.754083855,2025-10-03T14:00:00.000Z
sensor.11_varmepumpe32a_active_power,428.17861318194446,2025-10-03T15:00:00.000Z
sensor.11_varmepumpe32a_active_power,442.06308095027777,2025-10-03T16:00:00.000Z
sensor.11_varmepumpe32a_active_power,388.7291812525,2025-10-03T17:00:00.000Z
sensor.11_varmepumpe32a_active_power,56.11869394083334,2025-10-03T18:00:00.000Z
sensor.11_varmepumpe32a_active_power,62.71123000555556,2025-10-03T19:00:00.000Z
sensor.11_varmepumpe32a_active_power,62.564753833611114,2025-10-03T20:00:00.000Z
sensor.11_varmepumpe32a_active_power,955.3330819241665,2025-10-03T21:00:00.000Z
sensor.11_varmepumpe32a_active_power,1116.2113923730556,2025-10-03T22:00:00.000Z
sensor.11_varmepumpe32a_active_power,661.1659930416666,2025-10-03T23:00:00.000Z
sensor.11_varmepumpe32a_active_power,761.0690846494444,2025-10-04T00:00:00.000Z
sensor.11_varmepumpe32a_active_power,770.2537530805556,2025-10-04T01:00:00.000Z
sensor.11_varmepumpe32a_active_power,1579.9780965141665,2025-10-04T02:00:00.000Z
sensor.11_varmepumpe32a_active_power,1857.0493919294443,2025-10-04T03:00:00.000Z
sensor.11_varmepumpe32a_active_power,280.1576913566667,2025-10-04T04:00:00.000Z
sensor.11_varmepumpe32a_active_power,935.5310220077778,2025-10-04T05:00:00.000Z
sensor.11_varmepumpe32a_active_power,50.85620622472222,2025-10-04T06:00:00.000Z
sensor.11_varmepumpe32a_active_power,62.10328399055555,2025-10-04T07:00:00.000Z
sensor.11_varmepumpe32a_active_power,867.9356208219443,2025-10-04T08:00:00.000Z
sensor.11_varmepumpe32a_active_power,1034.6556976563888,2025-10-04T09:00:00.000Z
sensor.11_varmepumpe32a_active_power,1086.8663470419444,2025-10-04T10:00:00.000Z
sensor.11_varmepumpe32a_active_power,1589.0231357861112,2025-10-04T11:00:00.000Z
sensor.11_varmepumpe32a_active_power,649.2328597494444,2025-10-04T12:00:00.000Z
sensor.11_varmepumpe32a_active_power,1014.3029278736111,2025-10-04T13:00:00.000Z
sensor.11_varmepumpe32a_active_power,742.4046438,2025-10-04T14:00:00.000Z
sensor.11_varmepumpe32a_active_power,849.3175810555555,2025-10-04T15:00:00.000Z
sensor.11_varmepumpe32a_active_power,183.2848352672222,2025-10-04T16:00:00.000Z
sensor.11_varmepumpe32a_active_power,687.4357639875001,2025-10-04T17:00:00.000Z
sensor.11_varmepumpe32a_active_power,54.757386455833334,2025-10-04T18:00:00.000Z
sensor.11_varmepumpe32a_active_power,63.036084906111114,2025-10-04T19:00:00.000Z
sensor.11_varmepumpe32a_active_power,62.596989129722225,2025-10-04T20:00:00.000Z
sensor.11_varmepumpe32a_active_power,757.3429388333333,2025-10-04T21:00:00.000Z
sensor.11_varmepumpe32a_active_power,700.6198291143279,2025-10-04T22:00:00.000Z
sensor.11_varmepumpe32a_active_power,465.08692153833334,2025-10-04T23:00:00.000Z
sensor.11_varmepumpe32a_active_power,692.162269333889,2025-10-05T00:00:00.000Z
sensor.11_varmepumpe32a_active_power,511.8578463852778,2025-10-05T01:00:00.000Z
sensor.11_varmepumpe32a_active_power,1465.4004674936111,2025-10-05T02:00:00.000Z
sensor.11_varmepumpe32a_active_power,1844.571866766111,2025-10-05T03:00:00.000Z
sensor.11_varmepumpe32a_active_power,143.96566146583334,2025-10-05T04:00:00.000Z
sensor.11_varmepumpe32a_active_power,145.61499936194443,2025-10-05T05:00:00.000Z
sensor.11_varmepumpe32a_active_power,62.86254286111111,2025-10-05T06:00:00.000Z
sensor.11_varmepumpe32a_active_power,61.697794288333334,2025-10-05T07:00:00.000Z
sensor.11_varmepumpe32a_active_power,886.4069945475,2025-10-05T08:00:00.000Z
sensor.11_varmepumpe32a_active_power,251.61173243583332,2025-10-05T09:00:00.000Z
sensor.11_varmepumpe32a_active_power,1316.0963901494445,2025-10-05T10:00:00.000Z
sensor.11_varmepumpe32a_active_power,1122.6630419766668,2025-10-05T11:00:00.000Z
sensor.11_varmepumpe32a_active_power,889.0324354647223,2025-10-05T12:00:00.000Z
sensor.11_varmepumpe32a_active_power,1112.9459821672224,2025-10-05T13:00:00.000Z
sensor.11_varmepumpe32a_active_power,346.84700294972225,2025-10-05T14:00:00.000Z
sensor.11_varmepumpe32a_active_power,1952.6327598016667,2025-10-05T15:00:00.000Z
sensor.11_varmepumpe32a_active_power,292.0219278822222,2025-10-05T16:00:00.000Z
sensor.11_varmepumpe32a_active_power,321.96907782333335,2025-10-05T17:00:00.000Z
sensor.11_varmepumpe32a_active_power,63.925130538055555,2025-10-05T18:00:00.000Z
sensor.11_varmepumpe32a_active_power,63.046124295277785,2025-10-05T19:00:00.000Z
sensor.11_varmepumpe32a_active_power,63.24729403944445,2025-10-05T20:00:00.000Z
sensor.11_varmepumpe32a_active_power,345.40688348722216,2025-10-05T21:00:00.000Z
sensor.11_varmepumpe32a_active_power,368.22473299111107,2025-10-05T22:00:00.000Z
sensor.11_varmepumpe32a_active_power,1757.7602753627777,2025-10-05T23:00:00.000Z
sensor.11_varmepumpe32a_active_power,641.1589365511111,2025-10-06T00:00:00.000Z
sensor.11_varmepumpe32a_active_power,674.3155407411111,2025-10-06T01:00:00.000Z
sensor.11_varmepumpe32a_active_power,1509.595677898889,2025-10-06T02:00:00.000Z
sensor.11_varmepumpe32a_active_power,1197.6880623494444,2025-10-06T03:00:00.000Z
sensor.11_varmepumpe32a_active_power,493.76056083833333,2025-10-06T04:00:00.000Z
sensor.11_varmepumpe32a_active_power,171.1522307716667,2025-10-06T05:00:00.000Z
sensor.11_varmepumpe32a_active_power,525.1134464702777,2025-10-06T06:00:00.000Z
sensor.11_varmepumpe32a_active_power,356.49216303083335,2025-10-06T07:00:00.000Z
sensor.11_varmepumpe32a_active_power,195.81841358361112,2025-10-06T08:00:00.000Z
sensor.11_varmepumpe32a_active_power,593.4684016880556,2025-10-06T09:00:00.000Z
sensor.11_varmepumpe32a_active_power,1143.8801982425,2025-10-06T10:00:00.000Z
sensor.11_varmepumpe32a_active_power,766.9087872766667,2025-10-06T11:00:00.000Z
sensor.11_varmepumpe32a_active_power,249.4387891363889,2025-10-06T12:00:00.000Z
sensor.11_varmepumpe32a_active_power,352.30224966277774,2025-10-06T13:00:00.000Z
sensor.11_varmepumpe32a_active_power,200.80754171888887,2025-10-06T14:00:00.000Z
sensor.11_varmepumpe32a_active_power,348.6874634458333,2025-10-06T15:00:00.000Z
sensor.11_varmepumpe32a_active_power,382.4073705522222,2025-10-06T16:00:00.000Z
sensor.11_varmepumpe32a_active_power,277.83507612638886,2025-10-06T17:00:00.000Z
sensor.11_varmepumpe32a_active_power,59.8430116125,2025-10-06T18:00:00.000Z
sensor.11_varmepumpe32a_active_power,275.1716590713889,2025-10-06T19:00:00.000Z
sensor.11_varmepumpe32a_active_power,176.510596425,2025-10-06T20:00:00.000Z
sensor.11_varmepumpe32a_active_power,537.5988275519445,2025-10-06T21:00:00.000Z
sensor.11_varmepumpe32a_active_power,287.20477110694446,2025-10-06T22:00:00.000Z
sensor.11_varmepumpe32a_active_power,570.7072643922222,2025-10-06T23:00:00.000Z
sensor.11_varmepumpe32a_active_power,176.0359384186111,2025-10-07T00:00:00.000Z
sensor.11_varmepumpe32a_active_power,418.41668904638885,2025-10-07T01:00:00.000Z
sensor.11_varmepumpe32a_active_power,1227.6925547961112,2025-10-07T02:00:00.000Z
sensor.11_varmepumpe32a_active_power,1236.3418168174999,2025-10-07T03:00:00.000Z
sensor.11_varmepumpe32a_active_power,379.61124657027773,2025-10-07T04:00:00.000Z
sensor.11_varmepumpe32a_active_power,166.89350327555556,2025-10-07T05:00:00.000Z
sensor.11_varmepumpe32a_active_power,62.69016528166667,2025-10-07T06:00:00.000Z
sensor.11_varmepumpe32a_active_power,317.3225965327778,2025-10-07T07:00:00.000Z
sensor.11_varmepumpe32a_active_power,353.5381125858333,2025-10-07T08:00:00.000Z
sensor.11_varmepumpe32a_active_power,356.21342026111114,2025-10-07T09:00:00.000Z
sensor.11_varmepumpe32a_active_power,1113.7172099283332,2025-10-07T10:00:00.000Z
sensor.11_varmepumpe32a_active_power,885.8298945033334,2025-10-07T11:00:00.000Z
sensor.11_varmepumpe32a_active_power,260.5558075163889,2025-10-07T12:00:00.000Z
sensor.11_varmepumpe32a_active_power,145.05443160027778,2025-10-07T13:00:00.000Z
sensor.11_varmepumpe32a_active_power,145.1823422738889,2025-10-07T14:00:00.000Z
sensor.11_varmepumpe32a_active_power,400.7969414513889,2025-10-07T15:00:00.000Z
sensor.11_varmepumpe32a_active_power,244.01720775833334,2025-10-07T16:00:00.000Z
sensor.11_varmepumpe32a_active_power,1710.8043547527777,2025-10-07T17:00:00.000Z
sensor.11_varmepumpe32a_active_power,213.64834927,2025-10-07T18:00:00.000Z
sensor.11_varmepumpe32a_active_power,325.7609030833334,2025-10-07T19:00:00.000Z
sensor.11_varmepumpe32a_active_power,333.4937333419444,2025-10-07T20:00:00.000Z
sensor.11_varmepumpe32a_active_power,318.7627551388889,2025-10-07T21:00:00.000Z
sensor.11_varmepumpe32a_active_power,340.5967321338889,2025-10-07T22:00:00.000Z
sensor.11_varmepumpe32a_active_power,327.4203643277778,2025-10-07T23:00:00.000Z
sensor.11_varmepumpe32a_active_power,345.7469324216666,2025-10-08T00:00:00.000Z
sensor.11_varmepumpe32a_active_power,346.30341751916666,2025-10-08T01:00:00.000Z
sensor.11_varmepumpe32a_active_power,1548.737849598889,2025-10-08T02:00:00.000Z
sensor.11_varmepumpe32a_active_power,1357.5227213649998,2025-10-08T03:00:00.000Z
sensor.11_varmepumpe32a_active_power,395.5160400736111,2025-10-08T04:00:00.000Z
sensor.11_varmepumpe32a_active_power,171.59132291722221,2025-10-08T05:00:00.000Z
sensor.11_varmepumpe32a_active_power,79.1721279011111,2025-10-08T06:00:00.000Z
sensor.11_varmepumpe32a_active_power,613.3974273438889,2025-10-08T07:00:00.000Z
sensor.11_varmepumpe32a_active_power,745.460176858889,2025-10-08T08:00:00.000Z
sensor.11_varmepumpe32a_active_power,428.6279179358333,2025-10-08T09:00:00.000Z
sensor.11_varmepumpe32a_active_power,1538.9420901016667,2025-10-08T10:00:00.000Z
sensor.11_varmepumpe32a_active_power,776.1833764197222,2025-10-08T11:00:00.000Z
sensor.11_varmepumpe32a_active_power,257.4539861213889,2025-10-08T12:00:00.000Z
sensor.11_varmepumpe32a_active_power,302.5537306113889,2025-10-08T13:00:00.000Z
sensor.11_varmepumpe32a_active_power,344.12289988222227,2025-10-08T14:00:00.000Z
sensor.11_varmepumpe32a_active_power,329.26691286500005,2025-10-08T15:00:00.000Z
sensor.11_varmepumpe32a_active_power,327.63101019805555,2025-10-08T16:00:00.000Z
sensor.11_varmepumpe32a_active_power,476.13795488638885,2025-10-08T17:00:00.000Z
sensor.11_varmepumpe32a_active_power,293.93574482888886,2025-10-08T18:00:00.000Z
sensor.11_varmepumpe32a_active_power,479.87123269722224,2025-10-08T19:00:00.000Z
sensor.11_varmepumpe32a_active_power,522.8241000422222,2025-10-08T20:00:00.000Z
sensor.11_varmepumpe32a_active_power,631.4110342600001,2025-10-08T21:00:00.000Z
sensor.11_varmepumpe32a_active_power,861.1135709472223,2025-10-08T22:00:00.000Z
sensor.11_varmepumpe32a_active_power,1252.7993322388888,2025-10-08T23:00:00.000Z
sensor.11_varmepumpe32a_active_power,732.2552001141667,2025-10-09T00:00:00.000Z
sensor.11_varmepumpe32a_active_power,992.6814225130556,2025-10-09T01:00:00.000Z
sensor.11_varmepumpe32a_active_power,1877.7347876522224,2025-10-09T02:00:00.000Z
sensor.11_varmepumpe32a_active_power,1209.661154812222,2025-10-09T03:00:00.000Z
sensor.11_varmepumpe32a_active_power,1310.1472482991667,2025-10-09T04:00:00.000Z
sensor.11_varmepumpe32a_active_power,683.3380698116667,2025-10-09T05:00:00.000Z
sensor.11_varmepumpe32a_active_power,53.92927623361111,2025-10-09T06:00:00.000Z
sensor.11_varmepumpe32a_active_power,62.05518481444444,2025-10-09T07:00:00.000Z
sensor.11_varmepumpe32a_active_power,993.1147031002778,2025-10-09T08:00:00.000Z
sensor.11_varmepumpe32a_active_power,518.1024357583334,2025-10-09T09:00:00.000Z
sensor.11_varmepumpe32a_active_power,1461.1214467549999,2025-10-09T10:00:00.000Z
sensor.11_varmepumpe32a_active_power,1435.56034742,2025-10-09T11:00:00.000Z
sensor.11_varmepumpe32a_active_power,635.9259107027777,2025-10-09T12:00:00.000Z
sensor.11_varmepumpe32a_active_power,167.13569844694445,2025-10-09T13:00:00.000Z
sensor.11_varmepumpe32a_active_power,460.83363491277777,2025-10-09T14:00:00.000Z
sensor.11_varmepumpe32a_active_power,192.42683070944443,2025-10-09T15:00:00.000Z
sensor.11_varmepumpe32a_active_power,364.26133975,2025-10-09T16:00:00.000Z
sensor.11_varmepumpe32a_active_power,621.2526450294445,2025-10-09T17:00:00.000Z
sensor.11_varmepumpe32a_active_power,432.75870972,2025-10-09T18:00:00.000Z
sensor.11_varmepumpe32a_active_power,1037.9127021603579,2025-10-09T19:00:00.000Z
sensor.11_varmepumpe32a_active_power,740.7772020377779,2025-10-09T20:00:00.000Z
sensor.11_varmepumpe32a_active_power,996.4402526469445,2025-10-09T21:00:00.000Z
sensor.11_varmepumpe32a_active_power,1331.9571266688888,2025-10-09T22:00:00.000Z
sensor.11_varmepumpe32a_active_power,923.3736172461112,2025-10-09T23:00:00.000Z
sensor.11_varmepumpe32a_active_power,940.2992648027777,2025-10-10T00:00:00.000Z
sensor.11_varmepumpe32a_active_power,1219.1167044222223,2025-10-10T01:00:00.000Z
sensor.11_varmepumpe32a_active_power,1880.2946825572224,2025-10-10T02:00:00.000Z
sensor.11_varmepumpe32a_active_power,2064.8030991055552,2025-10-10T03:00:00.000Z
sensor.11_varmepumpe32a_active_power,932.4121016822223,2025-10-10T04:00:00.000Z
sensor.11_varmepumpe32a_active_power,1078.1808425919446,2025-10-10T05:00:00.000Z
sensor.11_varmepumpe32a_active_power,55.97769054138889,2025-10-10T06:00:00.000Z
sensor.11_varmepumpe32a_active_power,62.799493502500006,2025-10-10T07:00:00.000Z
sensor.11_varmepumpe32a_active_power,1042.0977572041668,2025-10-10T08:00:00.000Z
sensor.11_varmepumpe32a_active_power,446.47667092166665,2025-10-10T09:00:00.000Z
sensor.11_varmepumpe32a_active_power,1174.9245590819444,2025-10-10T10:00:00.000Z
sensor.11_varmepumpe32a_active_power,1053.991433508889,2025-10-10T11:00:00.000Z
sensor.11_varmepumpe32a_active_power,995.4798691544444,2025-10-10T12:00:00.000Z
sensor.11_varmepumpe32a_active_power,591.2880408511111,2025-10-10T13:00:00.000Z
sensor.11_varmepumpe32a_active_power,483.64813079305554,2025-10-10T14:00:00.000Z
sensor.11_varmepumpe32a_active_power,142.07273539666667,2025-10-10T15:00:00.000Z
sensor.11_varmepumpe32a_active_power,3398.4250929207396,2025-10-11T10:00:00.000Z
sensor.11_varmepumpe32a_active_power,263.1053326057576,2025-10-11T13:00:00.000Z
sensor.11_varmepumpe32a_active_power,735.8673881122222,2025-10-11T14:00:00.000Z
sensor.11_varmepumpe32a_active_power,272.22213855555555,2025-10-11T15:00:00.000Z
sensor.11_varmepumpe32a_active_power,366.65607502850503,2025-10-11T17:00:00.000Z
sensor.11_varmepumpe32a_active_power,417.9891153152778,2025-10-11T18:00:00.000Z
sensor.11_varmepumpe32a_active_power,370.96926876277774,2025-10-11T19:00:00.000Z
sensor.11_varmepumpe32a_active_power,368.0638542830556,2025-10-11T20:00:00.000Z
sensor.11_varmepumpe32a_active_power,303.40900304,2025-10-11T21:00:00.000Z
sensor.11_varmepumpe32a_active_power,476.20487822555555,2025-10-11T22:00:00.000Z
sensor.11_varmepumpe32a_active_power,243.8678863236111,2025-10-11T23:00:00.000Z
sensor.11_varmepumpe32a_active_power,254.01362427138892,2025-10-12T00:00:00.000Z
sensor.11_varmepumpe32a_active_power,340.88511441527777,2025-10-12T01:00:00.000Z
sensor.11_varmepumpe32a_active_power,1363.7562959302777,2025-10-12T02:00:00.000Z
sensor.11_varmepumpe32a_active_power,323.09484572527776,2025-10-12T03:00:00.000Z
sensor.11_varmepumpe32a_active_power,626.6148247869445,2025-10-12T04:00:00.000Z
sensor.11_varmepumpe32a_active_power,456.18350848694445,2025-10-12T05:00:00.000Z
sensor.11_varmepumpe32a_active_power,1282.400175076111,2025-10-12T06:00:00.000Z
sensor.11_varmepumpe32a_active_power,893.9596624480556,2025-10-12T07:00:00.000Z
sensor.11_varmepumpe32a_active_power,487.1664212163889,2025-10-12T08:00:00.000Z
sensor.11_varmepumpe32a_active_power,691.4866489538889,2025-10-12T09:00:00.000Z
sensor.11_varmepumpe32a_active_power,1031.3165113144444,2025-10-12T10:00:00.000Z
sensor.11_varmepumpe32a_active_power,333.91832211055555,2025-10-12T11:00:00.000Z
sensor.11_varmepumpe32a_active_power,298.1566159594444,2025-10-12T12:00:00.000Z
sensor.11_varmepumpe32a_active_power,192.33259923666665,2025-10-12T13:00:00.000Z
sensor.11_varmepumpe32a_active_power,197.96896542472223,2025-10-12T14:00:00.000Z
sensor.11_varmepumpe32a_active_power,197.8373351855556,2025-10-12T15:00:00.000Z
sensor.11_varmepumpe32a_active_power,571.2831669047222,2025-10-12T16:00:00.000Z
sensor.11_varmepumpe32a_active_power,734.0334827072221,2025-10-12T17:00:00.000Z
sensor.11_varmepumpe32a_active_power,549.8906498891666,2025-10-12T18:00:00.000Z
sensor.11_varmepumpe32a_active_power,827.4618283344444,2025-10-12T19:00:00.000Z
sensor.11_varmepumpe32a_active_power,823.5615893205555,2025-10-12T20:00:00.000Z
sensor.11_varmepumpe32a_active_power,800.8390817241666,2025-10-12T21:00:00.000Z
sensor.11_varmepumpe32a_active_power,757.366192245799,2025-10-12T22:00:00.000Z
sensor.11_varmepumpe32a_active_power,1530.9496856185258,2025-10-12T23:00:00.000Z
sensor.11_varmepumpe32a_active_power,2415.124005328333,2025-10-13T00:00:00.000Z
sensor.11_varmepumpe32a_active_power,781.6365907172966,2025-10-13T01:00:00.000Z
sensor.11_varmepumpe32a_active_power,789.2130742125228,2025-10-13T02:00:00.000Z
sensor.11_varmepumpe32a_active_power,715.3246805962805,2025-10-13T03:00:00.000Z
sensor.11_varmepumpe32a_active_power,780.1692608697222,2025-10-13T04:00:00.000Z
sensor.11_varmepumpe32a_active_power,754.4310140850001,2025-10-13T05:00:00.000Z
sensor.11_varmepumpe32a_active_power,975.6515048327778,2025-10-13T06:00:00.000Z
sensor.11_varmepumpe32a_active_power,1482.340986089722,2025-10-13T07:00:00.000Z
sensor.11_varmepumpe32a_active_power,1218.8143495358333,2025-10-13T08:00:00.000Z
sensor.11_varmepumpe32a_active_power,718.4088890144444,2025-10-13T09:00:00.000Z
sensor.11_varmepumpe32a_active_power,899.5752253325601,2025-10-13T10:00:00.000Z
sensor.11_varmepumpe32a_active_power,655.8825929636386,2025-10-13T11:00:00.000Z
sensor.11_varmepumpe32a_active_power,707.5901495502029,2025-10-13T12:00:00.000Z
sensor.11_varmepumpe32a_active_power,441.28344654555553,2025-10-13T13:00:00.000Z
sensor.11_varmepumpe32a_active_power,508.549164932288,2025-10-13T14:00:00.000Z
sensor.11_varmepumpe32a_active_power,172.61571230250797,2025-10-13T15:00:00.000Z
sensor.11_varmepumpe32a_active_power,444.6841670388226,2025-10-13T16:00:00.000Z
sensor.11_varmepumpe32a_active_power,447.5110758797222,2025-10-13T17:00:00.000Z
sensor.11_varmepumpe32a_active_power,537.5997338441667,2025-10-13T18:00:00.000Z
sensor.11_varmepumpe32a_active_power,1258.7862230627777,2025-10-13T19:00:00.000Z
sensor.11_varmepumpe32a_active_power,1287.5027907125,2025-10-13T20:00:00.000Z
sensor.11_varmepumpe32a_active_power,668.4783999836111,2025-10-13T21:00:00.000Z
sensor.11_varmepumpe32a_active_power,447.40313315235494,2025-10-13T22:00:00.000Z
sensor.11_varmepumpe32a_active_power,332.5763841280555,2025-10-13T23:00:00.000Z
sensor.11_varmepumpe32a_active_power,526.6288567514721,2025-10-14T00:00:00.000Z
sensor.11_varmepumpe32a_active_power,380.7302513932129,2025-10-14T01:00:00.000Z
sensor.11_varmepumpe32a_active_power,599.4694387319445,2025-10-14T02:00:00.000Z
sensor.11_varmepumpe32a_active_power,206.27806931568776,2025-10-14T03:00:00.000Z
sensor.11_varmepumpe32a_active_power,665.2996071255556,2025-10-14T04:00:00.000Z
sensor.11_varmepumpe32a_active_power,754.4554870483333,2025-10-14T05:00:00.000Z
sensor.11_varmepumpe32a_active_power,41.556895422167344,2025-10-14T06:00:00.000Z
sensor.11_varmepumpe32a_active_power,838.4542733713888,2025-10-14T07:00:00.000Z
sensor.11_varmepumpe32a_active_power,736.1423953115435,2025-10-14T08:00:00.000Z
sensor.11_varmepumpe32a_active_power,555.0161994595096,2025-10-14T09:00:00.000Z
sensor.11_varmepumpe32a_active_power,1061.6040671755554,2025-10-14T10:00:00.000Z
sensor.11_varmepumpe32a_active_power,721.8008160513888,2025-10-14T11:00:00.000Z
sensor.11_varmepumpe32a_active_power,145.1677273236137,2025-10-14T12:00:00.000Z
sensor.11_varmepumpe32a_active_power,270.1256002093267,2025-10-14T13:00:00.000Z
sensor.11_varmepumpe32a_active_power,145.37763536397858,2025-10-14T14:00:00.000Z
sensor.11_varmepumpe32a_active_power,144.82890113027779,2025-10-14T15:00:00.000Z
sensor.11_varmepumpe32a_active_power,317.02593903370536,2025-10-14T16:00:00.000Z
sensor.11_varmepumpe32a_active_power,665.8934463592396,2025-10-14T17:00:00.000Z
sensor.11_varmepumpe32a_active_power,416.62587403895344,2025-10-14T18:00:00.000Z
sensor.11_varmepumpe32a_active_power,821.0185864625123,2025-10-14T19:00:00.000Z
sensor.11_varmepumpe32a_active_power,599.4086441948507,2025-10-14T20:00:00.000Z
sensor.11_varmepumpe32a_active_power,587.3835786527444,2025-10-14T21:00:00.000Z
sensor.11_varmepumpe32a_active_power,614.3394919663334,2025-10-14T22:00:00.000Z
sensor.11_varmepumpe32a_active_power,502.0173700120204,2025-10-14T23:00:00.000Z
sensor.11_varmepumpe32a_active_power,674.69424959,2025-10-15T00:00:00.000Z
sensor.11_varmepumpe32a_active_power,557.9341854833333,2025-10-15T01:00:00.000Z
sensor.11_varmepumpe32a_active_power,1774.3348595290897,2025-10-15T02:00:00.000Z
sensor.11_varmepumpe32a_active_power,1694.7101772731812,2025-10-15T03:00:00.000Z
sensor.11_varmepumpe32a_active_power,971.6542770570451,2025-10-15T04:00:00.000Z
sensor.11_varmepumpe32a_active_power,1179.504691768114,2025-10-15T05:00:00.000Z
sensor.11_varmepumpe32a_active_power,53,2025-10-15T06:00:00.000Z
sensor.11_varmepumpe32a_active_power,62.686271339166666,2025-10-15T07:00:00.000Z
sensor.11_varmepumpe32a_active_power,1256.776020803669,2025-10-15T08:00:00.000Z
sensor.11_varmepumpe32a_active_power,818.5917900552122,2025-10-15T09:00:00.000Z
sensor.11_varmepumpe32a_active_power,1259.101230941111,2025-10-15T10:00:00.000Z
sensor.11_varmepumpe32a_active_power,1025.0760254007898,2025-10-15T11:00:00.000Z
sensor.11_varmepumpe32a_active_power,145.90395582095238,2025-10-15T12:00:00.000Z
sensor.11_varmepumpe32a_active_power,247.97426182173794,2025-10-15T13:00:00.000Z
sensor.11_varmepumpe32a_active_power,146.66009020848486,2025-10-15T14:00:00.000Z
sensor.11_varmepumpe32a_active_power,145.3493273821301,2025-10-15T15:00:00.000Z
sensor.11_varmepumpe32a_active_power,415.02721149027775,2025-10-15T16:00:00.000Z
sensor.11_varmepumpe32a_active_power,227.16495940155883,2025-10-15T17:00:00.000Z
sensor.11_varmepumpe32a_active_power,423.02985619600076,2025-10-15T18:00:00.000Z
sensor.11_varmepumpe32a_active_power,826.9665862118128,2025-10-15T19:00:00.000Z
sensor.11_varmepumpe32a_active_power,684.6664303291667,2025-10-15T20:00:00.000Z
sensor.11_varmepumpe32a_active_power,648.2238245613888,2025-10-15T21:00:00.000Z
sensor.11_varmepumpe32a_active_power,1807.131959855384,2025-10-15T22:00:00.000Z
sensor.11_varmepumpe32a_active_power,20.21703317446958,2025-10-16T06:00:00.000Z
sensor.11_varmepumpe32a_active_power,1389.5072739074515,2025-10-16T07:00:00.000Z
sensor.11_varmepumpe32a_active_power,1811.703299693423,2025-10-16T08:00:00.000Z
sensor.11_varmepumpe32a_active_power,959.9619025145582,2025-10-16T09:00:00.000Z
sensor.11_varmepumpe32a_active_power,1713.6846496471428,2025-10-16T10:00:00.000Z
sensor.11_varmepumpe32a_active_power,1687.305555938092,2025-10-16T11:00:00.000Z
sensor.11_varmepumpe32a_active_power,895.1466733832502,2025-10-16T12:00:00.000Z
sensor.11_varmepumpe32a_active_power,739.8476871212943,2025-10-16T13:00:00.000Z
sensor.11_varmepumpe32a_active_power,418.93291547982534,2025-10-16T14:00:00.000Z
sensor.11_varmepumpe32a_active_power,639.6643673356604,2025-10-16T15:00:00.000Z
sensor.11_varmepumpe32a_active_power,741.4214839248484,2025-10-16T16:00:00.000Z
sensor.11_varmepumpe32a_active_power,1242.3694686693334,2025-10-16T17:00:00.000Z
sensor.11_varmepumpe32a_active_power,686.4201537272064,2025-10-16T18:00:00.000Z
sensor.11_varmepumpe32a_active_power,1488.6432153750648,2025-10-16T19:00:00.000Z
sensor.11_varmepumpe32a_active_power,1217.3393738452737,2025-10-16T20:00:00.000Z
sensor.11_varmepumpe32a_active_power,1782.1474555470315,2025-10-16T21:00:00.000Z
sensor.11_varmepumpe32a_active_power,1833.50250848735,2025-10-16T22:00:00.000Z
sensor.11_varmepumpe32a_active_power,1111.3258111494445,2025-10-16T23:00:00.000Z
sensor.11_varmepumpe32a_active_power,1443.5243152282867,2025-10-17T00:00:00.000Z
sensor.11_varmepumpe32a_active_power,1189.73576869238,2025-10-17T01:00:00.000Z
sensor.11_varmepumpe32a_active_power,2388.7753393769094,2025-10-17T02:00:00.000Z
sensor.11_varmepumpe32a_active_power,2251.8512940152173,2025-10-17T03:00:00.000Z
sensor.11_varmepumpe32a_active_power,1782.8241964205556,2025-10-17T04:00:00.000Z
sensor.11_varmepumpe32a_active_power,1147.1309876535572,2025-10-17T05:00:00.000Z
sensor.11_varmepumpe32a_active_power,28.767923157666665,2025-10-17T06:00:00.000Z
sensor.11_varmepumpe32a_active_power,62.64990772958333,2025-10-17T07:00:00.000Z
sensor.11_varmepumpe32a_active_power,2663.6007416718453,2025-10-17T08:00:00.000Z
sensor.11_varmepumpe32a_active_power,1736.9233696191448,2025-10-17T09:00:00.000Z
sensor.11_varmepumpe32a_active_power,156.55952420084623,2025-10-17T10:00:00.000Z
sensor.11_varmepumpe32a_active_power,700.552252604981,2025-10-17T11:00:00.000Z
sensor.11_varmepumpe32a_active_power,1327.531227900565,2025-10-17T21:00:00.000Z
sensor.11_varmepumpe32a_active_power,1748.125,2025-10-17T22:00:00.000Z
sensor.11_varmepumpe32a_active_power,1222.927490591931,2025-10-17T23:00:00.000Z
sensor.11_varmepumpe32a_active_power,1743.410200646647,2025-10-18T00:00:00.000Z
sensor.11_varmepumpe32a_active_power,1799.39682684497,2025-10-18T01:00:00.000Z
sensor.11_varmepumpe32a_active_power,2085.878934061718,2025-10-18T02:00:00.000Z
sensor.11_varmepumpe32a_active_power,3007.1790655838663,2025-10-18T03:00:00.000Z
sensor.11_varmepumpe32a_active_power,2140.2141133552163,2025-10-18T04:00:00.000Z
sensor.11_varmepumpe32a_active_power,1695.0726294119443,2025-10-18T05:00:00.000Z
sensor.11_varmepumpe32a_active_power,42.56355833083334,2025-10-18T06:00:00.000Z
sensor.11_varmepumpe32a_active_power,62.94160169111111,2025-10-18T07:00:00.000Z
sensor.11_varmepumpe32a_active_power,2910.739136750555,2025-10-18T08:00:00.000Z
sensor.11_varmepumpe32a_active_power,2065.3555476727774,2025-10-18T09:00:00.000Z
sensor.11_varmepumpe32a_active_power,1937.6134554972223,2025-10-18T10:00:00.000Z
sensor.11_varmepumpe32a_active_power,1481.0112981411112,2025-10-18T11:00:00.000Z
sensor.11_varmepumpe32a_active_power,1942.547110813611,2025-10-18T12:00:00.000Z
sensor.11_varmepumpe32a_active_power,646.3159895994445,2025-10-18T13:00:00.000Z
sensor.11_varmepumpe32a_active_power,676.0112947402778,2025-10-18T14:00:00.000Z
sensor.11_varmepumpe32a_active_power,872.3998043950947,2025-10-18T15:00:00.000Z
sensor.11_varmepumpe32a_active_power,767.3644478619444,2025-10-18T16:00:00.000Z
sensor.11_varmepumpe32a_active_power,1109.9439394116666,2025-10-18T17:00:00.000Z
sensor.11_varmepumpe32a_active_power,1181.9007558108333,2025-10-18T18:00:00.000Z
sensor.11_varmepumpe32a_active_power,1502.1294656783332,2025-10-18T19:00:00.000Z
sensor.11_varmepumpe32a_active_power,978.1068780713889,2025-10-18T20:00:00.000Z
sensor.11_varmepumpe32a_active_power,1754.6808589605555,2025-10-18T21:00:00.000Z
sensor.11_varmepumpe32a_active_power,1609.2028486225,2025-10-18T22:00:00.000Z
sensor.11_varmepumpe32a_active_power,1035.984320337778,2025-10-18T23:00:00.000Z
sensor.11_varmepumpe32a_active_power,1855.0834035475,2025-10-19T00:00:00.000Z
sensor.11_varmepumpe32a_active_power,2191.022105595,2025-10-19T01:00:00.000Z
sensor.11_varmepumpe32a_active_power,2360.029620916944,2025-10-19T02:00:00.000Z
sensor.11_varmepumpe32a_active_power,2591.147249866389,2025-10-19T03:00:00.000Z
sensor.11_varmepumpe32a_active_power,1462.5546880588888,2025-10-19T04:00:00.000Z
sensor.11_varmepumpe32a_active_power,2434.121959532778,2025-10-19T05:00:00.000Z
sensor.11_varmepumpe32a_active_power,30.99683958527778,2025-10-19T06:00:00.000Z
sensor.11_varmepumpe32a_active_power,63.07358946527777,2025-10-19T07:00:00.000Z
sensor.11_varmepumpe32a_active_power,2946.4396129066668,2025-10-19T08:00:00.000Z
sensor.11_varmepumpe32a_active_power,2572.1788535438886,2025-10-19T09:00:00.000Z
sensor.11_varmepumpe32a_active_power,2717.2418748699997,2025-10-19T10:00:00.000Z
sensor.11_varmepumpe32a_active_power,1888.3748916966667,2025-10-19T11:00:00.000Z
sensor.11_varmepumpe32a_active_power,787.9928723708334,2025-10-19T12:00:00.000Z
sensor.11_varmepumpe32a_active_power,596.9358962786112,2025-10-19T13:00:00.000Z
sensor.11_varmepumpe32a_active_power,662.9760633661111,2025-10-19T14:00:00.000Z
sensor.11_varmepumpe32a_active_power,473.62292131611116,2025-10-19T15:00:00.000Z
sensor.11_varmepumpe32a_active_power,990.8927475919445,2025-10-19T16:00:00.000Z
sensor.11_varmepumpe32a_active_power,1077.2910587272222,2025-10-19T17:00:00.000Z
sensor.11_varmepumpe32a_active_power,985.6136189888888,2025-10-19T18:00:00.000Z
sensor.11_varmepumpe32a_active_power,1133.9910293185449,2025-10-19T19:00:00.000Z
sensor.11_varmepumpe32a_active_power,1244.4135057925,2025-10-19T20:00:00.000Z
sensor.11_varmepumpe32a_active_power,1103.5915718091667,2025-10-19T21:00:00.000Z
sensor.11_varmepumpe32a_active_power,801.4808219769444,2025-10-19T22:00:00.000Z
sensor.11_varmepumpe32a_active_power,1409.6552691855557,2025-10-19T23:00:00.000Z
sensor.11_varmepumpe32a_active_power,1555.4037210658335,2025-10-20T00:00:00.000Z
sensor.11_varmepumpe32a_active_power,1369.6595838041667,2025-10-20T01:00:00.000Z
sensor.11_varmepumpe32a_active_power,2383.6948380955555,2025-10-20T02:00:00.000Z
sensor.11_varmepumpe32a_active_power,2200.7618878394446,2025-10-20T03:00:00.000Z
sensor.11_varmepumpe32a_active_power,1342.8384374330556,2025-10-20T04:00:00.000Z
sensor.11_varmepumpe32a_active_power,1426.8532879541665,2025-10-20T05:00:00.000Z
sensor.11_varmepumpe32a_active_power,74.6971868275,2025-10-20T06:00:00.000Z
sensor.11_varmepumpe32a_active_power,62.533064281388896,2025-10-20T07:00:00.000Z
sensor.11_varmepumpe32a_active_power,2240.1691767077778,2025-10-20T08:00:00.000Z
sensor.11_varmepumpe32a_active_power,1944.2085165972221,2025-10-20T09:00:00.000Z
sensor.11_varmepumpe32a_active_power,2355.9390447802775,2025-10-20T10:00:00.000Z
sensor.11_varmepumpe32a_active_power,1021.346734323889,2025-10-20T11:00:00.000Z
sensor.11_varmepumpe32a_active_power,1230.428905666389,2025-10-20T12:00:00.000Z
sensor.11_varmepumpe32a_active_power,852.52889263,2025-10-20T13:00:00.000Z
sensor.11_varmepumpe32a_active_power,1073.4105361880554,2025-10-20T14:00:00.000Z
sensor.11_varmepumpe32a_active_power,999.0032755958333,2025-10-20T15:00:00.000Z
sensor.11_varmepumpe32a_active_power,1107.154887048889,2025-10-20T16:00:00.000Z
sensor.11_varmepumpe32a_active_power,662.9657432880556,2025-10-20T17:00:00.000Z
sensor.11_varmepumpe32a_active_power,696.1162400355555,2025-10-20T18:00:00.000Z
sensor.11_varmepumpe32a_active_power,540.5488376947222,2025-10-20T19:00:00.000Z
sensor.11_varmepumpe32a_active_power,705.5529091572222,2025-10-20T20:00:00.000Z
sensor.11_varmepumpe32a_active_power,1025.1758549391666,2025-10-20T21:00:00.000Z
sensor.11_varmepumpe32a_active_power,592.9834887877778,2025-10-20T22:00:00.000Z
sensor.11_varmepumpe32a_active_power,759.8952443630556,2025-10-20T23:00:00.000Z
sensor.11_varmepumpe32a_active_power,1158.1804491255555,2025-10-21T00:00:00.000Z
sensor.11_varmepumpe32a_active_power,1065.8777533859266,2025-10-21T01:00:00.000Z
sensor.11_varmepumpe32a_active_power,1444.3482403327778,2025-10-21T02:00:00.000Z
sensor.11_varmepumpe32a_active_power,1783.4854707047223,2025-10-21T03:00:00.000Z
sensor.11_varmepumpe32a_active_power,1084.1584221741666,2025-10-21T04:00:00.000Z
sensor.11_varmepumpe32a_active_power,837.2810264977778,2025-10-21T05:00:00.000Z
sensor.11_varmepumpe32a_active_power,892.8678565738888,2025-10-21T06:00:00.000Z
sensor.11_varmepumpe32a_active_power,1189.578722796389,2025-10-21T07:00:00.000Z
sensor.11_varmepumpe32a_active_power,520.8988428322222,2025-10-21T08:00:00.000Z
sensor.11_varmepumpe32a_active_power,853.1625975833332,2025-10-21T09:00:00.000Z
sensor.11_varmepumpe32a_active_power,1112.1119121091667,2025-10-21T10:00:00.000Z
sensor.11_varmepumpe32a_active_power,1028.5132801505556,2025-10-21T11:00:00.000Z
sensor.11_varmepumpe32a_active_power,1024.9364659358334,2025-10-21T12:00:00.000Z
sensor.11_varmepumpe32a_active_power,644.9548810544444,2025-10-21T13:00:00.000Z
sensor.11_varmepumpe32a_active_power,431.1569223833333,2025-10-21T14:00:00.000Z
sensor.11_varmepumpe32a_active_power,596.5805106122222,2025-10-21T15:00:00.000Z
sensor.11_varmepumpe32a_active_power,376.50090250499994,2025-10-21T16:00:00.000Z
sensor.11_varmepumpe32a_active_power,557.9086018343013,2025-10-21T17:00:00.000Z
sensor.11_varmepumpe32a_active_power,561.9539284486111,2025-10-21T18:00:00.000Z
sensor.11_varmepumpe32a_active_power,618.8975795269445,2025-10-21T19:00:00.000Z
sensor.11_varmepumpe32a_active_power,736.7804968874999,2025-10-21T20:00:00.000Z
sensor.11_varmepumpe32a_active_power,605.302116906389,2025-10-21T21:00:00.000Z
sensor.11_varmepumpe32a_active_power,581.0253726363889,2025-10-21T22:00:00.000Z
sensor.11_varmepumpe32a_active_power,588.4720818641667,2025-10-21T23:00:00.000Z
sensor.11_varmepumpe32a_active_power,383.5653333197222,2025-10-22T00:00:00.000Z
sensor.11_varmepumpe32a_active_power,509.3066187963889,2025-10-22T01:00:00.000Z
sensor.11_varmepumpe32a_active_power,370.53666041194447,2025-10-22T02:00:00.000Z
sensor.11_varmepumpe32a_active_power,565.2818188880556,2025-10-22T03:00:00.000Z
sensor.11_varmepumpe32a_active_power,345.6176489452778,2025-10-22T04:00:00.000Z
sensor.11_varmepumpe32a_active_power,573.6524930530555,2025-10-22T05:00:00.000Z
sensor.11_varmepumpe32a_active_power,432.53383621944437,2025-10-22T06:00:00.000Z
sensor.11_varmepumpe32a_active_power,408.8215554875,2025-10-22T07:00:00.000Z
sensor.11_varmepumpe32a_active_power,1086.9378194827777,2025-10-22T08:00:00.000Z
sensor.11_varmepumpe32a_active_power,2045.4521289341667,2025-10-22T09:00:00.000Z
sensor.11_varmepumpe32a_active_power,540.7488133955555,2025-10-22T10:00:00.000Z
sensor.11_varmepumpe32a_active_power,669.7500105888888,2025-10-22T11:00:00.000Z
sensor.11_varmepumpe32a_active_power,577.5376016933334,2025-10-22T12:00:00.000Z
sensor.11_varmepumpe32a_active_power,690.3120923005555,2025-10-22T13:00:00.000Z
sensor.11_varmepumpe32a_active_power,466.9383375675818,2025-10-22T14:00:00.000Z
sensor.11_varmepumpe32a_active_power,403.75303312000005,2025-10-22T15:00:00.000Z
sensor.11_varmepumpe32a_active_power,319.6392396466667,2025-10-22T16:00:00.000Z
sensor.11_varmepumpe32a_active_power,558.5539349463888,2025-10-22T17:00:00.000Z
sensor.11_varmepumpe32a_active_power,280.3396583111111,2025-10-22T18:00:00.000Z
sensor.11_varmepumpe32a_active_power,374.12580197805556,2025-10-22T19:00:00.000Z
sensor.11_varmepumpe32a_active_power,313.8440077811111,2025-10-22T20:00:00.000Z
sensor.11_varmepumpe32a_active_power,384.8953244380555,2025-10-22T21:00:00.000Z
sensor.11_varmepumpe32a_active_power,378.94559049944445,2025-10-22T22:00:00.000Z
sensor.11_varmepumpe32a_active_power,321.5426900422222,2025-10-22T23:00:00.000Z
sensor.11_varmepumpe32a_active_power,57.37295779805555,2025-10-23T00:00:00.000Z
sensor.11_varmepumpe32a_active_power,62.81830754878788,2025-10-23T01:00:00.000Z
sensor.11_varmepumpe32a_active_power,761.3142483105556,2025-10-23T02:00:00.000Z
sensor.11_varmepumpe32a_active_power,901.1661814605555,2025-10-23T03:00:00.000Z
sensor.11_varmepumpe32a_active_power,599.5290101854546,2025-10-23T04:00:00.000Z
sensor.11_varmepumpe32a_active_power,627.0481832727778,2025-10-23T05:00:00.000Z
sensor.11_varmepumpe32a_active_power,390.5139984708333,2025-10-23T06:00:00.000Z
sensor.11_varmepumpe32a_active_power,146.6205654613889,2025-10-23T07:00:00.000Z
sensor.11_varmepumpe32a_active_power,310.4632117183333,2025-10-23T08:00:00.000Z
sensor.11_varmepumpe32a_active_power,484.5060072444444,2025-10-23T09:00:00.000Z
sensor.11_varmepumpe32a_active_power,2040.3330947272223,2025-10-23T10:00:00.000Z
sensor.11_varmepumpe32a_active_power,403.00468976,2025-10-23T11:00:00.000Z
sensor.11_varmepumpe32a_active_power,417.92230898638894,2025-10-23T12:00:00.000Z
sensor.11_varmepumpe32a_active_power,366.74265121083334,2025-10-23T13:00:00.000Z
sensor.11_varmepumpe32a_active_power,376.2440155738889,2025-10-23T14:00:00.000Z
sensor.11_varmepumpe32a_active_power,552.9517266966667,2025-10-23T15:00:00.000Z
sensor.11_varmepumpe32a_active_power,368.82706159944445,2025-10-23T16:00:00.000Z
sensor.11_varmepumpe32a_active_power,500.14314052638883,2025-10-23T17:00:00.000Z
sensor.11_varmepumpe32a_active_power,400.2818005488889,2025-10-23T18:00:00.000Z
sensor.11_varmepumpe32a_active_power,639.6236475097222,2025-10-23T19:00:00.000Z
sensor.11_varmepumpe32a_active_power,578.0994543369444,2025-10-23T20:00:00.000Z
sensor.11_varmepumpe32a_active_power,584.5562627816666,2025-10-23T21:00:00.000Z
sensor.11_varmepumpe32a_active_power,537.0886255794445,2025-10-23T22:00:00.000Z
sensor.11_varmepumpe32a_active_power,727.9925925455556,2025-10-23T23:00:00.000Z
sensor.11_varmepumpe32a_active_power,600.3133442075,2025-10-24T00:00:00.000Z
sensor.11_varmepumpe32a_active_power,614.4241056497223,2025-10-24T01:00:00.000Z
sensor.11_varmepumpe32a_active_power,1607.0640798002778,2025-10-24T02:00:00.000Z
sensor.11_varmepumpe32a_active_power,1013.1895693290909,2025-10-24T03:00:00.000Z
sensor.11_varmepumpe32a_active_power,601.0987796371243,2025-10-24T04:00:00.000Z
sensor.11_varmepumpe32a_active_power,581.8997593305555,2025-10-24T05:00:00.000Z
sensor.11_varmepumpe32a_active_power,46.67848203611111,2025-10-24T06:00:00.000Z
sensor.11_varmepumpe32a_active_power,62.54212840472223,2025-10-24T07:00:00.000Z
sensor.11_varmepumpe32a_active_power,733.3320519655555,2025-10-24T08:00:00.000Z
sensor.11_varmepumpe32a_active_power,614.7663525805555,2025-10-24T09:00:00.000Z
sensor.11_varmepumpe32a_active_power,388.0272446722222,2025-10-24T10:00:00.000Z
sensor.11_varmepumpe32a_active_power,491.4634510863889,2025-10-24T11:00:00.000Z
sensor.11_varmepumpe32a_active_power,391.1941305075,2025-10-24T12:00:00.000Z
sensor.11_varmepumpe32a_active_power,549.4725221202779,2025-10-24T13:00:00.000Z
sensor.11_varmepumpe32a_active_power,417.996761285,2025-10-24T14:00:00.000Z
sensor.11_varmepumpe32a_active_power,398.8421591919444,2025-10-24T15:00:00.000Z
sensor.11_varmepumpe32a_active_power,585.5404145833334,2025-10-24T16:00:00.000Z
sensor.11_varmepumpe32a_active_power,594.1662554272222,2025-10-24T17:00:00.000Z
sensor.11_varmepumpe32a_active_power,339.1776077552778,2025-10-24T18:00:00.000Z
sensor.11_varmepumpe32a_active_power,578.7322527194444,2025-10-24T19:00:00.000Z
sensor.11_varmepumpe32a_active_power,372.1264552002778,2025-10-24T20:00:00.000Z
sensor.11_varmepumpe32a_active_power,1588.9678916652776,2025-10-24T21:00:00.000Z
sensor.11_varmepumpe32a_active_power,917.205802525,2025-10-24T22:00:00.000Z
sensor.11_varmepumpe32a_active_power,762.0674625277778,2025-10-24T23:00:00.000Z
sensor.11_varmepumpe32a_active_power,417.39832193555554,2025-10-25T00:00:00.000Z
sensor.11_varmepumpe32a_active_power,643.1252943166668,2025-10-25T01:00:00.000Z
sensor.11_varmepumpe32a_active_power,1475.6124104955554,2025-10-25T02:00:00.000Z
sensor.11_varmepumpe32a_active_power,493.62289976500006,2025-10-25T03:00:00.000Z
sensor.11_varmepumpe32a_active_power,451.9643883844445,2025-10-25T04:00:00.000Z
sensor.11_varmepumpe32a_active_power,665.6597000811112,2025-10-25T05:00:00.000Z
sensor.11_varmepumpe32a_active_power,40.83338210805555,2025-10-25T06:00:00.000Z
sensor.11_varmepumpe32a_active_power,62.89453087722222,2025-10-25T07:00:00.000Z
sensor.11_varmepumpe32a_active_power,692.957720051389,2025-10-25T08:00:00.000Z
sensor.11_varmepumpe32a_active_power,756.0983174922222,2025-10-25T09:00:00.000Z
sensor.11_varmepumpe32a_active_power,415.3205186169444,2025-10-25T10:00:00.000Z
sensor.11_varmepumpe32a_active_power,537.3788386944444,2025-10-25T11:00:00.000Z
sensor.11_varmepumpe32a_active_power,328.090952775,2025-10-25T12:00:00.000Z
sensor.11_varmepumpe32a_active_power,473.2055138330556,2025-10-25T13:00:00.000Z
sensor.11_varmepumpe32a_active_power,458.07758956555557,2025-10-25T14:00:00.000Z
sensor.11_varmepumpe32a_active_power,397.3045738927778,2025-10-25T15:00:00.000Z
sensor.11_varmepumpe32a_active_power,609.9524398422222,2025-10-25T16:00:00.000Z
sensor.11_varmepumpe32a_active_power,546.3427064856845,2025-10-25T17:00:00.000Z
sensor.11_varmepumpe32a_active_power,537.7522682083332,2025-10-25T18:00:00.000Z
sensor.11_varmepumpe32a_active_power,597.5299890522223,2025-10-25T19:00:00.000Z
sensor.11_varmepumpe32a_active_power,564.8475932722222,2025-10-25T20:00:00.000Z
sensor.11_varmepumpe32a_active_power,602.9054070280555,2025-10-25T21:00:00.000Z
sensor.11_varmepumpe32a_active_power,600.5921417591667,2025-10-25T22:00:00.000Z
sensor.11_varmepumpe32a_active_power,618.5279209605555,2025-10-25T23:00:00.000Z
sensor.11_varmepumpe32a_active_power,525.9709413619445,2025-10-26T00:00:00.000Z
sensor.11_varmepumpe32a_active_power,582.9961870694445,2025-10-26T01:00:00.000Z
sensor.11_varmepumpe32a_active_power,850.4668454444445,2025-10-26T02:00:00.000Z
sensor.11_varmepumpe32a_active_power,2026.9742871986111,2025-10-26T03:00:00.000Z
sensor.11_varmepumpe32a_active_power,1028.0515293694446,2025-10-26T04:00:00.000Z
sensor.11_varmepumpe32a_active_power,1017.9875400413888,2025-10-26T05:00:00.000Z
sensor.11_varmepumpe32a_active_power,671.71022072,2025-10-26T06:00:00.000Z
sensor.11_varmepumpe32a_active_power,36.905289745833336,2025-10-26T07:00:00.000Z
sensor.11_varmepumpe32a_active_power,62.78828026888889,2025-10-26T08:00:00.000Z
sensor.11_varmepumpe32a_active_power,1062.7560812041668,2025-10-26T09:00:00.000Z
sensor.11_varmepumpe32a_active_power,874.7812699486111,2025-10-26T10:00:00.000Z
sensor.11_varmepumpe32a_active_power,1483.4205805041668,2025-10-26T11:00:00.000Z
sensor.11_varmepumpe32a_active_power,959.7604937716666,2025-10-26T12:00:00.000Z
sensor.11_varmepumpe32a_active_power,684.3656247436111,2025-10-26T13:00:00.000Z
sensor.11_varmepumpe32a_active_power,162.94157069861112,2025-10-26T14:00:00.000Z
sensor.11_varmepumpe32a_active_power,843.1528577952778,2025-10-26T15:00:00.000Z
sensor.11_varmepumpe32a_active_power,597.6192555194444,2025-10-26T16:00:00.000Z
sensor.11_varmepumpe32a_active_power,812.5972108463889,2025-10-26T17:00:00.000Z
sensor.11_varmepumpe32a_active_power,606.5633495941667,2025-10-26T18:00:00.000Z
sensor.11_varmepumpe32a_active_power,788.8181631122224,2025-10-26T19:00:00.000Z
sensor.11_varmepumpe32a_active_power,797.4119282825,2025-10-26T20:00:00.000Z
sensor.11_varmepumpe32a_active_power,712.5548924183335,2025-10-26T21:00:00.000Z
sensor.11_varmepumpe32a_active_power,692.0892748661112,2025-10-26T22:00:00.000Z
sensor.11_varmepumpe32a_active_power,705.7705421122222,2025-10-26T23:00:00.000Z
sensor.11_varmepumpe32a_active_power,230.3500872988889,2025-10-27T00:00:00.000Z
sensor.11_varmepumpe32a_active_power,797.0771125402779,2025-10-27T01:00:00.000Z
sensor.11_varmepumpe32a_active_power,1568.478100871389,2025-10-27T02:00:00.000Z
sensor.11_varmepumpe32a_active_power,1440.30146496,2025-10-27T03:00:00.000Z
sensor.11_varmepumpe32a_active_power,445.4223927411111,2025-10-27T04:00:00.000Z
sensor.11_varmepumpe32a_active_power,598.7843293633333,2025-10-27T05:00:00.000Z
sensor.11_varmepumpe32a_active_power,712.5775526594445,2025-10-27T06:00:00.000Z
sensor.11_varmepumpe32a_active_power,62.594829206111115,2025-10-27T07:00:00.000Z
sensor.11_varmepumpe32a_active_power,308.8872031855555,2025-10-27T08:00:00.000Z
sensor.11_varmepumpe32a_active_power,969.9949916941665,2025-10-27T09:00:00.000Z
sensor.11_varmepumpe32a_active_power,631.7166958147221,2025-10-27T10:00:00.000Z
sensor.11_varmepumpe32a_active_power,1283.486189478169,2025-10-27T11:00:00.000Z
sensor.11_varmepumpe32a_active_power,1261.7513153452778,2025-10-27T12:00:00.000Z
sensor.11_varmepumpe32a_active_power,681.7857769905555,2025-10-27T13:00:00.000Z
sensor.11_varmepumpe32a_active_power,760.7209540466666,2025-10-27T14:00:00.000Z
sensor.11_varmepumpe32a_active_power,814.0514879408512,2025-10-29T11:00:00.000Z
sensor.11_varmepumpe32a_active_power,576.9071217358334,2025-10-29T12:00:00.000Z
sensor.11_varmepumpe32a_active_power,601.64283286,2025-10-29T13:00:00.000Z
sensor.11_varmepumpe32a_active_power,650.5356635166667,2025-10-29T14:00:00.000Z
sensor.11_varmepumpe32a_active_power,512.8051079377778,2025-10-29T15:00:00.000Z
sensor.11_varmepumpe32a_active_power,660.7264070941666,2025-10-29T16:00:00.000Z
sensor.11_varmepumpe32a_active_power,486.0853898577778,2025-10-29T17:00:00.000Z
sensor.11_varmepumpe32a_active_power,63.58317534277153,2025-11-01T21:00:00.000Z
sensor.11_varmepumpe32a_active_power,1275.2734262030556,2025-11-01T22:00:00.000Z
sensor.11_varmepumpe32a_active_power,1100.5989341663887,2025-11-01T23:00:00.000Z
sensor.11_varmepumpe32a_active_power,1321.2265176691667,2025-11-02T00:00:00.000Z
sensor.11_varmepumpe32a_active_power,1068.4769588858333,2025-11-02T01:00:00.000Z
sensor.11_varmepumpe32a_active_power,1025.3776487525,2025-11-02T02:00:00.000Z
sensor.11_varmepumpe32a_active_power,2011.9133063383333,2025-11-02T03:00:00.000Z
sensor.11_varmepumpe32a_active_power,1103.3724798141668,2025-11-02T04:00:00.000Z
sensor.11_varmepumpe32a_active_power,502.4245103233334,2025-11-02T05:00:00.000Z
sensor.11_varmepumpe32a_active_power,839.9572754172223,2025-11-02T06:00:00.000Z
sensor.11_varmepumpe32a_active_power,36.62544348111111,2025-11-02T07:00:00.000Z
sensor.11_varmepumpe32a_active_power,16.861912881666665,2025-11-02T08:00:00.000Z
sensor.11_varmepumpe32a_active_power,106.2497031186111,2025-11-02T09:00:00.000Z
sensor.11_varmepumpe32a_active_power,1107.1302076983332,2025-11-02T10:00:00.000Z
sensor.11_varmepumpe32a_active_power,1464.0870886730556,2025-11-02T11:00:00.000Z
sensor.11_varmepumpe32a_active_power,1242.6058946405556,2025-11-02T12:00:00.000Z
sensor.11_varmepumpe32a_active_power,441.7999697277778,2025-11-02T13:00:00.000Z
sensor.11_varmepumpe32a_active_power,60.54441268972223,2025-11-02T14:00:00.000Z
sensor.11_varmepumpe32a_active_power,62.583253035555565,2025-11-02T15:00:00.000Z
sensor.11_varmepumpe32a_active_power,1156.9540551241666,2025-11-02T16:00:00.000Z
sensor.11_varmepumpe32a_active_power,952.1281596833333,2025-11-02T17:00:00.000Z
sensor.11_varmepumpe32a_active_power,1164.0057784413889,2025-11-02T18:00:00.000Z
sensor.11_varmepumpe32a_active_power,170.9563025691667,2025-11-02T19:00:00.000Z
sensor.11_varmepumpe32a_active_power,62.481322613519296,2025-11-02T20:00:00.000Z
sensor.11_varmepumpe32a_active_power,419.85277660411407,2025-11-02T21:00:00.000Z
sensor.11_varmepumpe32a_active_power,851.0003362463889,2025-11-02T22:00:00.000Z
sensor.11_varmepumpe32a_active_power,61.862901234166664,2025-11-02T23:00:00.000Z
sensor.11_varmepumpe32a_active_power,999.763054088611,2025-11-03T00:00:00.000Z
sensor.11_varmepumpe32a_active_power,1481.3973207883334,2025-11-03T01:00:00.000Z
sensor.11_varmepumpe32a_active_power,1225.0220179319444,2025-11-03T02:00:00.000Z
sensor.11_varmepumpe32a_active_power,857.0973171375,2025-11-03T03:00:00.000Z
sensor.11_varmepumpe32a_active_power,772.5541799177778,2025-11-03T04:00:00.000Z
sensor.11_varmepumpe32a_active_power,835.5437935483334,2025-11-03T05:00:00.000Z
sensor.11_varmepumpe32a_active_power,957.173204483889,2025-11-03T06:00:00.000Z
sensor.11_varmepumpe32a_active_power,1399.644960362222,2025-11-03T07:00:00.000Z
sensor.11_varmepumpe32a_active_power,1238.4253018916668,2025-11-03T08:00:00.000Z
sensor.11_varmepumpe32a_active_power,652.4278564074999,2025-11-03T09:00:00.000Z
sensor.11_varmepumpe32a_active_power,885.9678188394445,2025-11-03T10:00:00.000Z
sensor.11_varmepumpe32a_active_power,1307.603597251111,2025-11-03T11:00:00.000Z
sensor.11_varmepumpe32a_active_power,740.4060923188889,2025-11-03T12:00:00.000Z
sensor.11_varmepumpe32a_active_power,606.7535473497222,2025-11-03T13:00:00.000Z
sensor.11_varmepumpe32a_active_power,615.7476798133333,2025-11-03T14:00:00.000Z
sensor.11_varmepumpe32a_active_power,554.1240035539394,2025-11-03T15:00:00.000Z
sensor.11_varmepumpe32a_active_power,469.4845227138889,2025-11-03T16:00:00.000Z
sensor.11_varmepumpe32a_active_power,626.2439152452778,2025-11-03T17:00:00.000Z
sensor.11_varmepumpe32a_active_power,562.5271605991667,2025-11-03T18:00:00.000Z
sensor.11_varmepumpe32a_active_power,460.3054844947222,2025-11-03T19:00:00.000Z
sensor.11_varmepumpe32a_active_power,797.5524730827777,2025-11-03T20:00:00.000Z
sensor.11_varmepumpe32a_active_power,774.6723529702778,2025-11-03T21:00:00.000Z
sensor.11_varmepumpe32a_active_power,588.7397311149999,2025-11-03T22:00:00.000Z
sensor.11_varmepumpe32a_active_power,728.4317523508333,2025-11-03T23:00:00.000Z
sensor.11_varmepumpe32a_active_power,594.1352839002778,2025-11-04T00:00:00.000Z
sensor.11_varmepumpe32a_active_power,763.0109305444444,2025-11-04T01:00:00.000Z
sensor.11_varmepumpe32a_active_power,391.0736669652778,2025-11-04T02:00:00.000Z
sensor.11_varmepumpe32a_active_power,1348.4731344836111,2025-11-04T03:00:00.000Z
sensor.11_varmepumpe32a_active_power,1758.8137213833334,2025-11-04T04:00:00.000Z
sensor.11_varmepumpe32a_active_power,683.9309124,2025-11-04T05:00:00.000Z
sensor.11_varmepumpe32a_active_power,555.1285009858333,2025-11-04T06:00:00.000Z
sensor.11_varmepumpe32a_active_power,20.895129130555556,2025-11-04T07:00:00.000Z
sensor.11_varmepumpe32a_active_power,16.451875218333335,2025-11-04T08:00:00.000Z
sensor.11_varmepumpe32a_active_power,1323.9684891355555,2025-11-04T09:00:00.000Z
sensor.11_varmepumpe32a_active_power,780.2104133858332,2025-11-04T10:00:00.000Z
sensor.11_varmepumpe32a_active_power,613.1670407580556,2025-11-04T11:00:00.000Z
sensor.11_varmepumpe32a_active_power,519.6371935980555,2025-11-04T12:00:00.000Z
sensor.11_varmepumpe32a_active_power,860.4520180277777,2025-11-04T13:00:00.000Z
sensor.11_varmepumpe32a_active_power,514.6494696466667,2025-11-04T14:00:00.000Z
sensor.11_varmepumpe32a_active_power,1105.573470215,2025-11-04T15:00:00.000Z
sensor.11_varmepumpe32a_active_power,1599.1296505269445,2025-11-04T16:00:00.000Z
sensor.11_varmepumpe32a_active_power,843.0686718558333,2025-11-04T17:00:00.000Z
sensor.11_varmepumpe32a_active_power,518.2208763297223,2025-11-04T18:00:00.000Z
sensor.11_varmepumpe32a_active_power,20.647763375,2025-11-04T19:00:00.000Z
sensor.11_varmepumpe32a_active_power,10.57196271111111,2025-11-04T20:00:00.000Z
sensor.11_varmepumpe32a_active_power,470.94479154944446,2025-11-04T21:00:00.000Z
sensor.11_varmepumpe32a_active_power,398.25596563472226,2025-11-04T22:00:00.000Z
sensor.11_varmepumpe32a_active_power,396.8466671047222,2025-11-04T23:00:00.000Z
sensor.11_varmepumpe32a_active_power,373.9766642325,2025-11-05T00:00:00.000Z
sensor.11_varmepumpe32a_active_power,331.01726693194445,2025-11-05T01:00:00.000Z
sensor.11_varmepumpe32a_active_power,163.89343624277777,2025-11-05T02:00:00.000Z
sensor.11_varmepumpe32a_active_power,1182.2486927144444,2025-11-05T03:00:00.000Z
sensor.11_varmepumpe32a_active_power,650.3662687544445,2025-11-05T04:00:00.000Z
sensor.11_varmepumpe32a_active_power,403.80075167687136,2025-11-05T05:00:00.000Z
sensor.11_varmepumpe32a_active_power,355.72387545833334,2025-11-05T06:00:00.000Z
sensor.11_varmepumpe32a_active_power,154.76050696972223,2025-11-05T07:00:00.000Z
sensor.11_varmepumpe32a_active_power,190.97973428777777,2025-11-05T08:00:00.000Z
sensor.11_varmepumpe32a_active_power,451.9284891294444,2025-11-05T09:00:00.000Z
sensor.11_varmepumpe32a_active_power,402.4374262775,2025-11-05T10:00:00.000Z
sensor.11_varmepumpe32a_active_power,315.7499144538889,2025-11-05T11:00:00.000Z
sensor.11_varmepumpe32a_active_power,355.25455897361115,2025-11-05T12:00:00.000Z
sensor.11_varmepumpe32a_active_power,398.64484843305553,2025-11-05T13:00:00.000Z
sensor.11_varmepumpe32a_active_power,282.55885562861107,2025-11-05T14:00:00.000Z
sensor.11_varmepumpe32a_active_power,322.8294699149293,2025-11-05T15:00:00.000Z
sensor.11_varmepumpe32a_active_power,181.69343727194442,2025-11-05T16:00:00.000Z
sensor.11_varmepumpe32a_active_power,304.08411282888886,2025-11-05T17:00:00.000Z
sensor.11_varmepumpe32a_active_power,454.77611673944443,2025-11-05T18:00:00.000Z
sensor.11_varmepumpe32a_active_power,433.7525142197222,2025-11-05T19:00:00.000Z
sensor.11_varmepumpe32a_active_power,332.3006680488889,2025-11-05T20:00:00.000Z
sensor.11_varmepumpe32a_active_power,324.7746005572222,2025-11-05T21:00:00.000Z
sensor.11_varmepumpe32a_active_power,513.5445560619445,2025-11-05T22:00:00.000Z
sensor.11_varmepumpe32a_active_power,517.5188170261112,2025-11-05T23:00:00.000Z
sensor.11_varmepumpe32a_active_power,165.49783222916668,2025-11-06T00:00:00.000Z
sensor.11_varmepumpe32a_active_power,376.75138129,2025-11-06T01:00:00.000Z
sensor.11_varmepumpe32a_active_power,1448.8533385544445,2025-11-06T02:00:00.000Z
sensor.11_varmepumpe32a_active_power,693.2384434594445,2025-11-06T03:00:00.000Z
sensor.11_varmepumpe32a_active_power,387.56000637861115,2025-11-06T04:00:00.000Z
sensor.11_varmepumpe32a_active_power,352.83016115944446,2025-11-06T05:00:00.000Z
sensor.11_varmepumpe32a_active_power,476.61938629138893,2025-11-06T06:00:00.000Z
sensor.11_varmepumpe32a_active_power,69.29794832666667,2025-11-06T07:00:00.000Z
sensor.11_varmepumpe32a_active_power,191.27955339490435,2025-11-06T08:00:00.000Z
sensor.11_varmepumpe32a_active_power,491.2484422330556,2025-11-06T09:00:00.000Z
sensor.11_varmepumpe32a_active_power,419.3716109419445,2025-11-06T10:00:00.000Z
sensor.11_varmepumpe32a_active_power,1126.6384031194445,2025-11-06T11:00:00.000Z
sensor.11_varmepumpe32a_active_power,649.9987713888889,2025-11-06T12:00:00.000Z
sensor.11_varmepumpe32a_active_power,290.46554248808826,2025-11-06T13:00:00.000Z
sensor.11_varmepumpe32a_active_power,308.4998824425,2025-11-06T14:00:00.000Z
sensor.11_varmepumpe32a_active_power,301.2460200288889,2025-11-06T15:00:00.000Z
sensor.11_varmepumpe32a_active_power,425.32343251749995,2025-11-06T16:00:00.000Z
sensor.11_varmepumpe32a_active_power,155.76826862194446,2025-11-06T17:00:00.000Z
sensor.11_varmepumpe32a_active_power,331.0067865480556,2025-11-06T18:00:00.000Z
sensor.11_varmepumpe32a_active_power,348.94859913888894,2025-11-06T19:00:00.000Z
sensor.11_varmepumpe32a_active_power,359.16646494444444,2025-11-06T20:00:00.000Z
sensor.11_varmepumpe32a_active_power,2109.2031050027776,2025-11-06T21:00:00.000Z
sensor.11_varmepumpe32a_active_power,387.5823141388889,2025-11-06T22:00:00.000Z
sensor.11_varmepumpe32a_active_power,342.0107336125,2025-11-06T23:00:00.000Z
sensor.11_varmepumpe32a_active_power,307.8153784221212,2025-11-07T00:00:00.000Z
sensor.11_varmepumpe32a_active_power,450.7014517925,2025-11-07T01:00:00.000Z
sensor.11_varmepumpe32a_active_power,350.32681554916667,2025-11-07T02:00:00.000Z
sensor.11_varmepumpe32a_active_power,1175.7282494072222,2025-11-07T03:00:00.000Z
sensor.11_varmepumpe32a_active_power,550.5220014088889,2025-11-07T04:00:00.000Z
sensor.11_varmepumpe32a_active_power,152.28151881388888,2025-11-07T05:00:00.000Z
sensor.11_varmepumpe32a_active_power,328.02799987472224,2025-11-07T06:00:00.000Z
sensor.11_varmepumpe32a_active_power,57.08713305111112,2025-11-07T07:00:00.000Z
sensor.11_varmepumpe32a_active_power,61.51650694055556,2025-11-07T08:00:00.000Z
sensor.11_varmepumpe32a_active_power,61,2025-11-07T09:00:00.000Z
sensor.11_varmepumpe32a_active_power,61,2025-11-07T10:00:00.000Z
sensor.11_varmepumpe32a_active_power,63.790341418888886,2025-11-08T11:00:00.000Z
sensor.11_varmepumpe32a_active_power,695.128357303889,2025-11-08T12:00:00.000Z
sensor.11_varmepumpe32a_active_power,548.5127641519445,2025-11-08T13:00:00.000Z
sensor.11_varmepumpe32a_active_power,497.4353758944444,2025-11-08T14:00:00.000Z
sensor.11_varmepumpe32a_active_power,687.3172825458333,2025-11-08T15:00:00.000Z
sensor.11_varmepumpe32a_active_power,451.46993341555554,2025-11-08T16:00:00.000Z
sensor.11_varmepumpe32a_active_power,888.8964581836111,2025-11-08T17:00:00.000Z
sensor.11_varmepumpe32a_active_power,2531.414394227222,2025-11-08T18:00:00.000Z
sensor.11_varmepumpe32a_active_power,1242.3732713069444,2025-11-08T19:00:00.000Z
sensor.11_varmepumpe32a_active_power,523.9811564808333,2025-11-08T20:00:00.000Z
sensor.11_varmepumpe32a_active_power,520.3327507505555,2025-11-08T21:00:00.000Z
sensor.11_varmepumpe32a_active_power,612.5342719547222,2025-11-08T22:00:00.000Z
sensor.11_varmepumpe32a_active_power,602.0921049341666,2025-11-08T23:00:00.000Z
sensor.11_varmepumpe32a_active_power,488.560859279394,2025-11-09T00:00:00.000Z
sensor.11_varmepumpe32a_active_power,361.0457511644445,2025-11-09T01:00:00.000Z
sensor.11_varmepumpe32a_active_power,787.3842842763636,2025-11-09T02:00:00.000Z
sensor.11_varmepumpe32a_active_power,1401.9702397461112,2025-11-09T03:00:00.000Z
sensor.11_varmepumpe32a_active_power,714.0439613902778,2025-11-09T04:00:00.000Z
sensor.11_varmepumpe32a_active_power,672.3235284944443,2025-11-09T05:00:00.000Z
sensor.11_varmepumpe32a_active_power,917.591077935,2025-11-09T06:00:00.000Z
sensor.11_varmepumpe32a_active_power,788.1420392227777,2025-11-09T07:00:00.000Z
sensor.11_varmepumpe32a_active_power,649.5990623411111,2025-11-09T08:00:00.000Z
sensor.11_varmepumpe32a_active_power,2122.2146241747223,2025-11-09T09:00:00.000Z
sensor.11_varmepumpe32a_active_power,757.9927418858333,2025-11-09T10:00:00.000Z
sensor.11_varmepumpe32a_active_power,1637.8354466166668,2025-11-09T11:00:00.000Z
sensor.11_varmepumpe32a_active_power,1151.162673565,2025-11-09T12:00:00.000Z
sensor.11_varmepumpe32a_active_power,875.7551905402778,2025-11-09T13:00:00.000Z
sensor.11_varmepumpe32a_active_power,1071.6048144283334,2025-11-09T14:00:00.000Z
sensor.11_varmepumpe32a_active_power,846.8411229113889,2025-11-09T15:00:00.000Z
sensor.11_varmepumpe32a_active_power,1630.0455918999999,2025-11-09T16:00:00.000Z
sensor.11_varmepumpe32a_active_power,1326.598462010278,2025-11-09T17:00:00.000Z
sensor.11_varmepumpe32a_active_power,1455.802937805278,2025-11-09T18:00:00.000Z
sensor.11_varmepumpe32a_active_power,1180.5495687891669,2025-11-09T19:00:00.000Z
sensor.11_varmepumpe32a_active_power,1344.2276926491668,2025-11-09T20:00:00.000Z
sensor.11_varmepumpe32a_active_power,991.8905942152778,2025-11-09T21:00:00.000Z
sensor.11_varmepumpe32a_active_power,773.9300895919445,2025-11-09T22:00:00.000Z
sensor.11_varmepumpe32a_active_power,561.9640016269444,2025-11-09T23:00:00.000Z
sensor.11_varmepumpe32a_active_power,719.9903728258333,2025-11-10T00:00:00.000Z
sensor.11_varmepumpe32a_active_power,888.0544258706061,2025-11-10T01:00:00.000Z
sensor.11_varmepumpe32a_active_power,868.6089573902777,2025-11-10T02:00:00.000Z
sensor.11_varmepumpe32a_active_power,1463.809440402778,2025-11-10T03:00:00.000Z
sensor.11_varmepumpe32a_active_power,1637.5508866716666,2025-11-10T04:00:00.000Z
sensor.11_varmepumpe32a_active_power,708.8836725013889,2025-11-10T05:00:00.000Z
sensor.11_varmepumpe32a_active_power,1086.7834291927777,2025-11-10T06:00:00.000Z
sensor.11_varmepumpe32a_active_power,1287.1358757619444,2025-11-10T07:00:00.000Z
sensor.11_varmepumpe32a_active_power,934.216062851389,2025-11-10T08:00:00.000Z
sensor.11_varmepumpe32a_active_power,1312.0968250775,2025-11-10T09:00:00.000Z
sensor.11_varmepumpe32a_active_power,584.9801078941666,2025-11-10T10:00:00.000Z
sensor.11_varmepumpe32a_active_power,764.1136900500001,2025-11-10T11:00:00.000Z
sensor.11_varmepumpe32a_active_power,647.1726715441666,2025-11-10T12:00:00.000Z
sensor.11_varmepumpe32a_active_power,960.3387092827778,2025-11-10T13:00:00.000Z
sensor.11_varmepumpe32a_active_power,838.2278726077778,2025-11-10T14:00:00.000Z
sensor.11_varmepumpe32a_active_power,623.9618388405555,2025-11-10T15:00:00.000Z
sensor.11_varmepumpe32a_active_power,1040.6000608263887,2025-11-10T16:00:00.000Z
sensor.11_varmepumpe32a_active_power,913.6942307647222,2025-11-10T17:00:00.000Z
sensor.11_varmepumpe32a_active_power,892.6718342619444,2025-11-10T18:00:00.000Z
sensor.11_varmepumpe32a_active_power,808.5364247658334,2025-11-10T19:00:00.000Z
sensor.11_varmepumpe32a_active_power,581.1557246555556,2025-11-10T20:00:00.000Z
sensor.11_varmepumpe32a_active_power,827.537156145,2025-11-10T21:00:00.000Z
sensor.11_varmepumpe32a_active_power,832.9362783461111,2025-11-10T22:00:00.000Z
sensor.11_varmepumpe32a_active_power,1333.5063827572224,2025-11-10T23:00:00.000Z
sensor.11_varmepumpe32a_active_power,2472.813780696238,2025-11-11T00:00:00.000Z
sensor.11_varmepumpe32a_active_power,804.5842104550001,2025-11-11T01:00:00.000Z
sensor.11_varmepumpe32a_active_power,1073.6199653844444,2025-11-11T02:00:00.000Z
sensor.11_varmepumpe32a_active_power,536.5520684055556,2025-11-11T03:00:00.000Z
sensor.11_varmepumpe32a_active_power,891.7785487350001,2025-11-11T04:00:00.000Z
sensor.11_varmepumpe32a_active_power,797.7247696555555,2025-11-11T05:00:00.000Z
sensor.11_varmepumpe32a_active_power,170.64422923833334,2025-11-11T06:00:00.000Z
sensor.11_varmepumpe32a_active_power,1002.9056267330556,2025-11-11T07:00:00.000Z
sensor.11_varmepumpe32a_active_power,518.8028452186111,2025-11-11T08:00:00.000Z
sensor.11_varmepumpe32a_active_power,850.6216039683333,2025-11-11T09:00:00.000Z
sensor.11_varmepumpe32a_active_power,971.730917801111,2025-11-11T10:00:00.000Z
sensor.11_varmepumpe32a_active_power,1455.9197753463889,2025-11-11T11:00:00.000Z
sensor.11_varmepumpe32a_active_power,1588.3788409158333,2025-11-11T12:00:00.000Z
sensor.11_varmepumpe32a_active_power,466.31224773,2025-11-11T13:00:00.000Z
sensor.11_varmepumpe32a_active_power,795.41352951,2025-11-11T14:00:00.000Z
sensor.11_varmepumpe32a_active_power,726.0667745741666,2025-11-11T15:00:00.000Z
sensor.11_varmepumpe32a_active_power,540.8689647808334,2025-11-11T16:00:00.000Z
sensor.11_varmepumpe32a_active_power,836.6205921719444,2025-11-11T17:00:00.000Z
sensor.11_varmepumpe32a_active_power,760.2358669208334,2025-11-11T18:00:00.000Z
sensor.11_varmepumpe32a_active_power,769.2730618141667,2025-11-11T19:00:00.000Z
sensor.11_varmepumpe32a_active_power,601.3968697805556,2025-11-11T20:00:00.000Z
sensor.11_varmepumpe32a_active_power,950.368075905,2025-11-11T21:00:00.000Z
sensor.11_varmepumpe32a_active_power,657.4709745402778,2025-11-11T22:00:00.000Z
sensor.11_varmepumpe32a_active_power,789.2125347883333,2025-11-11T23:00:00.000Z
sensor.11_varmepumpe32a_active_power,720.9369567566667,2025-11-12T00:00:00.000Z
sensor.11_varmepumpe32a_active_power,561.0772837158333,2025-11-12T01:00:00.000Z
sensor.11_varmepumpe32a_active_power,754.7071160566667,2025-11-12T02:00:00.000Z
sensor.11_varmepumpe32a_active_power,379.13614719630135,2025-11-12T03:00:00.000Z
sensor.11_varmepumpe32a_active_power,198.84426652361108,2025-11-12T04:00:00.000Z
sensor.11_varmepumpe32a_active_power,730.2651411913888,2025-11-12T05:00:00.000Z
sensor.11_varmepumpe32a_active_power,2247.919246374519,2025-11-12T06:00:00.000Z
sensor.11_varmepumpe32a_active_power,1597.773613136111,2025-11-12T07:00:00.000Z
sensor.11_varmepumpe32a_active_power,901.5648429928601,2025-11-12T08:00:00.000Z
sensor.11_varmepumpe32a_active_power,772.5060293786111,2025-11-12T09:00:00.000Z
sensor.11_varmepumpe32a_active_power,610.9595049972222,2025-11-12T10:00:00.000Z
sensor.11_varmepumpe32a_active_power,565.294286458611,2025-11-12T11:00:00.000Z
sensor.11_varmepumpe32a_active_power,814.9761796344445,2025-11-12T12:00:00.000Z
sensor.11_varmepumpe32a_active_power,547.0269260211111,2025-11-12T13:00:00.000Z
sensor.11_varmepumpe32a_active_power,929.0388536647223,2025-11-12T14:00:00.000Z
sensor.11_varmepumpe32a_active_power,1706.2415517333332,2025-11-12T15:00:00.000Z
sensor.11_varmepumpe32a_active_power,714.2710336536111,2025-11-12T16:00:00.000Z
sensor.11_varmepumpe32a_active_power,707.4415918080555,2025-11-12T17:00:00.000Z
sensor.11_varmepumpe32a_active_power,1091.4665964590477,2025-11-12T18:00:00.000Z
sensor.11_varmepumpe32a_active_power,521.5944469623763,2025-11-14T15:00:00.000Z
sensor.11_varmepumpe32a_active_power,1570.7850412630557,2025-11-14T16:00:00.000Z
sensor.11_varmepumpe32a_active_power,1592.2535543458334,2025-11-14T17:00:00.000Z
sensor.11_varmepumpe32a_active_power,1335.477032641111,2025-11-14T18:00:00.000Z
sensor.11_varmepumpe32a_active_power,1537.5557163927779,2025-11-14T19:00:00.000Z
sensor.11_varmepumpe32a_active_power,1842.2155507230555,2025-11-14T20:00:00.000Z
sensor.11_varmepumpe32a_active_power,2037.3982582461113,2025-11-14T21:00:00.000Z
sensor.11_varmepumpe32a_active_power,1826.5905185352776,2025-11-14T22:00:00.000Z
sensor.11_varmepumpe32a_active_power,2044.3916805072222,2025-11-14T23:00:00.000Z
sensor.11_varmepumpe32a_active_power,1831.6134155347224,2025-11-15T00:00:00.000Z
sensor.11_varmepumpe32a_active_power,2154.3451455022223,2025-11-15T01:00:00.000Z
sensor.11_varmepumpe32a_active_power,2599.8884708041664,2025-11-15T02:00:00.000Z
sensor.11_varmepumpe32a_active_power,3403.6551995405557,2025-11-15T03:00:00.000Z
sensor.11_varmepumpe32a_active_power,1338.1440700244445,2025-11-15T04:00:00.000Z
sensor.11_varmepumpe32a_active_power,1874.5512800216668,2025-11-15T05:00:00.000Z
sensor.11_varmepumpe32a_active_power,420.4231009744444,2025-11-15T06:00:00.000Z
sensor.11_varmepumpe32a_active_power,1410.878245208889,2025-11-15T07:00:00.000Z
sensor.11_varmepumpe32a_active_power,1350.9433042816665,2025-11-15T08:00:00.000Z
sensor.11_varmepumpe32a_active_power,2197.1674110755553,2025-11-15T09:00:00.000Z
sensor.11_varmepumpe32a_active_power,3603.0081759580557,2025-11-15T10:00:00.000Z
sensor.11_varmepumpe32a_active_power,2691.0270439041665,2025-11-15T11:00:00.000Z
sensor.11_varmepumpe32a_active_power,1814.4586677722225,2025-11-15T12:00:00.000Z
sensor.11_varmepumpe32a_active_power,2109.932521516389,2025-11-15T13:00:00.000Z
sensor.11_varmepumpe32a_active_power,1846.6852195152778,2025-11-15T14:00:00.000Z
sensor.11_varmepumpe32a_active_power,1746.2955163838888,2025-11-15T15:00:00.000Z
sensor.11_varmepumpe32a_active_power,1930.534826811111,2025-11-15T16:00:00.000Z
sensor.11_varmepumpe32a_active_power,1518.4848740433335,2025-11-15T17:00:00.000Z
sensor.11_varmepumpe32a_active_power,1529.7058006544446,2025-11-15T18:00:00.000Z
sensor.11_varmepumpe32a_active_power,1513.2332451338889,2025-11-15T19:00:00.000Z
sensor.11_varmepumpe32a_active_power,1684.3109190147222,2025-11-15T20:00:00.000Z
sensor.11_varmepumpe32a_active_power,2145.2198143472224,2025-11-15T21:00:00.000Z
sensor.11_varmepumpe32a_active_power,3472.2483737227776,2025-11-15T22:00:00.000Z
sensor.11_varmepumpe32a_active_power,1947.6043318863888,2025-11-15T23:00:00.000Z
sensor.11_varmepumpe32a_active_power,2648.265274890833,2025-11-16T00:00:00.000Z
sensor.11_varmepumpe32a_active_power,1011.4045795046005,2025-11-16T01:00:00.000Z
sensor.11_varmepumpe32a_active_power,1747.6887711486113,2025-11-16T02:00:00.000Z
sensor.11_varmepumpe32a_active_power,1070.667984993611,2025-11-16T03:00:00.000Z
sensor.11_varmepumpe32a_active_power,651.6755460025,2025-11-16T04:00:00.000Z
sensor.11_varmepumpe32a_active_power,1565.5846214441665,2025-11-16T05:00:00.000Z
sensor.11_varmepumpe32a_active_power,620.0432387577778,2025-11-16T06:00:00.000Z
sensor.11_varmepumpe32a_active_power,1030.5781126313889,2025-11-16T07:00:00.000Z
sensor.11_varmepumpe32a_active_power,1707.0355984788887,2025-11-16T08:00:00.000Z
sensor.11_varmepumpe32a_active_power,2176.513200208056,2025-11-16T09:00:00.000Z
sensor.11_varmepumpe32a_active_power,3491.339953188611,2025-11-16T10:00:00.000Z
sensor.11_varmepumpe32a_active_power,2776.411098204167,2025-11-16T11:00:00.000Z
sensor.11_varmepumpe32a_active_power,2038.8231013927777,2025-11-16T12:00:00.000Z
sensor.11_varmepumpe32a_active_power,2046.9233730936112,2025-11-16T13:00:00.000Z
sensor.11_varmepumpe32a_active_power,2115.8592604872224,2025-11-16T14:00:00.000Z
sensor.11_varmepumpe32a_active_power,1856.703676988611,2025-11-16T15:00:00.000Z
sensor.11_varmepumpe32a_active_power,2562.475535295833,2025-11-16T16:00:00.000Z
sensor.11_varmepumpe32a_active_power,2345.9535440155555,2025-11-16T17:00:00.000Z
sensor.11_varmepumpe32a_active_power,2152.9603692566666,2025-11-16T18:00:00.000Z
sensor.11_varmepumpe32a_active_power,2201.5618367336115,2025-11-16T19:00:00.000Z
sensor.11_varmepumpe32a_active_power,2589.1200630925,2025-11-16T20:00:00.000Z
sensor.11_varmepumpe32a_active_power,2371.813619819722,2025-11-16T21:00:00.000Z
sensor.11_varmepumpe32a_active_power,1973.2073592038887,2025-11-16T22:00:00.000Z
sensor.11_varmepumpe32a_active_power,2346.7913384797225,2025-11-16T23:00:00.000Z
sensor.11_varmepumpe32a_active_power,3755.976359581666,2025-11-17T00:00:00.000Z
sensor.11_varmepumpe32a_active_power,2487.740708127778,2025-11-17T01:00:00.000Z
sensor.11_varmepumpe32a_active_power,2494.130942136389,2025-11-17T02:00:00.000Z
sensor.11_varmepumpe32a_active_power,2515.8596556144444,2025-11-17T03:00:00.000Z
sensor.11_varmepumpe32a_active_power,2827.3035641747224,2025-11-17T04:00:00.000Z
sensor.11_varmepumpe32a_active_power,3038.5835416669447,2025-11-17T05:00:00.000Z
sensor.11_varmepumpe32a_active_power,2354.3030257619444,2025-11-17T06:00:00.000Z
sensor.11_varmepumpe32a_active_power,3182.7143745927774,2025-11-17T07:00:00.000Z
sensor.11_varmepumpe32a_active_power,2911.6021508931804,2025-11-17T08:00:00.000Z
sensor.11_varmepumpe32a_active_power,2699.3066611066665,2025-11-17T09:00:00.000Z
sensor.11_varmepumpe32a_active_power,1682.6912111172223,2025-11-17T10:00:00.000Z
sensor.11_varmepumpe32a_active_power,2381.6046256077775,2025-11-17T11:00:00.000Z
sensor.11_varmepumpe32a_active_power,1888.0516758419444,2025-11-17T12:00:00.000Z
sensor.11_varmepumpe32a_active_power,1376.2102173786113,2025-11-17T13:00:00.000Z
sensor.11_varmepumpe32a_active_power,1398.1088234630554,2025-11-17T14:00:00.000Z
sensor.11_varmepumpe32a_active_power,1436.2005992330553,2025-11-17T15:00:00.000Z
sensor.11_varmepumpe32a_active_power,1082.5811349286112,2025-11-17T16:00:00.000Z
sensor.11_varmepumpe32a_active_power,2036.9338677558333,2025-11-17T17:00:00.000Z
sensor.11_varmepumpe32a_active_power,2170.9465862266666,2025-11-17T18:00:00.000Z
sensor.11_varmepumpe32a_active_power,2086.5873494172224,2025-11-17T19:00:00.000Z
sensor.11_varmepumpe32a_active_power,1996.5648031269445,2025-11-17T20:00:00.000Z
sensor.11_varmepumpe32a_active_power,1850.2694492811113,2025-11-17T21:00:00.000Z
sensor.11_varmepumpe32a_active_power,3304.5772993436112,2025-11-17T22:00:00.000Z
sensor.11_varmepumpe32a_active_power,2385.7902027325,2025-11-17T23:00:00.000Z
sensor.11_varmepumpe32a_active_power,2081.0995015116664,2025-11-18T00:00:00.000Z
sensor.11_varmepumpe32a_active_power,1942.5659871325,2025-11-18T01:00:00.000Z
sensor.11_varmepumpe32a_active_power,1724.4081679394446,2025-11-18T02:00:00.000Z
sensor.11_varmepumpe32a_active_power,2734.794584525278,2025-11-18T03:00:00.000Z
sensor.11_varmepumpe32a_active_power,3154.9718553105554,2025-11-18T04:00:00.000Z
sensor.11_varmepumpe32a_active_power,3160.0833660619446,2025-11-18T05:00:00.000Z
sensor.11_varmepumpe32a_active_power,2400.4136318122223,2025-11-18T06:00:00.000Z
sensor.11_varmepumpe32a_active_power,3304.602933416945,2025-11-18T07:00:00.000Z
sensor.11_varmepumpe32a_active_power,1692.4017238794443,2025-11-18T08:00:00.000Z
sensor.11_varmepumpe32a_active_power,3018.7692041519445,2025-11-18T09:00:00.000Z
sensor.11_varmepumpe32a_active_power,1056.7860297852778,2025-11-18T10:00:00.000Z
sensor.11_varmepumpe32a_active_power,1952.9119292000003,2025-11-18T11:00:00.000Z
sensor.11_varmepumpe32a_active_power,1042.3436416966667,2025-11-18T12:00:00.000Z
sensor.11_varmepumpe32a_active_power,1446.3026190575,2025-11-18T13:00:00.000Z
sensor.11_varmepumpe32a_active_power,1857.3401606997222,2025-11-18T14:00:00.000Z
sensor.11_varmepumpe32a_active_power,1518.0373782194445,2025-11-18T15:00:00.000Z
sensor.11_varmepumpe32a_active_power,1508.3540656880557,2025-11-18T16:00:00.000Z
sensor.11_varmepumpe32a_active_power,1875.0653325252779,2025-11-18T17:00:00.000Z
sensor.11_varmepumpe32a_active_power,1227.8441939636111,2025-11-18T18:00:00.000Z
sensor.11_varmepumpe32a_active_power,1479.267850222778,2025-11-18T19:00:00.000Z
sensor.11_varmepumpe32a_active_power,1663.2293950208332,2025-11-18T20:00:00.000Z
sensor.11_varmepumpe32a_active_power,1551.3739090372221,2025-11-18T21:00:00.000Z
sensor.11_varmepumpe32a_active_power,2337.081758561111,2025-11-18T22:00:00.000Z
sensor.11_varmepumpe32a_active_power,2462.211767820278,2025-11-18T23:00:00.000Z
sensor.11_varmepumpe32a_active_power,2627.8224674352778,2025-11-19T00:00:00.000Z
sensor.11_varmepumpe32a_active_power,2480.7912658966666,2025-11-19T01:00:00.000Z
sensor.11_varmepumpe32a_active_power,2816.6914263633334,2025-11-19T02:00:00.000Z
sensor.11_varmepumpe32a_active_power,2536.1197393125,2025-11-19T03:00:00.000Z
sensor.11_varmepumpe32a_active_power,2214.4317257978496,2025-11-19T04:00:00.000Z
sensor.11_varmepumpe32a_active_power,2350.3825832819443,2025-11-19T05:00:00.000Z
sensor.11_varmepumpe32a_active_power,2540.9013425611115,2025-11-19T06:00:00.000Z
sensor.11_varmepumpe32a_active_power,2274.4660351400003,2025-11-19T07:00:00.000Z
sensor.11_varmepumpe32a_active_power,2084.408548494101,2025-11-19T08:00:00.000Z
sensor.11_varmepumpe32a_active_power,2167.6929565108335,2025-11-19T09:00:00.000Z
sensor.11_varmepumpe32a_active_power,2240.4744746130555,2025-11-19T10:00:00.000Z
sensor.11_varmepumpe32a_active_power,2448.7846192341667,2025-11-19T11:00:00.000Z
sensor.11_varmepumpe32a_active_power,2714.5492299447224,2025-11-19T12:00:00.000Z
sensor.11_varmepumpe32a_active_power,2210.7410877269444,2025-11-19T13:00:00.000Z
sensor.11_varmepumpe32a_active_power,1197.6246696197222,2025-11-19T14:00:00.000Z
sensor.11_varmepumpe32a_active_power,1566.1787497658333,2025-11-19T15:00:00.000Z
sensor.11_varmepumpe32a_active_power,1927.7047414797223,2025-11-19T16:00:00.000Z
sensor.11_varmepumpe32a_active_power,2001.2404854730555,2025-11-19T17:00:00.000Z
sensor.11_varmepumpe32a_active_power,2678.0824280211114,2025-11-19T18:00:00.000Z
sensor.11_varmepumpe32a_active_power,2603.141699521667,2025-11-19T19:00:00.000Z
sensor.11_varmepumpe32a_active_power,2494.5526734218183,2025-11-19T20:00:00.000Z
sensor.11_varmepumpe32a_active_power,3057.964952844722,2025-11-19T21:00:00.000Z
sensor.11_varmepumpe32a_active_power,2986.9908813052775,2025-11-19T22:00:00.000Z
sensor.11_varmepumpe32a_active_power,2306.0488726602775,2025-11-19T23:00:00.000Z
sensor.11_varmepumpe32a_active_power,2437.9894288758333,2025-11-20T00:00:00.000Z
sensor.11_varmepumpe32a_active_power,1866.5458751705555,2025-11-20T01:00:00.000Z
sensor.11_varmepumpe32a_active_power,1895.9732744680557,2025-11-20T02:00:00.000Z
sensor.11_varmepumpe32a_active_power,3332.5694112991664,2025-11-20T03:00:00.000Z
sensor.11_varmepumpe32a_active_power,2723.868093373055,2025-11-20T04:00:00.000Z
sensor.11_varmepumpe32a_active_power,1500.7971357833333,2025-11-20T05:00:00.000Z
sensor.11_varmepumpe32a_active_power,2027.0239438936112,2025-11-20T06:00:00.000Z
sensor.11_varmepumpe32a_active_power,2044.2852475255033,2025-11-20T07:00:00.000Z
sensor.11_varmepumpe32a_active_power,1834.6329407808335,2025-11-20T08:00:00.000Z
sensor.11_varmepumpe32a_active_power,3446.1728262227775,2025-11-20T09:00:00.000Z
sensor.11_varmepumpe32a_active_power,3459.3683891597225,2025-11-20T10:00:00.000Z
sensor.11_varmepumpe32a_active_power,3206.1894672716667,2025-11-20T11:00:00.000Z
sensor.11_varmepumpe32a_active_power,2526.8862382188886,2025-11-20T12:00:00.000Z
sensor.11_varmepumpe32a_active_power,2650.745249685278,2025-11-20T13:00:00.000Z
sensor.11_varmepumpe32a_active_power,2329.2978799352777,2025-11-20T14:00:00.000Z
sensor.11_varmepumpe32a_active_power,2256.3683983602778,2025-11-20T15:00:00.000Z
sensor.11_varmepumpe32a_active_power,2798.9260848161116,2025-11-20T16:00:00.000Z
sensor.11_varmepumpe32a_active_power,2377.638904571111,2025-11-20T17:00:00.000Z
sensor.11_varmepumpe32a_active_power,2170.2819742576785,2025-11-20T18:00:00.000Z
sensor.11_varmepumpe32a_active_power,2602.3935619780555,2025-11-20T19:00:00.000Z
sensor.11_varmepumpe32a_active_power,2758.2551291233335,2025-11-20T20:00:00.000Z
sensor.11_varmepumpe32a_active_power,2127.5951832830556,2025-11-20T21:00:00.000Z
sensor.11_varmepumpe32a_active_power,2112.525008851944,2025-11-20T22:00:00.000Z
sensor.11_varmepumpe32a_active_power,2389.599493396111,2025-11-20T23:00:00.000Z
sensor.11_varmepumpe32a_active_power,2675.781606461667,2025-11-21T00:00:00.000Z
sensor.11_varmepumpe32a_active_power,2531.9518867675,2025-11-21T01:00:00.000Z
sensor.11_varmepumpe32a_active_power,2550.079450284286,2025-11-21T02:00:00.000Z
sensor.11_varmepumpe32a_active_power,2048.4991347068526,2025-11-21T12:00:00.000Z
sensor.11_varmepumpe32a_active_power,1559.5297656927778,2025-11-21T13:00:00.000Z
sensor.11_varmepumpe32a_active_power,1562.1586469827778,2025-11-21T14:00:00.000Z
sensor.11_varmepumpe32a_active_power,2009.7236136210247,2025-11-21T15:00:00.000Z
sensor.11_varmepumpe32a_active_power,1948.2142029238892,2025-11-21T16:00:00.000Z
sensor.11_varmepumpe32a_active_power,1855.7088502883332,2025-11-21T17:00:00.000Z
sensor.11_varmepumpe32a_active_power,2295.585037414499,2025-11-21T23:00:00.000Z
sensor.11_varmepumpe32a_active_power,2330.6557446530555,2025-11-22T00:00:00.000Z
sensor.11_varmepumpe32a_active_power,3322.2959918688884,2025-11-22T01:00:00.000Z
sensor.11_varmepumpe32a_active_power,3244.4567768977777,2025-11-22T02:00:00.000Z
sensor.11_varmepumpe32a_active_power,2389.345999597222,2025-11-22T03:00:00.000Z
sensor.11_varmepumpe32a_active_power,2356.7736406812123,2025-11-22T04:00:00.000Z
sensor.11_varmepumpe32a_active_power,2529.346920928611,2025-11-22T05:00:00.000Z
sensor.11_varmepumpe32a_active_power,1972.7657496980555,2025-11-22T06:00:00.000Z
sensor.11_varmepumpe32a_active_power,3135.7846752972223,2025-11-22T07:00:00.000Z
sensor.11_varmepumpe32a_active_power,2614.563823302778,2025-11-22T08:00:00.000Z
sensor.11_varmepumpe32a_active_power,1866.6634469733333,2025-11-22T09:00:00.000Z
sensor.11_varmepumpe32a_active_power,2030.1601488838235,2025-11-22T10:00:00.000Z
sensor.11_varmepumpe32a_active_power,2137.525972658333,2025-11-22T11:00:00.000Z
sensor.11_varmepumpe32a_active_power,2191.2701435013887,2025-11-22T12:00:00.000Z
sensor.11_varmepumpe32a_active_power,1165.8278686455556,2025-11-22T13:00:00.000Z
sensor.11_varmepumpe32a_active_power,1496.3475386127777,2025-11-22T14:00:00.000Z
sensor.11_varmepumpe32a_active_power,2203.535102904722,2025-11-22T15:00:00.000Z
sensor.11_varmepumpe32a_active_power,1375.4675469683334,2025-11-22T16:00:00.000Z
sensor.11_varmepumpe32a_active_power,1426.797402403333,2025-11-22T17:00:00.000Z
sensor.11_varmepumpe32a_active_power,143.25520505285715,2025-11-22T18:00:00.000Z
sensor.11_varmepumpe32a_active_power,205.26391950061287,2025-11-23T00:00:00.000Z
sensor.11_varmepumpe32a_active_power,1106.5815750091667,2025-11-23T01:00:00.000Z
sensor.11_varmepumpe32a_active_power,737.1970330830555,2025-11-23T02:00:00.000Z
sensor.11_varmepumpe32a_active_power,2065.0581189580557,2025-11-23T03:00:00.000Z
sensor.11_varmepumpe32a_active_power,1853.0113133228651,2025-11-23T04:00:00.000Z
sensor.11_varmepumpe32a_active_power,703.1385021752777,2025-11-23T05:00:00.000Z
sensor.11_varmepumpe32a_active_power,743.8939330899999,2025-11-23T06:00:00.000Z
sensor.11_varmepumpe32a_active_power,762.2997923271909,2025-11-23T07:00:00.000Z
sensor.11_varmepumpe32a_active_power,748.9450362138888,2025-11-23T08:00:00.000Z
sensor.11_varmepumpe32a_active_power,976.8774606175001,2025-11-23T09:00:00.000Z
sensor.11_varmepumpe32a_active_power,1796.2417631480555,2025-11-23T10:00:00.000Z
sensor.11_varmepumpe32a_active_power,1216.573769728611,2025-11-23T11:00:00.000Z
sensor.11_varmepumpe32a_active_power,1382.3961590980555,2025-11-23T12:00:00.000Z
sensor.11_varmepumpe32a_active_power,1354.9336195230555,2025-11-23T13:00:00.000Z
sensor.11_varmepumpe32a_active_power,1309.3039267133333,2025-11-23T14:00:00.000Z
sensor.11_varmepumpe32a_active_power,1326.6696919880555,2025-11-23T15:00:00.000Z
sensor.11_varmepumpe32a_active_power,1407.6945524422224,2025-11-23T16:00:00.000Z
sensor.11_varmepumpe32a_active_power,1176.4678857908334,2025-11-23T17:00:00.000Z
sensor.11_varmepumpe32a_active_power,1210.495314423611,2025-11-23T18:00:00.000Z
sensor.11_varmepumpe32a_active_power,1474.8415058792423,2025-11-23T19:00:00.000Z
sensor.11_varmepumpe32a_active_power,1770.2367148030555,2025-11-23T20:00:00.000Z
sensor.11_varmepumpe32a_active_power,1515.0639827272223,2025-11-23T21:00:00.000Z
sensor.11_varmepumpe32a_active_power,1521.7963719709091,2025-11-23T22:00:00.000Z
sensor.11_varmepumpe32a_active_power,958.6887925783334,2025-11-23T23:00:00.000Z
sensor.11_varmepumpe32a_active_power,1762.415721784722,2025-11-24T00:00:00.000Z
sensor.11_varmepumpe32a_active_power,3171.8625281430554,2025-11-24T01:00:00.000Z
sensor.11_varmepumpe32a_active_power,1535.6354349316664,2025-11-24T02:00:00.000Z
sensor.11_varmepumpe32a_active_power,1388.2643822383334,2025-11-24T03:00:00.000Z
sensor.11_varmepumpe32a_active_power,1818.2631153305556,2025-11-24T04:00:00.000Z
sensor.11_varmepumpe32a_active_power,1639.904824006111,2025-11-24T05:00:00.000Z
sensor.11_varmepumpe32a_active_power,1637.8558583391668,2025-11-24T06:00:00.000Z
sensor.11_varmepumpe32a_active_power,1982.1958788327777,2025-11-24T07:00:00.000Z
sensor.11_varmepumpe32a_active_power,1803.2868650461112,2025-11-24T08:00:00.000Z
sensor.11_varmepumpe32a_active_power,1830.1733404075,2025-11-24T09:00:00.000Z
sensor.11_varmepumpe32a_active_power,1997.6487421819445,2025-11-24T10:00:00.000Z
sensor.11_varmepumpe32a_active_power,2110.8081877725,2025-11-24T11:00:00.000Z
sensor.11_varmepumpe32a_active_power,2582.5547756002775,2025-11-24T12:00:00.000Z
sensor.11_varmepumpe32a_active_power,1812.7431352705555,2025-11-24T13:00:00.000Z
sensor.11_varmepumpe32a_active_power,2033.8242362922222,2025-11-24T14:00:00.000Z
sensor.11_varmepumpe32a_active_power,1884.0736948091665,2025-11-24T15:00:00.000Z
sensor.11_varmepumpe32a_active_power,1940.403286592222,2025-11-24T16:00:00.000Z
sensor.11_varmepumpe32a_active_power,1780.5201508048488,2025-11-24T17:00:00.000Z
sensor.11_varmepumpe32a_active_power,1212.9490059500001,2025-11-24T18:00:00.000Z
sensor.11_varmepumpe32a_active_power,1845.3658999025,2025-11-24T19:00:00.000Z
sensor.11_varmepumpe32a_active_power,1167.686255701389,2025-11-24T20:00:00.000Z
sensor.11_varmepumpe32a_active_power,1331.5292283494443,2025-11-24T21:00:00.000Z
sensor.11_varmepumpe32a_active_power,1804.85584059,2025-11-24T22:00:00.000Z
sensor.11_varmepumpe32a_active_power,1451.2592911269442,2025-11-24T23:00:00.000Z
sensor.11_varmepumpe32a_active_power,913.0062052036111,2025-11-25T00:00:00.000Z
sensor.11_varmepumpe32a_active_power,1804.1214627519446,2025-11-25T01:00:00.000Z
sensor.11_varmepumpe32a_active_power,1571.3194255633334,2025-11-25T02:00:00.000Z
sensor.11_varmepumpe32a_active_power,2704.313619276111,2025-11-25T03:00:00.000Z
sensor.11_varmepumpe32a_active_power,3147.8307132738887,2025-11-25T04:00:00.000Z
sensor.11_varmepumpe32a_active_power,2276,2025-11-25T05:00:00.000Z
sensor.11_varmepumpe32a_active_power,2276,2025-11-25T06:00:00.000Z
sensor.11_varmepumpe32a_active_power,1515.2299757722221,2025-12-02T23:00:00.000Z
sensor.11_varmepumpe32a_active_power,803.5727510588889,2025-12-03T00:00:00.000Z
sensor.11_varmepumpe32a_active_power,608.7781908658334,2025-12-03T01:00:00.000Z
sensor.11_varmepumpe32a_active_power,1071.8238379977777,2025-12-03T02:00:00.000Z
sensor.11_varmepumpe32a_active_power,1403.2061391255556,2025-12-03T03:00:00.000Z
sensor.11_varmepumpe32a_active_power,1684.0052714136111,2025-12-03T04:00:00.000Z
sensor.11_varmepumpe32a_active_power,749.7543789805555,2025-12-03T05:00:00.000Z
sensor.11_varmepumpe32a_active_power,689.5092553177778,2025-12-03T06:00:00.000Z
sensor.11_varmepumpe32a_active_power,919.4099886150001,2025-12-03T07:00:00.000Z
sensor.11_varmepumpe32a_active_power,773.0541497380555,2025-12-03T08:00:00.000Z
sensor.11_varmepumpe32a_active_power,823.7145821150001,2025-12-03T09:00:00.000Z
sensor.11_varmepumpe32a_active_power,716.8884492536112,2025-12-03T10:00:00.000Z
sensor.11_varmepumpe32a_active_power,1929.2209583675,2025-12-03T11:00:00.000Z
sensor.11_varmepumpe32a_active_power,1293.2088974716667,2025-12-03T12:00:00.000Z
sensor.11_varmepumpe32a_active_power,751.8850479205556,2025-12-03T13:00:00.000Z
sensor.11_varmepumpe32a_active_power,1086.0233400250002,2025-12-03T14:00:00.000Z
sensor.11_varmepumpe32a_active_power,591.6085392211111,2025-12-03T15:00:00.000Z
sensor.11_varmepumpe32a_active_power,1038.8106461827776,2025-12-03T16:00:00.000Z
sensor.11_varmepumpe32a_active_power,808.5314673927778,2025-12-03T17:00:00.000Z
sensor.11_varmepumpe32a_active_power,1031.3859327502778,2025-12-03T18:00:00.000Z
sensor.11_varmepumpe32a_active_power,448.65889674416667,2025-12-03T19:00:00.000Z
sensor.11_varmepumpe32a_active_power,928.1737000733333,2025-12-03T20:00:00.000Z
sensor.11_varmepumpe32a_active_power,1078.5671968183333,2025-12-03T21:00:00.000Z
sensor.11_varmepumpe32a_active_power,949.1162598338889,2025-12-03T22:00:00.000Z
sensor.11_varmepumpe32a_active_power,871.0965840561256,2025-12-03T23:00:00.000Z
sensor.11_varmepumpe32a_active_power,859.9427437241666,2025-12-04T00:00:00.000Z
sensor.11_varmepumpe32a_active_power,627.4743412716667,2025-12-04T01:00:00.000Z
sensor.11_varmepumpe32a_active_power,485.42361516333335,2025-12-04T02:00:00.000Z
sensor.11_varmepumpe32a_active_power,1794.2122174497224,2025-12-04T03:00:00.000Z
sensor.11_varmepumpe32a_active_power,1833.4620305608335,2025-12-04T04:00:00.000Z
sensor.11_varmepumpe32a_active_power,1350.9018118497222,2025-12-04T05:00:00.000Z
sensor.11_varmepumpe32a_active_power,1019.8035211636111,2025-12-04T06:00:00.000Z
sensor.11_varmepumpe32a_active_power,1196.6624851941667,2025-12-04T07:00:00.000Z
sensor.11_varmepumpe32a_active_power,1104.516294965,2025-12-04T08:00:00.000Z
sensor.11_varmepumpe32a_active_power,1028.6355262630557,2025-12-04T09:00:00.000Z
sensor.11_varmepumpe32a_active_power,1146.2813385211111,2025-12-04T10:00:00.000Z
sensor.11_varmepumpe32a_active_power,1674.3502297491666,2025-12-04T11:00:00.000Z
sensor.11_varmepumpe32a_active_power,1636.3495968747222,2025-12-04T12:00:00.000Z
sensor.11_varmepumpe32a_active_power,907.8826218594445,2025-12-04T13:00:00.000Z
sensor.11_varmepumpe32a_active_power,749.9241249311111,2025-12-04T14:00:00.000Z
sensor.11_varmepumpe32a_active_power,953.4423827877778,2025-12-04T15:00:00.000Z
sensor.11_varmepumpe32a_active_power,1678.7474861086112,2025-12-04T16:00:00.000Z
sensor.11_varmepumpe32a_active_power,1159.3617741975,2025-12-04T17:00:00.000Z
sensor.11_varmepumpe32a_active_power,1290.5046603725,2025-12-04T18:00:00.000Z
sensor.11_varmepumpe32a_active_power,1201.337274095,2025-12-04T19:00:00.000Z
sensor.11_varmepumpe32a_active_power,1166.492107068889,2025-12-04T20:00:00.000Z
sensor.11_varmepumpe32a_active_power,3316.9578765747224,2025-12-04T21:00:00.000Z
sensor.11_varmepumpe32a_active_power,1719.8104261602778,2025-12-04T22:00:00.000Z
sensor.11_varmepumpe32a_active_power,1160.8553024294445,2025-12-04T23:00:00.000Z
sensor.11_varmepumpe32a_active_power,1132.2927921583334,2025-12-05T00:00:00.000Z
sensor.11_varmepumpe32a_active_power,852.7269689922223,2025-12-05T01:00:00.000Z
sensor.11_varmepumpe32a_active_power,1141.3217894791667,2025-12-05T02:00:00.000Z
sensor.11_varmepumpe32a_active_power,1700.8836344380554,2025-12-05T03:00:00.000Z
sensor.11_varmepumpe32a_active_power,1787.9039861498977,2025-12-05T04:00:00.000Z
sensor.11_varmepumpe32a_active_power,2060.436234531389,2025-12-05T05:00:00.000Z
sensor.11_varmepumpe32a_active_power,1817.4314105766664,2025-12-05T06:00:00.000Z
sensor.11_varmepumpe32a_active_power,1518.3689527988888,2025-12-05T07:00:00.000Z
sensor.11_varmepumpe32a_active_power,1450.8705394266665,2025-12-05T08:00:00.000Z
sensor.11_varmepumpe32a_active_power,1670.3900252697222,2025-12-05T09:00:00.000Z
sensor.11_varmepumpe32a_active_power,1327.6383896569446,2025-12-05T10:00:00.000Z
sensor.11_varmepumpe32a_active_power,1229.444854155,2025-12-05T11:00:00.000Z
sensor.11_varmepumpe32a_active_power,1609.0039635516666,2025-12-05T12:00:00.000Z
sensor.11_varmepumpe32a_active_power,1541.5235032400003,2025-12-05T13:00:00.000Z
sensor.11_varmepumpe32a_active_power,1394.8422515416667,2025-12-05T14:00:00.000Z
sensor.11_varmepumpe32a_active_power,1434.79742513,2025-12-05T15:00:00.000Z
sensor.11_varmepumpe32a_active_power,1384.3195516475,2025-12-05T16:00:00.000Z
sensor.11_varmepumpe32a_active_power,1804.2650022255555,2025-12-05T17:00:00.000Z
sensor.11_varmepumpe32a_active_power,930.0067036505556,2025-12-05T18:00:00.000Z
sensor.11_varmepumpe32a_active_power,958.5156042955555,2025-12-05T19:00:00.000Z
sensor.11_varmepumpe32a_active_power,1127.9067809936112,2025-12-05T20:00:00.000Z
sensor.11_varmepumpe32a_active_power,996.2959391202777,2025-12-05T21:00:00.000Z
sensor.11_varmepumpe32a_active_power,1074.5569160872221,2025-12-05T22:00:00.000Z
sensor.11_varmepumpe32a_active_power,1113.6365258555556,2025-12-05T23:00:00.000Z
sensor.11_varmepumpe32a_active_power,2254.702965621111,2025-12-06T00:00:00.000Z
sensor.11_varmepumpe32a_active_power,1654.5454797708333,2025-12-06T01:00:00.000Z
sensor.11_varmepumpe32a_active_power,1244.1974653077777,2025-12-06T02:00:00.000Z
sensor.11_varmepumpe32a_active_power,1430.649143838611,2025-12-06T03:00:00.000Z
sensor.11_varmepumpe32a_active_power,1137.2476526177777,2025-12-06T04:00:00.000Z
sensor.11_varmepumpe32a_active_power,1638.8648684919444,2025-12-06T05:00:00.000Z
sensor.11_varmepumpe32a_active_power,1427.9291354519446,2025-12-06T06:00:00.000Z
sensor.11_varmepumpe32a_active_power,1286.0814014652776,2025-12-06T07:00:00.000Z
sensor.11_varmepumpe32a_active_power,1403.034225373889,2025-12-06T08:00:00.000Z
sensor.11_varmepumpe32a_active_power,1734.4640899875,2025-12-06T09:00:00.000Z
sensor.11_varmepumpe32a_active_power,1097.0908518802778,2025-12-06T10:00:00.000Z
sensor.11_varmepumpe32a_active_power,1612.9761806308334,2025-12-06T11:00:00.000Z
sensor.11_varmepumpe32a_active_power,2157.5131457527777,2025-12-06T12:00:00.000Z
sensor.11_varmepumpe32a_active_power,1346.3620096391667,2025-12-06T13:00:00.000Z
sensor.11_varmepumpe32a_active_power,958.724473025,2025-12-06T14:00:00.000Z
sensor.11_varmepumpe32a_active_power,1360.2712515533333,2025-12-06T15:00:00.000Z
sensor.11_varmepumpe32a_active_power,1197.2081130044444,2025-12-06T16:00:00.000Z
sensor.11_varmepumpe32a_active_power,1800.9956561089448,2025-12-06T17:00:00.000Z
sensor.11_varmepumpe32a_active_power,1479.7873796436113,2025-12-06T18:00:00.000Z
sensor.11_varmepumpe32a_active_power,952.5848824211112,2025-12-06T19:00:00.000Z
sensor.11_varmepumpe32a_active_power,1344.303012253611,2025-12-06T20:00:00.000Z
sensor.11_varmepumpe32a_active_power,1655.2109010025,2025-12-06T21:00:00.000Z
sensor.11_varmepumpe32a_active_power,1571.0845686241666,2025-12-06T22:00:00.000Z
sensor.11_varmepumpe32a_active_power,416.70009847305556,2025-12-06T23:00:00.000Z
sensor.11_varmepumpe32a_active_power,954.7612943363888,2025-12-07T00:00:00.000Z
sensor.11_varmepumpe32a_active_power,1176.0313426975001,2025-12-07T01:00:00.000Z
sensor.11_varmepumpe32a_active_power,690.6269720788888,2025-12-07T02:00:00.000Z
sensor.11_varmepumpe32a_active_power,2146.4461969780555,2025-12-07T03:00:00.000Z
sensor.11_varmepumpe32a_active_power,1916.4868557936113,2025-12-07T04:00:00.000Z
sensor.11_varmepumpe32a_active_power,1138.7470326060493,2025-12-07T05:00:00.000Z
sensor.11_varmepumpe32a_active_power,1620.6011840591666,2025-12-07T06:00:00.000Z
sensor.11_varmepumpe32a_active_power,1430.9674366372221,2025-12-07T07:00:00.000Z
sensor.11_varmepumpe32a_active_power,1400.5070085530554,2025-12-07T08:00:00.000Z
sensor.11_varmepumpe32a_active_power,1347.591698503889,2025-12-07T09:00:00.000Z
sensor.11_varmepumpe32a_active_power,1596.4190304436113,2025-12-07T10:00:00.000Z
sensor.11_varmepumpe32a_active_power,774.9883997313888,2025-12-07T11:00:00.000Z
sensor.11_varmepumpe32a_active_power,1022.0061202080556,2025-12-07T12:00:00.000Z
sensor.11_varmepumpe32a_active_power,1508.7422853058333,2025-12-07T13:00:00.000Z
sensor.11_varmepumpe32a_active_power,1274.5922938325,2025-12-07T14:00:00.000Z
sensor.11_varmepumpe32a_active_power,1238.0636040708334,2025-12-07T15:00:00.000Z
sensor.11_varmepumpe32a_active_power,1124.3760886633333,2025-12-07T16:00:00.000Z
sensor.11_varmepumpe32a_active_power,863.6479529105503,2025-12-07T17:00:00.000Z
sensor.11_varmepumpe32a_active_power,1882.1589102300002,2025-12-07T18:00:00.000Z
sensor.11_varmepumpe32a_active_power,896.1387649736112,2025-12-07T19:00:00.000Z
sensor.11_varmepumpe32a_active_power,871.2322840838889,2025-12-07T20:00:00.000Z
sensor.11_varmepumpe32a_active_power,1682.6643798919442,2025-12-07T21:00:00.000Z
sensor.11_varmepumpe32a_active_power,1362.4019444736111,2025-12-07T22:00:00.000Z
sensor.11_varmepumpe32a_active_power,1308.9439777072223,2025-12-07T23:00:00.000Z
sensor.11_varmepumpe32a_active_power,3267.2548660194443,2025-12-08T00:00:00.000Z
sensor.11_varmepumpe32a_active_power,1347.9403300669444,2025-12-08T01:00:00.000Z
sensor.11_varmepumpe32a_active_power,1886.6134039441667,2025-12-08T02:00:00.000Z
sensor.11_varmepumpe32a_active_power,1432.1434513480556,2025-12-08T03:00:00.000Z
sensor.11_varmepumpe32a_active_power,1374.8132641594445,2025-12-08T04:00:00.000Z
sensor.11_varmepumpe32a_active_power,1028.5167142177777,2025-12-08T05:00:00.000Z
sensor.11_varmepumpe32a_active_power,1349.9752763494446,2025-12-08T06:00:00.000Z
sensor.11_varmepumpe32a_active_power,1091.9449306047222,2025-12-08T07:00:00.000Z
sensor.11_varmepumpe32a_active_power,1093.7760869894444,2025-12-08T08:00:00.000Z
sensor.11_varmepumpe32a_active_power,1344.565533893611,2025-12-08T09:00:00.000Z
sensor.11_varmepumpe32a_active_power,914.3205133388889,2025-12-08T10:00:00.000Z
sensor.11_varmepumpe32a_active_power,980.0726775500001,2025-12-08T11:00:00.000Z
sensor.11_varmepumpe32a_active_power,70.93896603888889,2025-12-08T12:00:00.000Z
sensor.11_varmepumpe32a_active_power,64.11267987138889,2025-12-08T13:00:00.000Z
sensor.11_varmepumpe32a_active_power,64.33720210027778,2025-12-08T14:00:00.000Z
sensor.11_varmepumpe32a_active_power,63.00056491305555,2025-12-08T15:00:00.000Z
sensor.11_varmepumpe32a_active_power,61.77627904111112,2025-12-08T16:00:00.000Z
sensor.11_varmepumpe32a_active_power,81.39061982703703,2025-12-08T17:00:00.000Z
sensor.11_varmepumpe32a_active_power,76.2393038906048,2025-12-08T19:00:00.000Z
sensor.11_varmepumpe32a_active_power,2005.3671600877778,2025-12-08T20:00:00.000Z
sensor.11_varmepumpe32a_active_power,2842.454152483333,2025-12-08T21:00:00.000Z
sensor.11_varmepumpe32a_active_power,2097.2204486505557,2025-12-08T22:00:00.000Z
sensor.11_varmepumpe32a_active_power,1418.5866553161213,2025-12-08T23:00:00.000Z
sensor.11_varmepumpe32a_active_power,1197.9188139033333,2025-12-09T00:00:00.000Z
sensor.11_varmepumpe32a_active_power,1197.0693888666667,2025-12-09T01:00:00.000Z
sensor.11_varmepumpe32a_active_power,1802.7822182677776,2025-12-09T02:00:00.000Z
sensor.11_varmepumpe32a_active_power,1580.284766903889,2025-12-09T03:00:00.000Z
sensor.11_varmepumpe32a_active_power,1559.5833337994445,2025-12-09T04:00:00.000Z
sensor.11_varmepumpe32a_active_power,1817.6984568197222,2025-12-09T05:00:00.000Z
sensor.11_varmepumpe32a_active_power,1441.7431860177776,2025-12-09T06:00:00.000Z
sensor.11_varmepumpe32a_active_power,1836.6738263469445,2025-12-09T07:00:00.000Z
sensor.11_varmepumpe32a_active_power,1816.2919873002777,2025-12-09T08:00:00.000Z
sensor.11_varmepumpe32a_active_power,1618.3559784602776,2025-12-09T09:00:00.000Z
sensor.11_varmepumpe32a_active_power,1465.8286068433333,2025-12-09T10:00:00.000Z
sensor.11_varmepumpe32a_active_power,2260.2665035038885,2025-12-09T11:00:00.000Z
sensor.11_varmepumpe32a_active_power,1901.8163088279532,2025-12-09T12:00:00.000Z
sensor.11_varmepumpe32a_active_power,812.0944463319444,2025-12-09T13:00:00.000Z
sensor.11_varmepumpe32a_active_power,1161.9835226252778,2025-12-09T14:00:00.000Z
sensor.11_varmepumpe32a_active_power,874.2672541461111,2025-12-09T15:00:00.000Z
sensor.11_varmepumpe32a_active_power,567.0968661772222,2025-12-09T16:00:00.000Z
sensor.11_varmepumpe32a_active_power,1126.2353455777777,2025-12-09T17:00:00.000Z
sensor.11_varmepumpe32a_active_power,943.081852471389,2025-12-09T18:00:00.000Z
sensor.11_varmepumpe32a_active_power,878.6369111161112,2025-12-09T19:00:00.000Z
sensor.11_varmepumpe32a_active_power,933.7126795166665,2025-12-09T20:00:00.000Z
sensor.11_varmepumpe32a_active_power,926.8257399716667,2025-12-09T21:00:00.000Z
sensor.11_varmepumpe32a_active_power,1203.2525146119444,2025-12-09T22:00:00.000Z
sensor.11_varmepumpe32a_active_power,1232.0237326791666,2025-12-09T23:00:00.000Z
sensor.11_varmepumpe32a_active_power,3098.9477117091665,2025-12-10T00:00:00.000Z
sensor.11_varmepumpe32a_active_power,2950.6886141188893,2025-12-10T01:00:00.000Z
sensor.11_varmepumpe32a_active_power,2698.990518909722,2025-12-10T02:00:00.000Z
sensor.11_varmepumpe32a_active_power,2345.896359129722,2025-12-10T03:00:00.000Z
sensor.11_varmepumpe32a_active_power,2263.1552543269445,2025-12-10T04:00:00.000Z
sensor.11_varmepumpe32a_active_power,2083.630503262222,2025-12-10T05:00:00.000Z
sensor.11_varmepumpe32a_active_power,2130.4321240530553,2025-12-10T06:00:00.000Z
sensor.11_varmepumpe32a_active_power,1915.7504746155555,2025-12-10T07:00:00.000Z
sensor.11_varmepumpe32a_active_power,2004.3031632825002,2025-12-10T08:00:00.000Z
sensor.11_varmepumpe32a_active_power,1899.434834451111,2025-12-10T09:00:00.000Z
sensor.11_varmepumpe32a_active_power,1410.3442907890349,2025-12-10T10:00:00.000Z
sensor.11_varmepumpe32a_active_power,2042.6562458938888,2025-12-10T11:00:00.000Z
sensor.11_varmepumpe32a_active_power,1282.640527291389,2025-12-10T12:00:00.000Z
sensor.11_varmepumpe32a_active_power,1459.5739177452779,2025-12-10T13:00:00.000Z
sensor.11_varmepumpe32a_active_power,890.8123889169445,2025-12-10T14:00:00.000Z
sensor.11_varmepumpe32a_active_power,1243.6899885244445,2025-12-10T15:00:00.000Z
sensor.11_varmepumpe32a_active_power,871.2673126736112,2025-12-10T16:00:00.000Z
sensor.11_varmepumpe32a_active_power,1224.9963185972222,2025-12-10T17:00:00.000Z
sensor.11_varmepumpe32a_active_power,938.1554640980554,2025-12-10T18:00:00.000Z
sensor.11_varmepumpe32a_active_power,832.885758865,2025-12-10T19:00:00.000Z
sensor.11_varmepumpe32a_active_power,1251.8081969347222,2025-12-10T20:00:00.000Z
sensor.11_varmepumpe32a_active_power,818.4047441858334,2025-12-10T21:00:00.000Z
sensor.11_varmepumpe32a_active_power,929.7138768944445,2025-12-10T22:00:00.000Z
sensor.11_varmepumpe32a_active_power,590.9898794327778,2025-12-10T23:00:00.000Z
sensor.11_varmepumpe32a_active_power,932.052609441389,2025-12-11T00:00:00.000Z
sensor.11_varmepumpe32a_active_power,2655.7895618294447,2025-12-11T01:00:00.000Z
sensor.11_varmepumpe32a_active_power,1432.6856422111111,2025-12-11T02:00:00.000Z
sensor.11_varmepumpe32a_active_power,831.7087143522222,2025-12-11T03:00:00.000Z
sensor.11_varmepumpe32a_active_power,1005.2266898772222,2025-12-11T04:00:00.000Z
sensor.11_varmepumpe32a_active_power,836.102928331111,2025-12-11T05:00:00.000Z
sensor.11_varmepumpe32a_active_power,973.3123734325,2025-12-11T06:00:00.000Z
sensor.11_varmepumpe32a_active_power,1010.781749573889,2025-12-11T07:00:00.000Z
sensor.11_varmepumpe32a_active_power,775.5528552922223,2025-12-11T08:00:00.000Z
sensor.11_varmepumpe32a_active_power,800.4431254116666,2025-12-11T09:00:00.000Z
sensor.11_varmepumpe32a_active_power,951.0837971847222,2025-12-11T10:00:00.000Z
sensor.11_varmepumpe32a_active_power,1478.5432797877777,2025-12-11T11:00:00.000Z
sensor.11_varmepumpe32a_active_power,1345.2409053288889,2025-12-11T12:00:00.000Z
sensor.11_varmepumpe32a_active_power,831.8363248169444,2025-12-11T13:00:00.000Z
sensor.11_varmepumpe32a_active_power,649.649636501389,2025-12-11T14:00:00.000Z
sensor.11_varmepumpe32a_active_power,919.6265177225,2025-12-11T15:00:00.000Z
sensor.11_varmepumpe32a_active_power,777.6911991783332,2025-12-11T16:00:00.000Z
sensor.11_varmepumpe32a_active_power,891.8147441722222,2025-12-11T17:00:00.000Z
sensor.11_varmepumpe32a_active_power,629.5989383394444,2025-12-11T18:00:00.000Z
sensor.11_varmepumpe32a_active_power,697.9323837363889,2025-12-11T19:00:00.000Z
sensor.11_varmepumpe32a_active_power,696.4935238719445,2025-12-11T20:00:00.000Z
sensor.11_varmepumpe32a_active_power,832.2812333686111,2025-12-11T21:00:00.000Z
sensor.11_varmepumpe32a_active_power,989.0445891138888,2025-12-11T22:00:00.000Z
sensor.11_varmepumpe32a_active_power,907.8238338350001,2025-12-11T23:00:00.000Z
sensor.11_varmepumpe32a_active_power,1452.507989152222,2025-12-12T00:00:00.000Z
sensor.11_varmepumpe32a_active_power,913.5136260908333,2025-12-12T01:00:00.000Z
sensor.11_varmepumpe32a_active_power,1284.3550622466666,2025-12-12T02:00:00.000Z
sensor.11_varmepumpe32a_active_power,2238.459037264722,2025-12-12T03:00:00.000Z
sensor.11_varmepumpe32a_active_power,2713.2539341516667,2025-12-12T04:00:00.000Z
sensor.11_varmepumpe32a_active_power,1740.5416811447221,2025-12-12T05:00:00.000Z
sensor.11_varmepumpe32a_active_power,1540.4997817602778,2025-12-12T06:00:00.000Z
sensor.11_varmepumpe32a_active_power,1809.3044072286111,2025-12-12T07:00:00.000Z
sensor.11_varmepumpe32a_active_power,1322.6039271,2025-12-12T08:00:00.000Z
sensor.11_varmepumpe32a_active_power,1461.4500675930556,2025-12-12T09:00:00.000Z
sensor.11_varmepumpe32a_active_power,1052.293513386111,2025-12-12T10:00:00.000Z
sensor.11_varmepumpe32a_active_power,1696.8115136233334,2025-12-12T11:00:00.000Z
sensor.11_varmepumpe32a_active_power,1898.4543908413889,2025-12-12T12:00:00.000Z
sensor.11_varmepumpe32a_active_power,1034.9079408255554,2025-12-12T13:00:00.000Z
sensor.11_varmepumpe32a_active_power,1030.81365237,2025-12-12T14:00:00.000Z
sensor.11_varmepumpe32a_active_power,678.3679473786111,2025-12-12T15:00:00.000Z
sensor.11_varmepumpe32a_active_power,922.8487369169444,2025-12-12T16:00:00.000Z
sensor.11_varmepumpe32a_active_power,1099.327843316389,2025-12-12T17:00:00.000Z
sensor.11_varmepumpe32a_active_power,998.0796237808332,2025-12-12T18:00:00.000Z
sensor.11_varmepumpe32a_active_power,872.5688308805555,2025-12-12T19:00:00.000Z
sensor.11_varmepumpe32a_active_power,962.1040722000001,2025-12-12T20:00:00.000Z
sensor.11_varmepumpe32a_active_power,934.8213267252777,2025-12-12T21:00:00.000Z
sensor.11_varmepumpe32a_active_power,891.3858639597221,2025-12-12T22:00:00.000Z
sensor.11_varmepumpe32a_active_power,609.2482796158333,2025-12-12T23:00:00.000Z
sensor.11_varmepumpe32a_active_power,726.1750578725,2025-12-13T00:00:00.000Z
sensor.11_varmepumpe32a_active_power,621.0146453430556,2025-12-13T01:00:00.000Z
sensor.11_varmepumpe32a_active_power,942.6012705511112,2025-12-13T02:00:00.000Z
sensor.11_varmepumpe32a_active_power,1651.5161744158333,2025-12-13T03:00:00.000Z
sensor.11_varmepumpe32a_active_power,1720.8405027130557,2025-12-13T04:00:00.000Z
sensor.11_varmepumpe32a_active_power,938.6110825725,2025-12-13T05:00:00.000Z
sensor.11_varmepumpe32a_active_power,812.8340245569444,2025-12-13T06:00:00.000Z
sensor.11_varmepumpe32a_active_power,1170.6600654194444,2025-12-13T07:00:00.000Z
sensor.11_varmepumpe32a_active_power,969.885115983889,2025-12-13T08:00:00.000Z
sensor.11_varmepumpe32a_active_power,959.4314501213889,2025-12-13T09:00:00.000Z
sensor.11_varmepumpe32a_active_power,1121.3655683094444,2025-12-13T10:00:00.000Z
sensor.11_varmepumpe32a_active_power,1415.7407842575,2025-12-13T11:00:00.000Z
sensor.11_varmepumpe32a_active_power,1485.1140042894447,2025-12-13T12:00:00.000Z
sensor.11_varmepumpe32a_active_power,758.0923536002778,2025-12-13T13:00:00.000Z
sensor.11_varmepumpe32a_active_power,1101.5302610544445,2025-12-13T14:00:00.000Z
sensor.11_varmepumpe32a_active_power,889.7714094280554,2025-12-13T15:00:00.000Z
sensor.11_varmepumpe32a_active_power,904.8018299002778,2025-12-13T16:00:00.000Z
sensor.11_varmepumpe32a_active_power,1095.30291911,2025-12-13T17:00:00.000Z
sensor.11_varmepumpe32a_active_power,751.5437563591667,2025-12-13T18:00:00.000Z
sensor.11_varmepumpe32a_active_power,879.2664914430557,2025-12-13T19:00:00.000Z
sensor.11_varmepumpe32a_active_power,774.580321736389,2025-12-13T20:00:00.000Z
sensor.11_varmepumpe32a_active_power,1296.9181007013888,2025-12-13T21:00:00.000Z
sensor.11_varmepumpe32a_active_power,2828.017702365833,2025-12-13T22:00:00.000Z
sensor.11_varmepumpe32a_active_power,1178.5144062122222,2025-12-13T23:00:00.000Z
sensor.11_varmepumpe32a_active_power,615.9701168316667,2025-12-14T00:00:00.000Z
sensor.11_varmepumpe32a_active_power,782.2540038855556,2025-12-14T01:00:00.000Z
sensor.11_varmepumpe32a_active_power,1062.9318952933334,2025-12-14T02:00:00.000Z
sensor.11_varmepumpe32a_active_power,1891.1298728338888,2025-12-14T03:00:00.000Z
sensor.11_varmepumpe32a_active_power,926.8154717205556,2025-12-14T04:00:00.000Z
sensor.11_varmepumpe32a_active_power,1109.930203253889,2025-12-14T05:00:00.000Z
sensor.11_varmepumpe32a_active_power,535.4879315224999,2025-12-14T06:00:00.000Z
sensor.11_varmepumpe32a_active_power,1046.099525776111,2025-12-14T07:00:00.000Z
sensor.11_varmepumpe32a_active_power,959.2941756936111,2025-12-14T08:00:00.000Z
sensor.11_varmepumpe32a_active_power,861.5684547627778,2025-12-14T09:00:00.000Z
sensor.11_varmepumpe32a_active_power,777.4693781066667,2025-12-14T10:00:00.000Z
sensor.11_varmepumpe32a_active_power,569.8103820666666,2025-12-14T11:00:00.000Z
sensor.11_varmepumpe32a_active_power,544.501994015,2025-12-14T12:00:00.000Z
sensor.11_varmepumpe32a_active_power,623.5503402808333,2025-12-14T13:00:00.000Z
sensor.11_varmepumpe32a_active_power,660.4780268822223,2025-12-14T14:00:00.000Z
sensor.11_varmepumpe32a_active_power,627.5920573797222,2025-12-14T15:00:00.000Z
sensor.11_varmepumpe32a_active_power,903.7748182188889,2025-12-14T16:00:00.000Z
sensor.11_varmepumpe32a_active_power,317.3225879866667,2025-12-14T17:00:00.000Z
sensor.11_varmepumpe32a_active_power,551.3331705975,2025-12-14T18:00:00.000Z
sensor.11_varmepumpe32a_active_power,595.2585344152777,2025-12-14T19:00:00.000Z
sensor.11_varmepumpe32a_active_power,2155.036468281389,2025-12-14T20:00:00.000Z
sensor.11_varmepumpe32a_active_power,862.9883630583332,2025-12-14T21:00:00.000Z
sensor.11_varmepumpe32a_active_power,750.7351999372222,2025-12-14T22:00:00.000Z
sensor.11_varmepumpe32a_active_power,594.5453762111111,2025-12-14T23:00:00.000Z
sensor.11_varmepumpe32a_active_power,527.0560841502778,2025-12-15T00:00:00.000Z
sensor.11_varmepumpe32a_active_power,570.5840190552777,2025-12-15T01:00:00.000Z
sensor.11_varmepumpe32a_active_power,536.2110461683334,2025-12-15T02:00:00.000Z
sensor.11_varmepumpe32a_active_power,1674.2237699555556,2025-12-15T03:00:00.000Z
sensor.11_varmepumpe32a_active_power,1335.3175558455557,2025-12-15T04:00:00.000Z
sensor.11_varmepumpe32a_active_power,636.870320935,2025-12-15T05:00:00.000Z
sensor.11_varmepumpe32a_active_power,683.5776581650001,2025-12-15T06:00:00.000Z
sensor.11_varmepumpe32a_active_power,666.3826364183334,2025-12-15T07:00:00.000Z
sensor.11_varmepumpe32a_active_power,828.9384835133334,2025-12-15T08:00:00.000Z
sensor.11_varmepumpe32a_active_power,763.9432031319444,2025-12-15T09:00:00.000Z
sensor.11_varmepumpe32a_active_power,537.3758286080555,2025-12-15T10:00:00.000Z
sensor.11_varmepumpe32a_active_power,1725.248635891111,2025-12-15T11:00:00.000Z
sensor.11_varmepumpe32a_active_power,457.33149373277774,2025-12-15T12:00:00.000Z
sensor.11_varmepumpe32a_active_power,656.349955998889,2025-12-15T13:00:00.000Z
sensor.11_varmepumpe32a_active_power,640.1313441738889,2025-12-15T14:00:00.000Z
sensor.11_varmepumpe32a_active_power,548.7326598369444,2025-12-15T15:00:00.000Z
sensor.11_varmepumpe32a_active_power,615.8989264552778,2025-12-15T16:00:00.000Z
sensor.11_varmepumpe32a_active_power,292.9755403825,2025-12-15T17:00:00.000Z
sensor.11_varmepumpe32a_active_power,1047.8851466916667,2025-12-15T18:00:00.000Z
sensor.11_varmepumpe32a_active_power,519.019531975,2025-12-15T19:00:00.000Z
sensor.11_varmepumpe32a_active_power,279.82056373,2025-12-15T20:00:00.000Z
sensor.11_varmepumpe32a_active_power,964.0219109175,2025-12-15T21:00:00.000Z
sensor.11_varmepumpe32a_active_power,822.7463219775,2025-12-15T22:00:00.000Z
sensor.11_varmepumpe32a_active_power,651.8241211772222,2025-12-15T23:00:00.000Z
sensor.11_varmepumpe32a_active_power,802.5287029883334,2025-12-16T00:00:00.000Z
sensor.11_varmepumpe32a_active_power,771.3754873803031,2025-12-16T01:00:00.000Z
sensor.11_varmepumpe32a_active_power,546.4893042627778,2025-12-16T02:00:00.000Z
sensor.11_varmepumpe32a_active_power,1797.8144590733334,2025-12-16T03:00:00.000Z
sensor.11_varmepumpe32a_active_power,1418.357663096814,2025-12-16T04:00:00.000Z
sensor.11_varmepumpe32a_active_power,829.6168284583333,2025-12-16T05:00:00.000Z
sensor.11_varmepumpe32a_active_power,570.5604633772222,2025-12-16T06:00:00.000Z
sensor.11_varmepumpe32a_active_power,623.4025980944444,2025-12-16T07:00:00.000Z
sensor.11_varmepumpe32a_active_power,849.8646948347222,2025-12-16T08:00:00.000Z
sensor.11_varmepumpe32a_active_power,802.6147740655556,2025-12-16T09:00:00.000Z
sensor.11_varmepumpe32a_active_power,624.2277561583334,2025-12-16T10:00:00.000Z
sensor.11_varmepumpe32a_active_power,821.9176135847223,2025-12-16T11:00:00.000Z
sensor.11_varmepumpe32a_active_power,1048.9467993527778,2025-12-16T12:00:00.000Z
sensor.11_varmepumpe32a_active_power,1113.300566281389,2025-12-16T13:00:00.000Z
sensor.11_varmepumpe32a_active_power,1287.2999542155555,2025-12-16T14:00:00.000Z
sensor.11_varmepumpe32a_active_power,953.6372395694444,2025-12-16T15:00:00.000Z
sensor.11_varmepumpe32a_active_power,976.0271190633333,2025-12-16T16:00:00.000Z
sensor.11_varmepumpe32a_active_power,1002.0405909350001,2025-12-16T17:00:00.000Z
sensor.11_varmepumpe32a_active_power,704.1512695527778,2025-12-16T18:00:00.000Z
sensor.11_varmepumpe32a_active_power,719.43228268,2025-12-16T19:00:00.000Z
sensor.11_varmepumpe32a_active_power,1015.1219093144445,2025-12-16T20:00:00.000Z
sensor.11_varmepumpe32a_active_power,594.6434608813889,2025-12-16T21:00:00.000Z
sensor.11_varmepumpe32a_active_power,980.0521280572221,2025-12-16T22:00:00.000Z
sensor.11_varmepumpe32a_active_power,942.6518888452779,2025-12-16T23:00:00.000Z
sensor.11_varmepumpe32a_active_power,611.6725129947223,2025-12-17T00:00:00.000Z
sensor.11_varmepumpe32a_active_power,934.1467987733278,2025-12-17T01:00:00.000Z
sensor.11_varmepumpe32a_active_power,944.0504217166666,2025-12-17T02:00:00.000Z
sensor.11_varmepumpe32a_active_power,1923.7877842977778,2025-12-17T03:00:00.000Z
sensor.11_varmepumpe32a_active_power,1182.854415528611,2025-12-17T04:00:00.000Z
sensor.11_varmepumpe32a_active_power,1215.535823981111,2025-12-17T05:00:00.000Z
sensor.11_varmepumpe32a_active_power,1092.0187112026665,2025-12-17T06:00:00.000Z
sensor.11_varmepumpe32a_active_power,145.1494728907369,2025-12-19T20:00:00.000Z
sensor.11_varmepumpe32a_active_power,594.3216135230556,2025-12-19T21:00:00.000Z
sensor.11_varmepumpe32a_active_power,1130.4055125838888,2025-12-19T22:00:00.000Z
sensor.11_varmepumpe32a_active_power,1677.2019462425,2025-12-19T23:00:00.000Z
sensor.11_varmepumpe32a_active_power,687.1807873175,2025-12-20T00:00:00.000Z
sensor.11_varmepumpe32a_active_power,773.0582779183334,2025-12-20T01:00:00.000Z
sensor.11_varmepumpe32a_active_power,894.6467940613888,2025-12-20T02:00:00.000Z
sensor.11_varmepumpe32a_active_power,844.3319080280556,2025-12-20T03:00:00.000Z
sensor.11_varmepumpe32a_active_power,1005.8976015322222,2025-12-20T04:00:00.000Z
sensor.11_varmepumpe32a_active_power,895.2365852047222,2025-12-20T05:00:00.000Z
sensor.11_varmepumpe32a_active_power,911.6588522163889,2025-12-20T06:00:00.000Z
sensor.11_varmepumpe32a_active_power,668.1752140377778,2025-12-20T07:00:00.000Z
sensor.11_varmepumpe32a_active_power,1053.3706015972223,2025-12-20T08:00:00.000Z
sensor.11_varmepumpe32a_active_power,1501.7290716688888,2025-12-20T09:00:00.000Z
sensor.11_varmepumpe32a_active_power,2364.180145517222,2025-12-20T10:00:00.000Z
sensor.11_varmepumpe32a_active_power,1089.256613973889,2025-12-20T11:00:00.000Z
sensor.11_varmepumpe32a_active_power,873.2303024172223,2025-12-20T12:00:00.000Z
sensor.11_varmepumpe32a_active_power,805.9413622869444,2025-12-20T13:00:00.000Z
sensor.11_varmepumpe32a_active_power,736.2467890194445,2025-12-20T14:00:00.000Z
sensor.11_varmepumpe32a_active_power,953.4849583702777,2025-12-20T15:00:00.000Z
sensor.11_varmepumpe32a_active_power,1028.7318285147223,2025-12-20T16:00:00.000Z
sensor.11_varmepumpe32a_active_power,1432.057760879722,2025-12-20T17:00:00.000Z
sensor.11_varmepumpe32a_active_power,1693.7855042547224,2025-12-20T18:00:00.000Z
sensor.11_varmepumpe32a_active_power,3083.386174877778,2025-12-20T19:00:00.000Z
sensor.11_varmepumpe32a_active_power,1970.3503972316666,2025-12-20T20:00:00.000Z
sensor.11_varmepumpe32a_active_power,1670.3388555691665,2025-12-20T21:00:00.000Z
sensor.11_varmepumpe32a_active_power,1505.2748077680556,2025-12-20T22:00:00.000Z
sensor.11_varmepumpe32a_active_power,1637.1629477072222,2025-12-20T23:00:00.000Z
sensor.11_varmepumpe32a_active_power,1580.861600106389,2025-12-21T00:00:00.000Z
sensor.11_varmepumpe32a_active_power,1814.2620496236111,2025-12-21T01:00:00.000Z
sensor.11_varmepumpe32a_active_power,2063.0833490102777,2025-12-21T02:00:00.000Z
sensor.11_varmepumpe32a_active_power,2601.432339794445,2025-12-21T03:00:00.000Z
sensor.11_varmepumpe32a_active_power,2473.4642078033335,2025-12-21T04:00:00.000Z
sensor.11_varmepumpe32a_active_power,2475.445218016667,2025-12-21T05:00:00.000Z
sensor.11_varmepumpe32a_active_power,2306.945997663333,2025-12-21T06:00:00.000Z
sensor.11_varmepumpe32a_active_power,2272.4327076783334,2025-12-21T07:00:00.000Z
sensor.11_varmepumpe32a_active_power,2056.2310637597225,2025-12-21T08:00:00.000Z
sensor.11_varmepumpe32a_active_power,2060.783550565278,2025-12-21T09:00:00.000Z
sensor.11_varmepumpe32a_active_power,2444.6927494005554,2025-12-21T10:00:00.000Z
sensor.11_varmepumpe32a_active_power,2815.1922390908335,2025-12-21T11:00:00.000Z
sensor.11_varmepumpe32a_active_power,1758.905271639722,2025-12-21T12:00:00.000Z
sensor.11_varmepumpe32a_active_power,1892.7694449688888,2025-12-21T13:00:00.000Z
sensor.11_varmepumpe32a_active_power,1485.1993142080555,2025-12-21T14:00:00.000Z
sensor.11_varmepumpe32a_active_power,1461.239925811389,2025-12-21T15:00:00.000Z
sensor.11_varmepumpe32a_active_power,1709.3378824044446,2025-12-21T16:00:00.000Z
sensor.11_varmepumpe32a_active_power,1296.0836473130555,2025-12-21T17:00:00.000Z
sensor.11_varmepumpe32a_active_power,1164.644475281111,2025-12-21T18:00:00.000Z
sensor.11_varmepumpe32a_active_power,1170.052509446389,2025-12-21T19:00:00.000Z
sensor.11_varmepumpe32a_active_power,2459.729739183333,2025-12-21T20:00:00.000Z
sensor.11_varmepumpe32a_active_power,2469.1821640266667,2025-12-21T21:00:00.000Z
sensor.11_varmepumpe32a_active_power,2039.4772997594446,2025-12-21T22:00:00.000Z
sensor.11_varmepumpe32a_active_power,1874.6604984883334,2025-12-21T23:00:00.000Z
sensor.11_varmepumpe32a_active_power,2066.597354689167,2025-12-22T00:00:00.000Z
sensor.11_varmepumpe32a_active_power,2227.2367966258334,2025-12-22T01:00:00.000Z
sensor.11_varmepumpe32a_active_power,2596.0461545219446,2025-12-22T02:00:00.000Z
sensor.11_varmepumpe32a_active_power,2390.8206742047223,2025-12-22T03:00:00.000Z
sensor.11_varmepumpe32a_active_power,3828.2501479999996,2025-12-22T04:00:00.000Z
sensor.11_varmepumpe32a_active_power,2906.6857523436115,2025-12-22T05:00:00.000Z
sensor.11_varmepumpe32a_active_power,2494.723936644444,2025-12-22T06:00:00.000Z
sensor.11_varmepumpe32a_active_power,2796.695756119722,2025-12-22T07:00:00.000Z
sensor.11_varmepumpe32a_active_power,2907.2087005988888,2025-12-22T08:00:00.000Z
sensor.11_varmepumpe32a_active_power,2329.3999006205554,2025-12-22T09:00:00.000Z
sensor.11_varmepumpe32a_active_power,2560.1491693733333,2025-12-22T10:00:00.000Z
sensor.11_varmepumpe32a_active_power,2256.3376138772223,2025-12-22T11:00:00.000Z
sensor.11_varmepumpe32a_active_power,2807.841662538889,2025-12-22T12:00:00.000Z
sensor.11_varmepumpe32a_active_power,1897.1725062627777,2025-12-22T13:00:00.000Z
sensor.11_varmepumpe32a_active_power,2300.9526612561112,2025-12-22T14:00:00.000Z
sensor.11_varmepumpe32a_active_power,2493.428419137222,2025-12-22T15:00:00.000Z
sensor.11_varmepumpe32a_active_power,2932.460769660556,2025-12-22T16:00:00.000Z
sensor.11_varmepumpe32a_active_power,2610.1124884294445,2025-12-22T17:00:00.000Z
sensor.11_varmepumpe32a_active_power,2360.399901041111,2025-12-22T18:00:00.000Z
sensor.11_varmepumpe32a_active_power,2597.48009792,2025-12-22T19:00:00.000Z
sensor.11_varmepumpe32a_active_power,2634.538076584167,2025-12-22T20:00:00.000Z
sensor.11_varmepumpe32a_active_power,2129.625678606111,2025-12-22T21:00:00.000Z
sensor.11_varmepumpe32a_active_power,2359.674999787778,2025-12-22T22:00:00.000Z
sensor.11_varmepumpe32a_active_power,2346.624752951389,2025-12-22T23:00:00.000Z
sensor.11_varmepumpe32a_active_power,1989.1462831477777,2025-12-23T00:00:00.000Z
sensor.11_varmepumpe32a_active_power,2369.8865687016664,2025-12-23T01:00:00.000Z
sensor.11_varmepumpe32a_active_power,1770.9420511713888,2025-12-23T02:00:00.000Z
sensor.11_varmepumpe32a_active_power,1958.2977935455556,2025-12-23T03:00:00.000Z
sensor.11_varmepumpe32a_active_power,2188.052565216111,2025-12-23T04:00:00.000Z
sensor.11_varmepumpe32a_active_power,1893.3932432141667,2025-12-23T05:00:00.000Z
sensor.11_varmepumpe32a_active_power,1995.120563825,2025-12-23T06:00:00.000Z
sensor.11_varmepumpe32a_active_power,3256.2806414452775,2025-12-23T07:00:00.000Z
sensor.11_varmepumpe32a_active_power,2249.5653327425002,2025-12-23T08:00:00.000Z
sensor.11_varmepumpe32a_active_power,1998.452534207785,2025-12-23T09:00:00.000Z
sensor.11_varmepumpe32a_active_power,1918.1078164833334,2025-12-23T10:00:00.000Z
sensor.11_varmepumpe32a_active_power,1860.5294961627778,2025-12-23T12:00:00.000Z
sensor.11_varmepumpe32a_active_power,1614.8928844419445,2025-12-23T13:00:00.000Z
sensor.11_varmepumpe32a_active_power,1929.1286983266666,2025-12-23T14:00:00.000Z
sensor.11_varmepumpe32a_active_power,1423.2281099258335,2025-12-23T15:00:00.000Z
sensor.11_varmepumpe32a_active_power,1878.8782001774998,2025-12-23T16:00:00.000Z
sensor.11_varmepumpe32a_active_power,2206.6463440908333,2025-12-23T17:00:00.000Z
sensor.11_varmepumpe32a_active_power,1502.9576736605557,2025-12-23T18:00:00.000Z
sensor.11_varmepumpe32a_active_power,3157.8247728080555,2025-12-23T19:00:00.000Z
sensor.11_varmepumpe32a_active_power,2115.1774551130557,2025-12-23T20:00:00.000Z
sensor.11_varmepumpe32a_active_power,1838.7429015019445,2025-12-23T21:00:00.000Z
sensor.11_varmepumpe32a_active_power,1917.9249631936364,2025-12-23T22:00:00.000Z
sensor.11_varmepumpe32a_active_power,2227.354909429918,2025-12-28T15:00:00.000Z
sensor.11_varmepumpe32a_active_power,3818.3904935251517,2025-12-28T16:00:00.000Z
sensor.11_varmepumpe32a_active_power,1164.3226925455554,2025-12-28T17:00:00.000Z
sensor.11_varmepumpe32a_active_power,2244.3385592502777,2025-12-28T18:00:00.000Z
sensor.11_varmepumpe32a_active_power,1355.3836955802778,2025-12-28T19:00:00.000Z
sensor.11_varmepumpe32a_active_power,2614.805513956667,2025-12-28T20:00:00.000Z
sensor.11_varmepumpe32a_active_power,818.7239396274999,2025-12-28T21:00:00.000Z
sensor.11_varmepumpe32a_active_power,1573.3368629605557,2025-12-28T22:00:00.000Z
sensor.11_varmepumpe32a_active_power,1716.8382847294445,2025-12-28T23:00:00.000Z
sensor.11_varmepumpe32a_active_power,566.1622610758333,2025-12-29T00:00:00.000Z
sensor.11_varmepumpe32a_active_power,2718.516877729722,2025-12-29T01:00:00.000Z
sensor.11_varmepumpe32a_active_power,546.7690550519445,2025-12-29T02:00:00.000Z
sensor.11_varmepumpe32a_active_power,2454.2095006861114,2025-12-29T03:00:00.000Z
sensor.11_varmepumpe32a_active_power,1573.4516339933334,2025-12-29T04:00:00.000Z
sensor.11_varmepumpe32a_active_power,640.9890162627778,2025-12-29T05:00:00.000Z
sensor.11_varmepumpe32a_active_power,1992.7338998413888,2025-12-29T06:00:00.000Z
sensor.11_varmepumpe32a_active_power,768.1642332483333,2025-12-29T07:00:00.000Z
sensor.11_varmepumpe32a_active_power,1132.53544365518,2025-12-29T08:00:00.000Z
sensor.11_varmepumpe32a_active_power,1698.9948779194444,2025-12-29T09:00:00.000Z
sensor.11_varmepumpe32a_active_power,595.5218701602778,2025-12-29T10:00:00.000Z
sensor.11_varmepumpe32a_active_power,1133.5130084569444,2025-12-29T11:00:00.000Z
sensor.11_varmepumpe32a_active_power,1250.5325115591668,2025-12-29T12:00:00.000Z
sensor.11_varmepumpe32a_active_power,1296.3761999955557,2025-12-29T13:00:00.000Z
sensor.11_varmepumpe32a_active_power,3608.476435070744,2025-12-29T14:00:00.000Z
sensor.11_varmepumpe32a_active_power,2776.589521765,2025-12-29T15:00:00.000Z
sensor.11_varmepumpe32a_active_power,2497.8536660169443,2025-12-29T16:00:00.000Z
sensor.11_varmepumpe32a_active_power,2138.45189457,2025-12-29T17:00:00.000Z
sensor.11_varmepumpe32a_active_power,2308.263117657316,2025-12-30T19:00:00.000Z
sensor.11_varmepumpe32a_active_power,3635.2700771958334,2025-12-30T20:00:00.000Z
sensor.11_varmepumpe32a_active_power,2709.48263456,2025-12-30T21:00:00.000Z
sensor.11_varmepumpe32a_active_power,1667.8868177594443,2025-12-30T22:00:00.000Z
sensor.11_varmepumpe32a_active_power,2491.2810821519447,2025-12-30T23:00:00.000Z
sensor.11_varmepumpe32a_active_power,3224.1224036591666,2025-12-31T00:00:00.000Z
sensor.11_varmepumpe32a_active_power,2777.6473969833332,2025-12-31T01:00:00.000Z
sensor.11_varmepumpe32a_active_power,2518.6265426131918,2025-12-31T02:00:00.000Z
sensor.11_varmepumpe32a_active_power,2575.8750185791664,2025-12-31T03:00:00.000Z
sensor.11_varmepumpe32a_active_power,3623.2664576219445,2025-12-31T04:00:00.000Z
sensor.11_varmepumpe32a_active_power,4238.856834450556,2025-12-31T05:00:00.000Z
sensor.11_varmepumpe32a_active_power,2977.441486790278,2025-12-31T06:00:00.000Z
sensor.11_varmepumpe32a_active_power,3412.6614618455556,2025-12-31T07:00:00.000Z
sensor.11_varmepumpe32a_active_power,2878.9213129397226,2025-12-31T08:00:00.000Z
sensor.11_varmepumpe32a_active_power,2541.0972007836112,2025-12-31T09:00:00.000Z
sensor.11_varmepumpe32a_active_power,2542,2025-12-31T10:00:00.000Z
sensor.11_varmepumpe32a_active_power,2683.6195298247226,2025-12-31T11:00:00.000Z
sensor.11_varmepumpe32a_active_power,3433.434470010278,2025-12-31T12:00:00.000Z
sensor.11_varmepumpe32a_active_power,2390.9633562580557,2025-12-31T13:00:00.000Z
sensor.11_varmepumpe32a_active_power,2309.4237657636113,2025-12-31T14:00:00.000Z
sensor.11_varmepumpe32a_active_power,2813.4498106005553,2025-12-31T15:00:00.000Z
sensor.11_varmepumpe32a_active_power,3045.401671185555,2025-12-31T16:00:00.000Z
sensor.11_varmepumpe32a_active_power,2975.2337074494444,2025-12-31T17:00:00.000Z
sensor.11_varmepumpe32a_active_power,3433.147660268611,2025-12-31T18:00:00.000Z
sensor.11_varmepumpe32a_active_power,2493.1914904802775,2025-12-31T19:00:00.000Z
sensor.11_varmepumpe32a_active_power,2469.054080221389,2025-12-31T20:00:00.000Z
sensor.11_varmepumpe32a_active_power,2106.61881459,2025-12-31T21:00:00.000Z
sensor.11_varmepumpe32a_active_power,2152.162416834167,2025-12-31T22:00:00.000Z
sensor.11_varmepumpe32a_active_power,1831.1445998458732,2025-12-31T23:00:00.000Z
sensor.11_varmepumpe32a_active_power,unavailable,2026-02-13T12:47:59.423Z
